# CTOC14 backward fixed-route fuel optimization
# optimized_spacecraft=1,2,3,4,5,6,7,8,9,10,11,12,13,14,15,16,17,18,19,20,21,22,23,24,25,26,27,28,29
1 1 0 0.0000000000000000e+00 -1.9500328647000000e+07 1.4581848347000000e+08 -7.6372048832000009e+03 -2.9389477846999998e+01 -4.3166912970000002e+00 -3.9417153392000008e+00 1.8096079164431342e+03 0.0000000000000000e+00 0.0000000000000000e+00 0.0000000000000000e+00 0
2 1 3 1.0008479152000001e+07 -1.1398611208996403e+08 -8.7213961217752039e+07 -1.6523817304393915e+07 1.8269315350462254e+01 -2.4357060498229725e+01 1.9760173753978221e+00 1.8096079164431342e+03 0.0000000000000000e+00 0.0000000000000000e+00 0.0000000000000000e+00 174
3 1 2 1.0008480152000001e+07 -1.1398609382064617e+08 -8.7213985574810639e+07 -1.6523815328376176e+07 1.8269320367101891e+01 -2.4357056659857641e+01 1.9760181026271046e+00 1.8096079164431342e+03 0.0000000000000000e+00 0.0000000000000000e+00 0.0000000000000000e+00 0
4 1 1 1.0017120152000001e+07 -1.1382805973481433e+08 -8.7424287163214460e+07 -1.6506715397742882e+07 1.8312633847600786e+01 -2.4323853317242087e+01 1.9822980778861683e+00 1.8096079164431342e+03 7.3015447166904140e-02 7.5828033061504235e-02 6.9197009064094081e-02 0
5 1 1 1.8648479151999999e+07 1.1448026204351012e+08 -9.1325501990438953e+07 1.2148913268022703e+07 1.9747463719453044e+01 2.3465378834789743e+01 2.4664636083676950e+00 1.7536489651583256e+03 2.8806282785352155e-01 1.7628384974518135e-01 -2.7723741213890196e-01 0
6 1 2 1.8648481152000003e+07 1.1448030153842799e+08 -9.1325455059673622e+07 1.2148918200948905e+07 1.9747454143489016e+01 2.3465386473917487e+01 2.4664625921439560e+00 1.7536489651583256e+03 0.0000000000000000e+00 0.0000000000000000e+00 0.0000000000000000e+00 0
7 1 1 1.8657121151999999e+07 1.1465074075356768e+08 -9.1122571670073867e+07 1.2170209462605951e+07 1.9706058840049984e+01 2.3498347925876907e+01 2.4620690466207673e+00 1.7536489651583256e+03 1.8921791936751622e-01 2.3344102862304231e-01 -3.0944416834649707e-01 0
8 1 1 2.7288479152000003e+07 9.2292133651707947e+07 1.3772040164330158e+08 8.2958548357572295e+06 -2.1190324871972653e+01 1.7545460912684277e+01 -2.5892273297781783e+00 1.6935096270454237e+03 1.8825343705139047e-01 -1.6445473156095312e-02 4.5072319738048483e-02 0
9 1 3 2.7288480151999999e+07 9.2292112461381778e+07 1.3772041918876046e+08 8.2958522465297850e+06 -2.1190327549965964e+01 1.7545456916521594e+01 -2.5892275704947156e+00 1.6935096270454237e+03 0.0000000000000000e+00 0.0000000000000000e+00 0.0000000000000000e+00 19
10 1 2 2.7288481151999999e+07 9.2292091307718709e+07 1.3772043671277121e+08 8.2958496609889343e+06 -2.1190330223527752e+01 1.7545452927886060e+01 -2.5892278107399438e+00 1.6935096270454324e+03 0.0000000000000000e+00 0.0000000000000000e+00 0.0000000000000000e+00 0
11 1 1 2.7297121151999999e+07 9.2108906978924751e+07 1.3787188023592293e+08 8.2734697573253782e+06 -2.1213440346790808e+01 1.7510914222575966e+01 -2.5913043668709621e+00 1.6935096270454324e+03 -1.5366912073961393e-03 -1.2683750101754979e-01 1.6926120191815514e-01 0
12 1 1 3.0744480151999995e+07 8.0931234574074326e+06 1.7256122602742118e+08 -8.1383662501204386e+05 -2.6111734461812123e+01 2.3666297909735352e+00 -2.4949832590622463e+00 1.6712248517553189e+03 -2.1113233420724385e-03 -1.2330830858574267e-01 2.7079459371874082e-01 0
13 1 2 3.0744482151999991e+07 8.0930712339381957e+06 1.7256123076067188e+08 -8.1384161497851030e+05 -2.6111734878471278e+01 2.3666209069563897e+00 -2.4949832171631434e+00 1.6712248517553189e+03 0.0000000000000000e+00 0.0000000000000000e+00 0.0000000000000000e+00 0
14 1 1 3.0753122151999995e+07 7.8674581414503632e+06 1.7258151257125357e+08 -8.3539748117646493e+05 -2.6113509598862901e+01 2.3282430060703554e+00 -2.4947998312681832e+00 1.6712248517553189e+03 3.1668367837803264e-03 -1.2125559145540829e-01 2.5829708660059270e-01 0
15 1 1 3.4200480151999995e+07 -7.8868106270734027e+07 1.5437464550724354e+08 -8.0985518928555511e+06 -2.2942496971405276e+01 -1.2599759672919761e+01 -1.6447345392211654e+00 1.6491670152691536e+03 -2.9768107667783742e-03 -1.4549886343985746e-01 1.6496797492901041e-01 0
16 1 3 3.4200481151999995e+07 -7.8868129213229954e+07 1.5437463290748194e+08 -8.0985535375899831e+06 -2.2942494968828626e+01 -1.2599763592717224e+01 -1.6447343335870890e+00 1.6491670152691536e+03 0.0000000000000000e+00 0.0000000000000000e+00 0.0000000000000000e+00 186
17 1 2 3.4200482151999995e+07 -7.8868152158455431e+07 1.5437462030693927e+08 -8.0985551825703448e+06 -2.2942492966444483e+01 -1.2599767512283270e+01 -1.6447341279762719e+00 1.6491670152691538e+03 0.0000000000000000e+00 0.0000000000000000e+00 0.0000000000000000e+00 0
18 1 1 3.4209122151999995e+07 -7.9066300486639395e+07 1.5426561203926554e+08 -8.1127580054247789e+06 -2.2925168044385757e+01 -1.2633624392329127e+01 -1.6429557969606055e+00 1.6491670152691538e+03 7.9213375645038178e-02 -1.0184057823820022e-02 2.1237260766950553e-02 0
19 1 1 4.2840481152000003e+07 -1.4225867967120796e+08 -5.2895068280628443e+07 -1.1173230213878276e+07 1.3531657128427105e+01 -2.7096260502138520e+01 1.1491160221408665e+00 1.6180627116095043e+03 1.1857284603748093e-01 -1.5250317610553976e-01 -1.1352260578871250e-01 0
20 1 2 4.2840483152000003e+07 -1.4225865260788304e+08 -5.2895122473145351e+07 -1.1173227915645393e+07 1.3531667841281648e+01 -2.7096256518848936e+01 1.1491168635460407e+00 1.6180627116095043e+03 0.0000000000000000e+00 0.0000000000000000e+00 0.0000000000000000e+00 0
21 1 1 4.2849123152000003e+07 -1.4214153908736050e+08 -5.3129159668002762e+07 -1.1163283845005156e+07 1.3577941393301010e+01 -2.7079005752192003e+01 1.1527511428672956e+00 1.6180627116095043e+03 2.4077068988640804e-01 -1.8247849456864759e-01 -1.3400912140725063e-01 0
22 1 1 5.1480481152000003e+07 9.4932894214237377e+07 -1.1518318785331714e+08 6.3005464954530932e+06 2.6328889246747949e+01 1.7289368006190884e+01 1.9496526336267126e+00 1.5839351873130738e+03 -1.0893994376451851e-02 2.0021766875165010e-02 1.6764732907137769e-02 0
23 1 3 5.1480482152000003e+07 9.4932920543124691e+07 -1.1518317056394687e+08 6.3005484451055974e+06 2.6328885468305121e+01 1.7289372590618658e+01 1.9496523828574159e+00 1.5839351873130738e+03 0.0000000000000000e+00 0.0000000000000000e+00 0.0000000000000000e+00 68
24 1 2 5.1480483152000003e+07 9.4932946800362289e+07 -1.1518315330187057e+08 6.3005503891135054e+06 2.6328881690242341e+01 1.7289377174219918e+01 1.9496521321367986e+00 1.5839351873122439e+03 0.0000000000000000e+00 0.0000000000000000e+00 0.0000000000000000e+00 0
25 1 1 5.1489123152000003e+07 9.5160287224333048e+07 -1.1503360207875539e+08 6.3173860171669545e+06 2.6296206718333654e+01 1.7328948953050883e+01 1.9474832453061393e+00 1.5839351873122439e+03 -2.9830571212828222e-03 8.4689457206476876e-03 -2.2528638139739779e-02 0
26 1 1 6.2712482152000003e+07 1.1775479750374973e+08 1.5161358109982735e+08 1.0618649567748707e+07 -1.7846412113740843e+01 1.6190711351501260e+01 -7.3735189824547709e-01 1.5563914739162535e+03 1.1587867557673878e-02 -1.1573370209949217e-01 1.7567740954714783e-01 0
27 1 2 6.2712484151999995e+07 1.1775476181092119e+08 1.5161361348124430e+08 1.0618648093044516e+07 -1.7846416511415153e+01 1.6190705689334312e+01 -7.3735229480992492e-01 1.5563914739162535e+03 0.0000000000000000e+00 0.0000000000000000e+00 0.0000000000000000e+00 0
28 1 1 6.2721124152000003e+07 1.1760048674356821e+08 1.5175339548480842e+08 1.0612269970451463e+07 -1.7865399722118021e+01 1.6166236808237507e+01 -7.3906473159525965e-01 1.5563914739162535e+03 -4.1212172776803179e-03 -7.9556634948606986e-02 1.8246324936925551e-01 0
29 1 1 7.3944482151999995e+07 -1.2366079886855906e+08 1.2040450530857317e+08 -1.1930167286089840e+06 -1.5302432310061855e+01 -2.2532985591365186e+01 -1.1981432325637058e+00 1.5236206606776691e+03 -2.5037196170342564e-02 -5.3293822043693727e-02 -1.3750022202442263e-02 0
30 1 3 7.3944483151999995e+07 -1.2366081417098975e+08 1.2040448277558607e+08 -1.1930179267521990e+06 -1.5302429118351238e+01 -2.2532988699029719e+01 -1.1981432017716855e+00 1.5236206606776691e+03 0.0000000000000000e+00 0.0000000000000000e+00 0.0000000000000000e+00 98
31 1 2 7.3944484151999995e+07 -1.2366082947974448e+08 1.2040446026891844e+08 -1.1930191246216218e+06 -1.5302425927004244e+01 -2.2532991802084837e+01 -1.1981431708341557e+00 1.5236206602534289e+03 0.0000000000000000e+00 0.0000000000000000e+00 0.0000000000000000e+00 0
32 1 1 7.3953124151999995e+07 -1.2379292323898530e+08 1.2020965926179457e+08 -1.2033699287113256e+06 -1.5274824964699517e+01 -2.2559829868227549e+01 -1.1978758777623724e+00 1.5236206602534289e+03 -9.3157775062412906e-02 3.2647790558772455e-02 4.0110020414197957e-02 0
33 1 1 8.1288483151999995e+07 -1.1278155706618935e+08 -8.4084478536763698e+07 -6.9518319685121235e+06 2.1471125576464686e+01 -2.4054700748197654e+01 -1.4153916267973471e-01 1.4819735262946670e+03 -1.4400623970496249e-01 3.0992369576054912e-01 -1.5213398412490944e-01 0
34 1 2 8.1288485151999995e+07 -1.1278151412392758e+08 -8.4084526646157131e+07 -6.9518322515897872e+06 2.1471136289832820e+01 -2.4054692760824313e+01 -1.4153850230978837e-01 1.4819735262946670e+03 0.0000000000000000e+00 0.0000000000000000e+00 0.0000000000000000e+00 0
35 1 1 8.1297125151999995e+07 -1.1259580364431810e+08 -8.4292209979374558e+07 -6.9530428173062317e+06 2.1517391956678782e+01 -2.4020135691379934e+01 -1.3868471326915544e-01 1.4819735262946670e+03 -2.6065968750599483e-01 1.9952557830829923e-01 -1.7656072062364683e-01 0
36 1 1 8.8632483151999995e+07 1.0133769654052193e+08 -9.3185915151985183e+07 -1.2583652099563233e+06 2.3076653954028853e+01 2.2575008971357825e+01 1.5389598912617239e+00 1.4390163108947024e+03 2.4762126112031418e-02 1.3866804262779850e-01 5.3147704951341544e-02 0
37 1 3 8.8632484151999995e+07 1.0133771961717327e+08 -9.3185892576973900e+07 -1.2583636709964031e+06 2.3076648800398374e+01 2.2575013710420151e+01 1.5389599552571060e+00 1.4390163108947024e+03 0.0000000000000000e+00 0.0000000000000000e+00 0.0000000000000000e+00 264
38 1 2 8.8632485151999995e+07 1.0133774263926639e+08 -9.3185869990864962e+07 -1.2583621334945981e+06 2.3076643648087980e+01 2.2575018457126276e+01 1.5389600197203250e+00 1.4390163108948038e+03 0.0000000000000000e+00 0.0000000000000000e+00 0.0000000000000000e+00 0
39 1 1 8.8641125151999980e+07 1.0153693237646516e+08 -9.2990645089156866e+07 -1.2450631389802424e+06 2.3032079598820619e+01 2.2615914543763790e+01 1.5395099296807482e+00 1.4390163108948038e+03 -2.1762713318443498e-03 1.1514803777966043e-02 -2.0632815802133442e-02 0
40 1 1 9.5976484151999995e+07 1.1213897027885373e+08 1.0910382914298166e+08 8.5632033364099488e+06 -1.7998951414424511e+01 2.1625465052848380e+01 9.1427613495166027e-01 1.4154443901830521e+03 3.2756511598906690e-02 -1.4282496791740243e-01 2.2909913541891824e-01 0
41 1 2 9.5976486151999995e+07 1.1213893428094323e+08 1.0910387239390415e+08 8.5632051649616230e+06 -1.7998959151280932e+01 2.1625457525394172e+01 9.1427554414640999e-01 1.4154443901830521e+03 0.0000000000000000e+00 0.0000000000000000e+00 0.0000000000000000e+00 0
42 1 1 9.5985126151999980e+07 1.1198327897007675e+08 1.0929057580363029e+08 8.5710934777839929e+06 -1.8032353029576811e+01 2.1592917078712244e+01 9.1172255917124467e-01 1.4154443901830521e+03 1.4854590344395197e-02 -1.1935332584346170e-01 2.0599833154558903e-01 0
43 1 1 1.0332048415200000e+08 -6.9997409737605676e+07 1.4203844126068759e+08 9.1427383070315272e+06 -2.4036947277635612e+01 -1.3736148712412517e+01 -9.6272412389510797e-01 1.3918016843753469e+03 -2.2786860839627252e-02 -3.2927613148296855e-02 -1.5400624847271099e-02 0
44 1 3 1.0332048515200000e+08 -6.9997433774551749e+07 1.4203842752453655e+08 9.1427373443072531e+06 -2.4036944949674407e+01 -1.3736153436300294e+01 -9.6272442796257873e-01 1.3918016843753469e+03 0.0000000000000000e+00 0.0000000000000000e+00 0.0000000000000000e+00 84
45 1 2 1.0332048615200000e+08 -6.9997457812778950e+07 1.4203841382182774e+08 9.1427363838199060e+06 -2.4036942621418476e+01 -1.3736158152038971e+01 -9.6272473144296311e-01 1.3918019645545351e+03 0.0000000000000000e+00 0.0000000000000000e+00 0.0000000000000000e+00 0
46 1 1 1.0332912615199998e+08 -7.0205050012082875e+07 1.4191955712959072e+08 9.1344070952468924e+06 -2.4016796313668220e+01 -1.3776961303435119e+01 -9.6535105338999527e-01 1.3918019645545351e+03 1.4971558138730875e-01 6.8229602289195918e-02 -1.2562811965254493e-02 0
47 1 1 1.1196048515200000e+08 -1.0386260704335283e+08 -8.0098987626444757e+07 -5.7711433859529579e+06 2.2581631054159846e+01 -2.4149136333487242e+01 -1.5490588486341756e+00 1.3745985113671088e+03 -9.3316885664710188e-03 -6.4898999920678397e-03 -4.4651140813276712e-03 0
48 1 2 1.1196048715200000e+08 -1.0386256188007863e+08 -8.0099035924707934e+07 -5.7711464840699714e+06 2.2581643236299282e+01 -2.4149126938599416e+01 -1.5490581717312017e+00 1.3745985113671088e+03 0.0000000000000000e+00 0.0000000000000000e+00 0.0000000000000000e+00 0
49 1 1 1.1196912715199998e+08 -1.0366722923125750e+08 -8.0307508862682000e+07 -5.7845177017257307e+06 2.2634236490666005e+01 -2.4108475887630448e+01 -1.5461296759664176e+00 1.3745985113671088e+03 1.8296555895169958e-01 -3.5692522948180101e-02 -9.9777676189986578e-02 0
50 1 1 1.2060048515200000e+08 1.3852686401459926e+08 -3.1055216231767241e+07 -2.2630614983320348e+06 1.2302982329584944e+01 2.9502433351708234e+01 2.1115173701296164e+00 1.3289916546531392e+03 1.8972005683627235e-01 1.4695407534736341e-01 6.9005545799341012e-02 0
51 1 3 1.2060048615200000e+08 1.3852687631757835e+08 -3.1055186729333229e+07 -2.2630593868146162e+06 1.2302975906637057e+01 2.9502434791616174e+01 2.1115174750588568e+00 1.3289916546531392e+03 0.0000000000000000e+00 0.0000000000000000e+00 0.0000000000000000e+00 163
52 1 2 1.2060048715200000e+08 1.3852688855282038e+08 -3.1055157228502069e+07 -2.2630572746987808e+06 1.2302969478662519e+01 2.9502436243440116e+01 2.1115175807805451e+00 1.3289916546540685e+03 0.0000000000000000e+00 0.0000000000000000e+00 0.0000000000000000e+00 0
53 1 1 1.2060912715199998e+08 1.3863294649312991e+08 -3.0800202600194305e+07 -2.2448098581786179e+06 1.2247481905091457e+01 2.9514819734808025e+01 2.1124200592915390e+00 1.3289916546540685e+03 2.0544225257329067e-02 5.5281420847688882e-02 -3.1510996855611297e-02 0
54 1 1 1.3053648615200000e+08 3.6198325466746129e+07 1.8452572026321235e+08 1.6948212075837556e+07 -2.2548745161321538e+01 6.2878061115717570e+00 1.6509548222173127e+00 1.2753634722157344e+03 1.6438015202907780e-01 -5.0848276849144537e-02 3.9245255692599978e-01 0
55 1 2 1.3053648815200000e+08 3.6198280369254470e+07 1.8452573283881727e+08 1.6948215377746526e+07 -2.2548746588866596e+01 6.2877988344684663e+00 1.6509541538340784e+00 1.2753634722157344e+03 0.0000000000000000e+00 0.0000000000000000e+00 0.0000000000000000e+00 0
56 1 1 1.3054512815199998e+08 3.6003432607519053e+07 1.8457992361145777e+08 1.6962467145625692e+07 -2.2554896152453011e+01 6.2563613751587104e+00 1.6480659139216138e+00 1.2753634722157344e+03 2.0478389349800860e-01 -3.0359065863501925e-03 3.7958360224545029e-01 0
57 1 1 1.4047248615199998e+08 -1.4441360295267823e+08 7.5398815583338067e+07 2.2087203920811318e+07 -6.0854233833683518e+00 -2.6236219766568290e+01 -1.6810612901235045e+00 1.2227819335711945e+03 -1.9822862955320802e-02 2.3033337035367595e-02 -1.5362513992465776e-02 0
58 1 3 1.4047248715199998e+08 -1.4441360903809947e+08 7.5398789347117215e+07 2.2087202239749700e+07 -6.0854190702026463e+00 -2.6236222018485805e+01 -1.6810619497965746e+00 1.2227819335711945e+03 0.0000000000000000e+00 0.0000000000000000e+00 0.0000000000000000e+00 298
59 1 2 1.4047248815199998e+08 -1.4441361512667418e+08 7.5398763113507837e+07 2.2087200557998810e+07 -6.0854147569167427e+00 -2.6236224270169110e+01 -1.6810626094559460e+00 1.2227819335706463e+03 0.0000000000000000e+00 0.0000000000000000e+00 0.0000000000000000e+00 0
60 1 1 1.4048112815199998e+08 -1.4446603204404524e+08 7.5171998137210026e+07 2.2072651551339831e+07 -6.0481218965216055e+00 -2.6255662166578666e+01 -1.6867634162208827e+00 1.2227819335706463e+03 2.4419751715651425e-01 2.8317639116883564e-01 1.8458144578207172e-01 0
61 1 1 1.4392848715199998e+08 -1.3333727155257916e+08 -2.2467168657904811e+07 1.3156727194081774e+07 1.4050603024715683e+01 -2.8454033039211172e+01 -3.4826727496473029e+00 1.1868915265723836e+03 1.2884972215860957e-01 3.0183807601135454e-01 2.3990674308015383e-01 0
62 1 2 1.4392848915199998e+08 -1.3333724345135905e+08 -2.2467225565968394e+07 1.3156720228734896e+07 1.4050617139105837e+01 -2.8454030660950266e+01 -3.4826741423498015e+00 1.1868915265723836e+03 0.0000000000000000e+00 0.0000000000000000e+00 0.0000000000000000e+00 0
63 1 1 1.4393712915199998e+08 -1.3321558263301246e+08 -2.2713023818125155e+07 1.3126603937231760e+07 1.4111618333580425e+01 -2.8443691044256358e+01 -3.4886891370550828e+00 1.1868915265723836e+03 1.1110242100531863e-01 2.9067290818304309e-01 2.5394810322032313e-01 0
64 1 1 1.4738448715199998e+08 -3.9858461911125600e+07 -9.5886466750616729e+07 -1.1439712805998607e+06 3.9087552658677112e+01 -8.0596755926903931e+00 -4.3888923400611981e+00 1.1527292711717503e+03 2.4700798291897308e-01 2.6598175740385804e-01 1.4073211882301356e-01 0
65 1 3 1.4738448815199998e+08 -3.9858422823570654e+07 -9.5886474810286626e+07 -1.1439756694921243e+06 3.9087557382013593e+01 -8.0596642298764287e+00 -4.3888922044971537e+00 1.1527292711717503e+03 0.0000000000000000e+00 0.0000000000000000e+00 0.0000000000000000e+00 293
66 1 2 1.4738448915199998e+08 -3.9858383737383619e+07 -9.5886482876478836e+07 -1.1439800586786128e+06 3.9087562102105487e+01 -8.0596528662814286e+00 -4.3888920685438766e+00 1.1527292711717507e+03 0.0000000000000000e+00 0.0000000000000000e+00 0.0000000000000000e+00 0
67 1 1 1.4739312915199998e+08 -3.9520491291774333e+07 -9.5955693794799224e+07 -1.1818949671004775e+06 3.9128236771273350e+01 -7.9613505369546989e+00 -4.3877002551777409e+00 1.1527292711717507e+03 -1.6729548249265092e-01 1.3692460337443996e-01 -3.6798837304954446e-01 0
68 1 1 1.5213648815199998e+08 1.0926466085625322e+08 -5.3934677553736942e+05 -1.4282130105629204e+07 9.3633964901392392e+00 3.6990741052517350e+01 -6.7641907449860178e-02 1.1000194712853590e+03 7.4691020438234423e-03 -1.0347179823669661e-03 -4.6681082946292068e-01 0
69 1 2 1.5213649015199998e+08 1.0926467958302449e+08 -5.3927279405530379e+05 -1.4282130240910184e+07 9.3633748165746997e+00 3.6990741159493979e+01 -6.7639074469451818e-02 1.1000194712853590e+03 0.0000000000000000e+00 0.0000000000000000e+00 0.0000000000000000e+00 0
70 1 1 1.5214513015199998e+08 1.0934517485017881e+08 -2.1967118950848666e+05 -1.4282661809384217e+07 9.2698108278229814e+00 3.6991066032870734e+01 -5.5413476392390804e-02 1.1000194712853590e+03 -2.6919097262880963e-02 4.7807318897924084e-02 -4.6119491958981890e-01 0
71 1 1 1.5688848815199998e+08 6.7265521504668802e+07 1.4059431222821510e+08 -8.5790506869210992e+06 -2.0217798924093056e+01 1.9109886508507760e+01 1.6287428561116402e+00 1.0465698688458867e+03 -1.8040281640838091e-01 1.2528732778465645e-01 -3.7338162365948652e-01 0
72 1 3 1.5688848915199998e+08 6.7265501286868751e+07 1.4059433133809909e+08 -8.5790490581780970e+06 -2.0217801271314830e+01 1.9109881602486137e+01 1.6287431554765337e+00 1.0465698688458867e+03 0.0000000000000000e+00 0.0000000000000000e+00 0.0000000000000000e+00 294
73 1 2 1.5688849015199998e+08 6.7265480966439322e+07 1.4059435043293148e+08 -8.5790474161302950e+06 -2.0217803638232184e+01 1.9109876685606036e+01 1.6287434575826116e+00 1.0465698688458867e+03 0.0000000000000000e+00 0.0000000000000000e+00 0.0000000000000000e+00 0
74 1 1 1.5689713015199998e+08 6.7090711650042534e+07 1.4075927666481966e+08 -8.5649639102335777e+06 -2.0238043155329876e+01 1.9067493383907173e+01 1.6313260439518820e+00 1.0465698688458867e+03 6.9341796951532364e-02 -7.2638105268094902e-02 -6.9721136896523594e-02 0
75 1 1 1.6423248915199998e+08 -9.2751715985848188e+07 1.6099649005390492e+08 3.5945467557775504e+06 -1.8383261445281324e+01 -1.1497997684446466e+01 1.0622412586874295e+00 1.0129167421325503e+03 1.0097049170906364e-01 -3.0380045344423394e-02 -2.2438105781503198e-01 0
76 1 2 1.6423249115199998e+08 -9.2751752752367154e+07 1.6099646705790296e+08 3.5945488802599148e+06 -1.8383257609429535e+01 -1.1498004342636035e+01 1.0622411100308808e+00 1.0129167421325503e+03 0.0000000000000000e+00 0.0000000000000000e+00 0.0000000000000000e+00 0
77 1 1 1.6424113115199998e+08 -9.2910512468484685e+07 1.6089700006372958e+08 3.6037238667017394e+06 -1.8366671652228813e+01 -1.1526760380655489e+01 1.0615980593578971e+00 1.0129167421325503e+03 5.9314942603237615e-02 -1.3373697539540704e-02 -1.9827783003022037e-01 0
78 1 1 1.7157648915199998e+08 -1.4228567399867848e+08 1.5959908978145656e+06 4.0223493041150714e+06 1.0478419249329251e+01 -2.8583566511255938e+01 -9.2852102460377617e-01 9.7807050953531507e+02 1.2586566896580670e-01 -1.3899115648654367e-01 -6.4254444616421269e-02 0
79 1 3 1.7157649015199998e+08 -1.4228566352025595e+08 1.5959623142480743e+06 4.0223483755939561e+06 1.0478425795495367e+01 -2.8583566584682362e+01 -9.2852120966080898e-01 9.7807050953531507e+02 0.0000000000000000e+00 0.0000000000000000e+00 0.0000000000000000e+00 133
80 1 2 1.7157649115199998e+08 -1.4228565299999431e+08 1.5959336948529615e+06 4.0223474455260504e+06 1.0478432353878684e+01 -2.8583566663182751e+01 -9.2852139510636911e-01 9.7807050953531359e+02 0.0000000000000000e+00 0.0000000000000000e+00 0.0000000000000000e+00 0
81 1 1 1.7158513115199998e+08 -1.4219487490140563e+08 1.3489690780301609e+06 4.0143181135142110e+06 1.0535028970453975e+01 -2.8584152527385850e+01 -9.3012026720111407e-01 9.7807050953531359e+02 -7.5965685115000250e-02 -3.8407342834309582e-01 -4.6044336581447513e-02 0
82 1 1 1.7632849015199998e+08 -9.2048553344595954e+06 -9.7499016805366561e+07 -1.6877261941641816e+06 4.2711853482033888e+01 -8.9002806218537867e-01 -9.9530946749762594e-01 9.4619485603771534e+02 2.9887933883155825e-02 -1.1393246916694373e-01 1.3078560583937357e-01 0
83 1 2 1.7632849215199998e+08 -9.2047699107502010e+06 -9.7499018585395128e+07 -1.6877281847826361e+06 4.2711856082084260e+01 -8.9000052198780022e-01 -9.9530899077138435e-01 9.4619485603771534e+02 0.0000000000000000e+00 0.0000000000000000e+00 0.0000000000000000e+00 0
84 1 1 1.7633713215199998e+08 -8.8356915867226701e+06 -9.7506194069986716e+07 -1.6963187400578263e+06 4.2722867555367301e+01 -7.7097359525930087e-01 -9.9324344166499068e-01 9.4619485603771534e+02 -1.8436766525526907e-01 -1.6064456153937751e-01 1.5034332093775923e-01 0
85 1 1 1.8108049015199998e+08 1.2600559860077055e+08 1.1246746489698105e+07 -1.9579117034815615e+06 7.3195003807212045e+00 3.2569253964843263e+01 5.4037853072790387e-01 9.0871882558009600e+02 5.8668529162184520e-02 -3.9979608346573420e-01 -7.0690143259461755e-02 0
86 1 3 1.8108049115199998e+08 1.2600560592026678e+08 1.1246779058951635e+07 -1.9579111631029677e+06 7.3194921240182076e+00 3.2569253227882541e+01 5.4037865902293936e-01 9.0871882558009600e+02 0.0000000000000000e+00 0.0000000000000000e+00 0.0000000000000000e+00 254
87 1 2 1.8108049215199998e+08 1.2600561318804735e+08 1.1246811612115584e+07 -1.9579106218267514e+06 7.3194838581287449e+00 3.2569252501284076e+01 5.4037878766485814e-01 9.0871882558009543e+02 0.0000000000000000e+00 0.0000000000000000e+00 0.0000000000000000e+00 0
88 1 1 1.8108913215199998e+08 1.2606854551150183e+08 1.1528182236645363e+07 -1.9532369676480258e+06 7.2482024324092480e+00 3.2562812225074232e+01 5.4148478090784069e-01 9.0871882558009543e+02 5.6584081968973970e-03 -9.0025697651384615e-03 1.5273057108753103e-02 0
89 1 1 1.8972049115199998e+08 1.0132425723290158e+07 1.7621515749387398e+08 1.5728746817717904e+06 -2.3250414831942209e+01 1.8726624650869983e+00 -2.4274125696412502e-01 8.8563808260429914e+02 -1.3616471953965359e-01 1.9904241507127492e-02 -1.7464823065657306e-01 0
90 1 2 1.8972049315199998e+08 1.0132379222460097e+07 1.7621516123919040e+08 1.5728741962892015e+06 -2.3250415320957277e+01 1.8726539605029544e+00 -2.4274133287497690e-01 8.8563808260429914e+02 0.0000000000000000e+00 0.0000000000000000e+00 0.0000000000000000e+00 0
91 1 1 1.8972913315199998e+08 9.9314865684607681e+06 1.7623118225274411e+08 1.5707754951613306e+06 -2.3252506838042432e+01 1.8359139094599299e+00 -2.4306903623556325e-01 8.8563808260429914e+02 -1.1549267859872057e-01 3.1112520943652220e-02 -1.6152546066636403e-01 0
92 1 1 1.9836049115199998e+08 -1.3692354677103841e+08 4.2372108817593098e+07 -4.6137629657992953e+06 -1.5476290694910608e+00 -3.0080611104276162e+01 -5.6333555737124286e-01 8.6326918227417286e+02 -8.2518034397742132e-04 2.4315512903462694e-02 1.2234344568286835e-02 0
93 1 3 1.9836049215199998e+08 -1.3692354831866440e+08 4.2372078736981101e+07 -4.6137635291347476e+06 -1.5476229077283092e+00 -3.0080613011083230e+01 -5.6333534974505262e-01 8.6326918227417286e+02 0.0000000000000000e+00 0.0000000000000000e+00 0.0000000000000000e+00 29
94 1 2 1.9836049315199998e+08 -1.3692354985118118e+08 4.2372048616208710e+07 -4.6137640933287870e+06 -1.5476167366595477e+00 -3.0080614924150538e+01 -5.6333514183887756e-01 8.6326918227284909e+02 0.0000000000000000e+00 0.0000000000000000e+00 0.0000000000000000e+00 0
95 1 1 1.9836913315199998e+08 -1.3693669116324747e+08 4.2112081046044879e+07 -4.6186235531667164e+06 -1.4943409268873402e+00 -3.0097050158670324e+01 -5.6153910536932938e-01 8.6326918227284909e+02 6.6804374437963415e-02 -1.1659138840625685e-01 -2.8984800395304568e-02 0
96 1 1 2.0311249215199998e+08 -5.9351035942716330e+07 -9.3106230506834462e+07 -5.3912204588297131e+06 3.4736962041467386e+01 -1.7931484186221166e+01 2.3142781520928807e-01 8.3192579618706520e+02 1.8081373951976801e-01 -1.6075063171097706e-01 -3.1988384312222062e-01 0
97 1 2 2.0311249415199998e+08 -5.9350966468780719e+07 -9.3106266369784489e+07 -5.3912199959730254e+06 3.4736973702650282e+01 -1.7931465892865202e+01 2.3142887446698965e-01 8.3192579618706520e+02 0.0000000000000000e+00 0.0000000000000000e+00 0.0000000000000000e+00 0
98 1 1 2.0312113415199998e+08 -5.9050621697112784e+07 -9.3260852553026214e+07 -5.3892006791724544e+06 3.4787243460127925e+01 -1.7852339975838248e+01 2.3600591872550816e-01 8.3192579618706520e+02 1.9555759444608822e-01 -5.8559755307935349e-02 -3.4047156437995907e-01 0
99 1 1 2.0786449215199998e+08 1.1019469012012865e+08 -6.6803313225179322e+07 -2.1577101648552418e+06 2.5443822762279332e+01 2.3775856772724193e+01 1.0999021842003776e+00 7.9947064639288715e+02 1.4143629240566684e-02 -2.3131106095499607e-01 5.7045679978885103e-03 0
100 1 3 2.0786449315199998e+08 1.1019471556394795e+08 -6.6803289449320525e+07 -2.1577090649529928e+06 2.5443815930879680e+01 2.3775860914121537e+01 1.0999023179652170e+00 7.9947064639288715e+02 0.0000000000000000e+00 0.0000000000000000e+00 0.0000000000000000e+00 210
101 1 2 2.0786449415199998e+08 1.1019474094860072e+08 -6.6803265678134352e+07 -2.1577079669309575e+06 2.5443809099667931e+01 2.3775865065625204e+01 1.0999024522065275e+00 7.9947064639280200e+02 0.0000000000000000e+00 0.0000000000000000e+00 0.0000000000000000e+00 0
102 1 1 2.0787313415199998e+08 1.1041432047011039e+08 -6.6597687883120015e+07 -2.1481998274772647e+06 2.5384782882238270e+01 2.3811557887764668e+01 1.1010545431721506e+00 7.9947064639280200e+02 -1.3214622103724408e-01 -7.0838494585664880e-02 -1.2097897496957846e-01 0
103 1 1 2.1391249315199998e+08 1.5300411898603868e+08 9.3162263688573584e+07 1.6990387261987084e+06 -7.5364246234490055e+00 2.3206426116530402e+01 -5.8996751625880348e-02 7.6968283734939564e+02 -7.2460236718604215e-02 -5.6315594666866600e-02 -1.7799617788402219e-01 0
104 1 2 2.1391249515199998e+08 1.5300410391318241e+08 9.3162310101421431e+07 1.6990386082051268e+06 -7.5364316873128052e+00 2.3206421815432218e+01 -5.8996830066764233e-02 7.6968283734939564e+02 0.0000000000000000e+00 0.0000000000000000e+00 0.0000000000000000e+00 0
105 1 1 2.1392113515199998e+08 1.5293885736926210e+08 9.3362733281314775e+07 1.6985274122422386e+06 -7.5669286554599795e+00 2.3187828652546518e+01 -5.9335505816604350e-02 7.6968283734939564e+02 -4.9541625203633727e-02 -2.7762541514301194e-02 -1.2987533439897450e-01 0
106 1 1 2.1996049315199998e+08 5.6828237882218853e+07 1.8362435978109872e+08 -2.1579629933242183e+06 -2.2023342631073525e+01 5.3538391170834778e+00 -1.1467621701689876e+00 7.3988513055547412e+02 -1.9217071973372263e-01 -1.0991630023057346e-01 -1.3101293241365550e-01 0
107 1 3 2.1996049415199998e+08 5.6828215858875737e+07 1.8362436513493609e+08 -2.1579641400863659e+06 -2.2023343692814620e+01 5.3538356863670495e+00 -1.1467621298510200e+00 7.3988513055547412e+02 0.0000000000000000e+00 0.0000000000000000e+00 0.0000000000000000e+00 67
108 1 2 2.1996049515199998e+08 5.6828193833680689e+07 1.8362437048977262e+08 -2.1579652868773239e+06 -2.2023344754917193e+01 5.3538322547794337e+00 -1.1467620895123838e+00 7.3988513055547446e+02 0.0000000000000000e+00 0.0000000000000000e+00 0.0000000000000000e+00 0
109 1 1 2.1996913515199998e+08 5.6637872547517642e+07 1.8367049953092521e+08 -2.1678718040724853e+06 -2.2032503688347649e+01 5.3241843647952161e+00 -1.1464129097081246e+00 7.3988513055547446e+02 -7.6139005641331581e-02 -7.5547397269063413e-02 1.0540972532453532e-01 0
110 1 1 2.2471249415199998e+08 -5.4122859706867680e+07 1.6570004583229506e+08 -4.1298335197185981e+06 -2.2987644529383395e+01 -1.3587817751197520e+01 6.0683494401591631e-01 7.0492115364095434e+02 -2.4740465948271592e-01 -1.6231210820152883e-01 3.1023410146600766e-01 0
111 1 2 2.2471249615199998e+08 -5.4122905682153940e+07 1.6570001865665132e+08 -4.1298323060485050e+06 -2.2987641819495895e+01 -1.3587826047659634e+01 6.0683515079319827e-01 7.0492115364095434e+02 0.0000000000000000e+00 0.0000000000000000e+00 0.0000000000000000e+00 0
112 1 1 2.2472113615199998e+08 -5.4321468258041941e+07 1.6558246499985349e+08 -4.1245853919118759e+06 -2.2975908568204229e+01 -1.3623669487648904e+01 6.0772824574410045e-01 7.0492115364095434e+02 -2.4976523574407083e-01 -1.7796068761231659e-01 3.1781370392457436e-01 0
113 1 1 2.2946449415199998e+08 -1.3588071241780958e+08 5.3802013532788239e+07 3.3681473207929465e+06 -7.6192006318443655e+00 -3.2021749778760949e+01 2.1046152229798416e+00 6.7072649345463992e+02 -6.2913918941009575e-02 -6.2517539291375879e-02 8.7217464889990770e-02 0
114 1 3 2.2946449515199998e+08 -1.3588072003700733e+08 5.3801981511037380e+07 3.3681494254080937e+06 -7.6191948591862904e+00 -3.2021752064446098e+01 2.1046150798898622e+00 6.7072649345463992e+02 0.0000000000000000e+00 0.0000000000000000e+00 0.0000000000000000e+00 83
115 1 2 2.2946449615199998e+08 -1.3588072768108827e+08 5.3801949497070581e+07 3.3681515303807515e+06 -7.6191890854039084e+00 -3.2021754341698497e+01 2.1046149363405560e+00 6.7072649345470995e+02 0.0000000000000000e+00 0.0000000000000000e+00 0.0000000000000000e+00 0
116 1 1 2.2947313615199998e+08 -1.3594634191741318e+08 5.3525196349734493e+07 3.3863300515372632e+06 -7.5692806704632680e+00 -3.2041459979040688e+01 2.1033747891267236e+00 6.7072649345470995e+02 -6.3818263050751819e-02 2.0481841127998471e-01 -4.3520883161628429e-02 0
117 1 1 2.3421649515199998e+08 -1.0147126159261452e+08 -9.4320550822051570e+07 9.0353142057723925e+06 2.1358882841695678e+01 -2.4389213589286658e+01 -4.5322084808255739e-02 6.3540114014479946e+02 -1.7609095595685964e-01 3.0788908787767594e-01 -9.6715736694589327e-02 0
118 1 2 2.3421649715199998e+08 -1.0147121887483883e+08 -9.4320599600469291e+07 9.0353141151273269e+06 2.1358892906668494e+01 -2.4389204233591158e+01 -4.5322981024673574e-02 6.3540114014479946e+02 0.0000000000000000e+00 0.0000000000000000e+00 0.0000000000000000e+00 0
119 1 1 2.3422513715199995e+08 -1.0128649032872547e+08 -9.4531147605713978e+07 9.0349058002653997e+06 2.1402330132348077e+01 -2.4348746114884502e+01 -4.9194203494219636e-02 6.3540114014479946e+02 -2.1046834699930778e-01 2.4428498273953234e-01 -9.1914419124642502e-02 0
120 1 1 2.3896849515199998e+08 3.0841082177364498e+07 -1.4038126096055374e+08 3.1708079492983148e+06 2.9454740225626235e+01 6.2645766349142340e+00 -2.1159892782824761e+00 6.0009999999999980e+02 1.7576130446978509e-02 2.7361406699600765e-01 -4.3832822084355731e-02 0
121 1 3 2.3896849615199998e+08 3.0841111632103976e+07 -1.4038125469597399e+08 3.1708058333089696e+06 2.9454738848131854e+01 6.2645829049374520e+00 -2.1159894199041793e+00 6.0009999999999980e+02 0.0000000000000000e+00 0.0000000000000000e+00 0.0000000000000000e+00 117
122 1 4 2.3896849715199998e+08 3.0841141097189341e+07 -1.4038124839357919e+08 3.1708037150489804e+06 2.9454737475335698e+01 6.2645891823847597e+00 -2.1159895620011699e+00 6.0010000000000002e+02 0.0000000000000000e+00 0.0000000000000000e+00 0.0000000000000000e+00 0
123 2 0 0.0000000000000000e+00 -1.9500328646873634e+07 1.4581848347052613e+08 -7.6372048832368055e+03 -2.9326348005571678e+01 -4.2172942005447336e+00 -3.9361448291470373e+00 1.8599131193395083e+03 0.0000000000000000e+00 0.0000000000000000e+00 0.0000000000000000e+00 0
124 2 2 1.0008480152000001e+07 -1.1359400708009718e+08 -8.6559637241908967e+07 -1.6479510796013335e+07 1.8405532140430825e+01 -2.4344471161601341e+01 1.9964259119130707e+00 1.8599131193395083e+03 0.0000000000000000e+00 0.0000000000000000e+00 0.0000000000000000e+00 0
125 2 1 1.0017120152000001e+07 -1.1343479399352765e+08 -8.6769829048721328e+07 -1.6462234212048760e+07 1.8449338919277213e+01 -2.4311026040933239e+01 2.0027822496659482e+00 1.8599131193395083e+03 -8.0813053834951631e-02 2.3238992613078471e-01 1.2632568579173767e-01 0
126 2 1 1.9944479151999999e+07 1.3140147779962529e+08 -4.6690409742695600e+07 1.6696063077399066e+07 1.0699712632086207e+01 2.9862669184445647e+01 1.6542240504250916e+00 1.7854044608178294e+03 2.0003705440495534e-01 3.0295041428761121e-01 -1.4158952544296100e-01 0
127 2 2 1.9944481152000003e+07 1.3140149919903798e+08 -4.6690350017352730e+07 1.6696066385845568e+07 1.0699700042453777e+01 2.9862673657870776e+01 1.6542224507680379e+00 1.7854044608178294e+03 0.0000000000000000e+00 0.0000000000000000e+00 0.0000000000000000e+00 0
128 2 1 1.9953121151999999e+07 1.3149370960365963e+08 -4.6432253187396280e+07 1.6710329006383587e+07 1.0645295137821668e+01 2.9881944935223260e+01 1.6473091572070997e+00 1.7854044608178294e+03 7.4872736615116439e-02 2.4639846471390758e-01 -1.1964419785986558e-01 0
129 2 1 2.9880479152000003e+07 -1.9210442660159845e+07 1.6598910245631823e+08 -4.2684483919661446e+06 -2.7781280535318199e+01 1.1778733229875453e+00 -4.1589670352856398e+00 1.6913627779028743e+03 -5.8221698793186859e-02 4.1745450356563674e-01 -2.0412221122639471e-01 0
130 2 3 2.9880480151999999e+07 -1.9210470441440050e+07 1.6598910363418919e+08 -4.2684525509331115e+06 -2.7781279989412003e+01 1.1778686060522643e+00 -4.1589669139884924e+00 1.6913627779028743e+03 0.0000000000000000e+00 0.0000000000000000e+00 0.0000000000000000e+00 127
131 2 2 2.9880481151999999e+07 -1.9210498167430721e+07 1.6598910480683300e+08 -4.2684567028769460e+06 -2.7781279446347774e+01 1.1778638974225950e+00 -4.1589667929887790e+00 1.6913627779028743e+03 0.0000000000000000e+00 0.0000000000000000e+00 0.0000000000000000e+00 0
132 2 1 2.9889121151999999e+07 -1.9450507965840165e+07 1.6599910552934918e+08 -4.3043856369167678e+06 -2.7776534989385105e+01 1.1371224616151807e+00 -4.1579147383458794e+00 1.6913627779028743e+03 1.1046497070780729e-01 -1.1357726192615157e-01 2.2662148093868004e-02 0
133 2 1 3.9816480152000003e+07 -1.8694872538220930e+08 1.2798390873349495e+07 -2.7950232355231382e+07 -1.2438688823954036e+00 -2.4399351838413832e+01 2.7276543645017349e-02 1.6719813662364434e+03 -8.2837260109327165e-03 3.0321090508707463e-03 -1.7618732658629471e-03 0
134 2 2 3.9816482152000003e+07 -1.8694872786993977e+08 1.2798342074645415e+07 -2.7950232300677206e+07 -1.2438615858698723e+00 -2.4399352337928370e+01 2.7277634530135788e-02 1.6719813662364434e+03 0.0000000000000000e+00 0.0000000000000000e+00 0.0000000000000000e+00 0
135 2 1 3.9825122152000003e+07 -1.8695933865812293e+08 1.2587522399328368e+07 -2.7949976263044409e+07 -1.2123387771715786e+00 -2.4401492526269113e+01 3.1990374740705402e-02 1.6719813662364434e+03 5.2396644438961387e-02 -1.5335301731553871e-01 1.6099581449617945e-02 0
136 2 1 4.9752480152000003e+07 -2.9405258507132094e+07 -1.6209336325577855e+08 -2.8649299388114414e+06 2.8819055547662554e+01 -2.0053531621842007e+00 4.3166418480772091e+00 1.6342935441648708e+03 1.5890687566398431e-01 -3.0666963120156116e-02 2.3258984982548171e-02 0
137 2 3 4.9752481152000003e+07 -2.9405229688076168e+07 -1.6209336526112932e+08 -2.8649256221695589e+06 2.8819056420132384e+01 -2.0053483527845537e+00 4.3166419330811978e+00 1.6342935441648708e+03 0.0000000000000000e+00 0.0000000000000000e+00 0.0000000000000000e+00 6
138 2 2 4.9752482152000003e+07 -2.9405200889523018e+07 -1.6209336728791508e+08 -2.8649213084015856e+06 2.8819057286660456e+01 -2.0053435461345885e+00 4.3166420172239111e+00 1.6342935441617592e+03 0.0000000000000000e+00 0.0000000000000000e+00 0.0000000000000000e+00 0
139 2 1 4.9761122152000003e+07 -2.9156171756253134e+07 -1.6211051390933827e+08 -2.8276223618545569e+06 2.8826565410821431e+01 -1.9637775142073783e+00 4.3173718552446827e+00 1.6342935441617592e+03 4.3648237767021769e-01 -5.7883711529878194e-02 9.5204440349929836e-03 0
140 2 1 5.8392481152000003e+07 1.6288370005080429e+08 -1.0711729284563873e+07 2.1028827576498974e+07 6.2446183029075906e+00 3.0134202723252248e+01 -2.9722738366907442e-01 1.5482367371041701e+03 1.9732502411417083e-01 1.4458684741127142e-01 -3.6368213867936050e-01 0
141 2 2 5.8392483152000003e+07 1.6288371254003119e+08 -1.0711669016157908e+07 2.1028826982042957e+07 6.2446086055688701e+00 3.0134203360977025e+01 -2.9722863562769980e-01 1.5482367371041701e+03 0.0000000000000000e+00 0.0000000000000000e+00 0.0000000000000000e+00 0
142 2 1 5.8401123152000003e+07 1.6293748500256062e+08 -1.0451297696687618e+07 2.1026235568164531e+07 6.2027229789674108e+00 3.0136923949268557e+01 -3.0263498335402239e-01 1.5482367371041701e+03 1.4238252227029244e-01 4.7069526787821565e-02 -3.9735696330096193e-01 0
143 2 1 6.7032481152000003e+07 8.4879563923414052e+07 1.9768288407555452e+08 -3.3120613069575937e+06 -1.8288677591820704e+01 1.4126696633983496e+01 -4.0387384526897812e+00 1.4651800274158516e+03 3.8354926241346404e-01 1.2686465072434644e-02 -9.2786077556060803e-02 0
144 2 3 6.7032482152000003e+07 8.4879545634735927e+07 1.9768289820224983e+08 -3.3120653456960162e+06 -1.8288678722728474e+01 1.4126694000120519e+01 -4.0387384085609188e+00 1.4651800274158516e+03 0.0000000000000000e+00 0.0000000000000000e+00 0.0000000000000000e+00 104
145 2 2 6.7032483152000003e+07 8.4879527276495203e+07 1.9768291229510492e+08 -3.3120693921877733e+06 -1.8288679863303827e+01 1.4126691362591659e+01 -4.0387383652022724e+00 1.4651800274158520e+03 0.0000000000000000e+00 0.0000000000000000e+00 0.0000000000000000e+00 0
146 2 1 6.7041123152000003e+07 8.4721470907648891e+07 1.9780486860284472e+08 -3.3469624391623368e+06 -1.8298438382313666e+01 1.4103935750834390e+01 -4.0383552174465871e+00 1.4651800274158520e+03 1.2714341463653571e-02 1.0068543476359230e-01 1.5785149651835317e-02 0
147 2 1 7.8264482151999995e+07 -1.3004282671176745e+08 2.1176609841200969e+08 -3.6079410696501143e+07 -1.5777256083349712e+01 -9.7316143933308208e+00 -1.2209274333524132e+00 1.4071071707921501e+03 1.5694555267522023e-01 2.4468061962822471e-01 1.0541929906205652e-01 0
148 2 2 7.8264484151999995e+07 -1.3004285826627739e+08 2.1176607894877738e+08 -3.6079413138355397e+07 -1.5777253903530539e+01 -9.7316179430208454e+00 -1.2209268285779220e+00 1.4071071707921501e+03 0.0000000000000000e+00 0.0000000000000000e+00 0.0000000000000000e+00 0
149 2 1 7.8273124151999995e+07 -1.3017913304532209e+08 2.1168193153310212e+08 -3.6089950658564508e+07 -1.5767832215667388e+01 -9.7469494488926802e+00 -1.2183138395059747e+00 1.4071071707921501e+03 1.7200832615385606e-01 3.3447124549877283e-01 1.2515410336307131e-01 0
150 2 1 8.9496482151999995e+07 -2.0032454606104615e+08 2.2866541174170796e+07 -2.5064532026388872e+07 6.6816462670147345e+00 -2.1875685043187648e+01 3.1792078400647497e+00 1.3452567882719345e+03 -3.3036307111975936e-02 5.0348239216953986e-02 -1.0473986331264866e-02 0
151 2 3 8.9496483151999995e+07 -2.0032453937939832e+08 2.2866519298485614e+07 -2.5064528847180840e+07 6.6816494367280583e+00 -2.1875685405002251e+01 3.1792082366580723e+00 1.3452567882719345e+03 0.0000000000000000e+00 0.0000000000000000e+00 0.0000000000000000e+00 14
152 2 2 8.9496484151999995e+07 -2.0032453265458050e+08 2.2866497381083228e+07 -2.5064525658885609e+07 6.6816526151328519e+00 -2.1875685769605511e+01 3.1792086345333943e+00 1.3452567882706214e+03 0.0000000000000000e+00 0.0000000000000000e+00 0.0000000000000000e+00 0
153 2 1 8.9505124151999995e+07 -2.0026668483090082e+08 2.2677477983198799e+07 -2.5037042492981337e+07 6.7090514961290166e+00 -2.1878800797849820e+01 3.1826353866241663e+00 1.3452567882706214e+03 -1.0000619594606941e-01 -1.1634443965060699e-02 6.7003606499831628e-02 0
154 2 1 9.6840483151999995e+07 -4.2919727524500519e+07 -1.0577562457820345e+08 7.8308163705164837e+06 3.8397275804755786e+01 -2.0965919737679215e+00 4.6591599700724702e+00 1.3136791275896405e+03 -2.1391376138526860e-01 9.6858514975790067e-02 -1.9315688754855700e-02 0
155 2 2 9.6840485151999995e+07 -4.2919650729941458e+07 -1.0577562877136864e+08 7.8308256888350174e+06 3.8397283409663437e+01 -2.0965732314636387e+00 4.6591585825351398e+00 1.3136791275896405e+03 0.0000000000000000e+00 0.0000000000000000e+00 0.0000000000000000e+00 0
156 2 1 9.6849125151999980e+07 -4.2587756511544742e+07 -1.0579339304678898e+08 7.8710548560049618e+06 3.8430054585993723e+01 -2.0154881120563033e+00 4.6531407341062323e+00 1.3136791275896405e+03 -1.7643911604995838e-01 -3.2218765945219406e-02 -4.1087121012606052e-02 0
157 2 1 1.0418448315200000e+08 8.5522343301379561e+07 1.0216485123217164e+08 -2.8790909295049333e+06 -1.5819163490766220e+01 2.9591040206886369e+01 -5.4674544490286792e+00 1.2818785542206779e+03 -1.2811269094752264e-01 9.8515188609801255e-02 -6.8068565952251817e-02 0
158 2 3 1.0418448415200000e+08 8.5522327482213706e+07 1.0216488082320893e+08 -2.8790963969592908e+06 -1.5819168286179593e+01 2.9591034478292052e+01 -5.4674542875919707e+00 1.2818785542206779e+03 0.0000000000000000e+00 0.0000000000000000e+00 0.0000000000000000e+00 189
159 2 2 1.0418448515200000e+08 8.5522311586741358e+07 1.0216491039278452e+08 -2.8791018704258325e+06 -1.5819173108715960e+01 2.9591028742569787e+01 -5.4674541283368789e+00 1.2818785542207818e+03 0.0000000000000000e+00 0.0000000000000000e+00 0.0000000000000000e+00 0
160 2 1 1.0419312515199998e+08 8.5385455185346901e+07 1.0242036305964953e+08 -2.9263346205130527e+06 -1.5860521449171330e+01 2.9541532721460197e+01 -5.4660496030210384e+00 1.2818785542207818e+03 1.4812274932086261e-01 -2.7152710509415140e-01 1.1904920942616158e-01 0
161 2 1 1.1282448415200000e+08 -9.6044055804147333e+07 1.7624432804341877e+08 -2.9706754322296351e+07 -1.8311077998390626e+01 -7.5976954824002396e+00 -3.3968705966652379e-01 1.2169501904875979e+03 1.5495399371452850e-01 -6.5799429358440742e-02 2.3438000056994152e-01 0
162 2 2 1.1282448615200000e+08 -9.6044092426300213e+07 1.7624431284802225e+08 -2.9706755001669526e+07 -1.8311074946587780e+01 -7.5977010825679114e+00 -3.3968611573365448e-01 1.2169501904875979e+03 0.0000000000000000e+00 0.0000000000000000e+00 0.0000000000000000e+00 0
163 2 1 1.1283312615199998e+08 -9.6202243133730382e+07 1.7617856422050324e+08 -2.9709672274665073e+07 -1.8297882082307051e+01 -7.6218860293657213e+00 -3.3560867578617176e-01 1.2169501904875979e+03 8.9860012278806814e-02 -1.2120817018564098e-01 2.3772198409735565e-01 0
164 2 1 1.2146448415200000e+08 -1.6398013389104110e+08 2.0778374200624350e+07 -1.0262490196294529e+07 7.1705856870665192e+00 -2.5843251976647281e+01 4.4760185229730558e+00 1.1486804265235128e+03 1.9211576176708361e-01 -3.0034462642325271e-01 9.3243726415750391e-02 0
165 2 3 1.2146448515200000e+08 -1.6398012672045302e+08 2.0778348357372120e+07 -1.0262485720275866e+07 7.1705904782883279e+00 -2.5843252583755820e+01 4.4760188228255808e+00 1.1486804265235128e+03 0.0000000000000000e+00 0.0000000000000000e+00 0.0000000000000000e+00 275
166 2 2 1.2146448615200000e+08 -1.6398011947469819e+08 2.0778322462004300e+07 -1.0262481232906399e+07 7.1705952879235229e+00 -2.5843253200426435e+01 4.4760191248485848e+00 1.1486804265235135e+03 0.0000000000000000e+00 0.0000000000000000e+00 0.0000000000000000e+00 0
167 2 1 1.2147312615199998e+08 -1.6391798662339005e+08 2.0555014162860230e+07 -1.0223797243602825e+07 7.2120180483754481e+00 -2.5848474756743762e+01 4.4786071172476349e+00 1.1486804265235135e+03 -2.0406655074475133e-01 8.5055997174034587e-02 3.6238693082493262e-01 0
168 2 1 1.2880848515200000e+08 4.0231227698528863e+07 -8.0631481270080298e+07 1.8392812243772499e+07 3.8724521349452253e+01 2.0493921760768480e+01 -1.9304352330120971e+00 1.0860662323997685e+03 -3.0191246155371759e-01 3.6640758571684903e-02 9.3165774734601855e-03 0
169 2 2 1.2880848715200000e+08 4.0231305147557676e+07 -8.0631440282209337e+07 1.8392808382895768e+07 3.8724507622249909e+01 2.0493949272812600e+01 -1.9304415087734936e+00 1.0860662323997685e+03 0.0000000000000000e+00 0.0000000000000000e+00 0.0000000000000000e+00 0
170 2 1 1.2881712715199998e+08 4.0565627966812953e+07 -8.0453859428624272e+07 1.8376012267596785e+07 3.8664947830363531e+01 2.0612693924013985e+01 -1.9575457881540139e+00 1.0860662323997685e+03 5.8624937061790882e-03 -8.8170593212524850e-03 1.9852612791707931e-02 0
171 2 1 1.3615248515199998e+08 4.9933865900063761e+07 1.4146661713679305e+08 -2.6990822095896527e+07 -2.2516130632073718e+01 1.6516660098597196e+01 -5.1953456143440517e+00 1.0559310209160767e+03 -2.1930046608526282e-01 2.3115802273592802e-02 -2.5616687161980589e-01 0
172 2 3 1.3615248615199998e+08 4.9933843383932240e+07 1.4146663365345046e+08 -2.6990827291241623e+07 -2.2516132503191415e+01 1.6516654797570304e+01 -5.1953446029458714e+00 1.0559310209160767e+03 0.0000000000000000e+00 0.0000000000000000e+00 0.0000000000000000e+00 271
173 2 2 1.3615248715199998e+08 4.9933820757674702e+07 1.4146665012556526e+08 -2.6990832483611580e+07 -2.2516134398254088e+01 1.6516649478526091e+01 -5.1953435892601920e+00 1.0559310209140642e+03 0.0000000000000000e+00 0.0000000000000000e+00 0.0000000000000000e+00 0
174 2 1 1.3616112715199995e+08 4.9739211643187918e+07 1.4160915615030962e+08 -2.7035682500055861e+07 -2.2532257188472730e+01 1.6470860071762083e+01 -5.1866044394894368e+00 1.0559310209140642e+03 -1.8676918632886230e-01 3.0316692970733111e-01 3.8537198993369236e-02 0
175 2 1 1.4220048615199998e+08 -9.3474204963082790e+07 1.6258327270382899e+08 -3.9391877475840427e+07 -2.1410960118273643e+01 -7.3483256763225517e+00 9.3515533566984066e-01 1.0063593705650646e+03 -1.8736293120881983e-01 1.6540047381670114e-01 1.7133140015739992e-01 0
176 2 2 1.4220048815199998e+08 -9.3474247784999430e+07 1.6258325800717151e+08 -3.9391875605528273e+07 -2.1410956592652049e+01 -7.3483318085698341e+00 9.3515682143608703e-01 1.0063593705650646e+03 0.0000000000000000e+00 0.0000000000000000e+00 0.0000000000000000e+00 0
177 2 1 1.4220912815199995e+08 -9.3659172621911332e+07 1.6251965401352507e+08 -3.9383768129546419e+07 -2.1395714976556274e+01 -7.3748107469468946e+00 9.4157292944820681e-01 1.0063593705650646e+03 -1.5596065367875542e-01 1.9328794243889511e-01 1.6461304354310227e-01 0
178 2 1 1.4824848615199998e+08 -1.8514612936036742e+08 7.7792326349704280e+07 -2.0527518917192254e+07 -7.7595807646211483e+00 -1.8745980258926153e+01 4.7332088144038647e+00 9.5604940577037439e+02 -2.0964126977926589e-01 3.0895570180000081e-01 7.3281812745042601e-03 0
179 2 3 1.4824848715199998e+08 -1.8514613711994666e+08 7.7792307603723422e+07 -2.0527514183983281e+07 -7.7595777778560819e+00 -1.8745981513866621e+01 4.7332091455523919e+00 9.5604940577037439e+02 0.0000000000000000e+00 0.0000000000000000e+00 0.0000000000000000e+00 107
180 2 2 1.4824848815199998e+08 -1.8514614488052687e+08 7.7792288857551664e+07 -2.0527509450755749e+07 -7.7595747908353037e+00 -1.8745982769041106e+01 4.7332094767487671e+00 9.5604940577037530e+02 0.0000000000000000e+00 0.0000000000000000e+00 0.0000000000000000e+00 0
181 2 1 1.4825712815199998e+08 -1.8521307611003762e+08 7.7630276757370532e+07 -2.0486602168725085e+07 -7.7337634911281796e+00 -1.8756814572686526e+01 4.7360678570762937e+00 9.5604940577037530e+02 -2.2883741950452542e-02 -7.5058807776168843e-02 -7.4309743131288214e-02 0
182 2 1 1.5818448715199998e+08 -8.9454177644143224e+07 -1.1149248907019430e+08 2.5403805832823232e+07 2.9205469029922657e+01 -9.9504668986116709e+00 2.4553431704585802e+00 9.4207463528869937e+02 -1.5062355891055903e-03 1.1978878224877683e-03 -3.7508278663495355e-03 0
183 2 2 1.5818448915199998e+08 -8.9454119233197525e+07 -1.1149250897111839e+08 2.5403810743507363e+07 2.9205476788797959e+01 -9.9504572282228523e+00 2.4553409670394641e+00 9.4207463528869937e+02 0.0000000000000000e+00 0.0000000000000000e+00 0.0000000000000000e+00 0
184 2 1 1.5819312915199998e+08 -8.9201639165263370e+07 -1.1157830029581672e+08 2.5424983732613944e+07 2.9238977496904461e+01 -9.9086279913462079e+00 2.4458097795597609e+00 9.4207463528869937e+02 -2.1371464956542560e-02 -2.1863727200137849e-03 -2.8072930011850180e-02 0
185 2 1 1.6812048715199998e+08 7.4492483724045232e+07 1.0285867148319639e+08 -2.3217098200754132e+07 -2.1210768928840675e+01 2.5934193864503801e+01 -5.9402076958159586e+00 9.3097775878915297e+02 -1.9517621552096788e-03 -5.6028976039928770e-02 6.4098827848356632e-02 0
186 2 3 1.6812048815199998e+08 7.4492462513274044e+07 1.0285869741738704e+08 -2.3217104140961099e+07 -2.1210773522893678e+01 2.5934187521067631e+01 -5.9402062639854796e+00 9.3097775878915297e+02 0.0000000000000000e+00 0.0000000000000000e+00 0.0000000000000000e+00 200
187 2 2 1.6812048915199998e+08 7.4492441118721396e+07 1.0285872344093993e+08 -2.3217110102940150e+07 -2.1210778170526677e+01 2.5934181128289222e+01 -5.9402048210289928e+00 9.3097775878803111e+02 0.0000000000000000e+00 0.0000000000000000e+00 0.0000000000000000e+00 0
188 2 1 1.6812912915199998e+08 7.4309008772753701e+07 1.0308255797702816e+08 -2.3268380024410728e+07 -2.1250384174428632e+01 2.5879366439364020e+01 -5.9278319366303664e+00 9.3097775878803111e+02 3.8744621213104000e-02 3.0520009673078141e-01 -3.6301753182317825e-01 0
189 2 1 1.7546448815199998e+08 -1.0731764398776846e+08 1.5455582061686352e+08 -4.4459333793804824e+07 -2.0818231602281909e+01 -7.2952029543094064e+00 -8.9815803977312614e-01 8.4481653451507623e+02 1.4285544137312192e-01 5.5648433854473607e-02 -4.4897325289376450e-01 0
190 2 2 1.7546449015199998e+08 -1.0731768562422764e+08 1.5455580602645198e+08 -4.4459335590119265e+07 -2.0818227661043046e+01 -7.2952086303682355e+00 -8.9815640700504229e-01 8.4481653451507623e+02 0.0000000000000000e+00 0.0000000000000000e+00 0.0000000000000000e+00 0
191 2 1 1.7547313015199998e+08 -1.0749748153664555e+08 1.5449266953747872e+08 -4.4467065196407691e+07 -2.0801194012299980e+01 -7.3197144600659350e+00 -8.9110503700451971e-01 8.4481653451507623e+02 1.6532989775077547e-01 8.9310343036188816e-02 -4.2998345674348165e-01 0
192 2 1 1.8280848815199998e+08 -1.9264773827797586e+08 4.9954991028723001e+07 -4.5301803206449769e+07 -1.3346208543937386e+00 -1.8528657712590803e+01 5.0038475895161028e-01 7.5816131613467894e+02 8.1313201475094507e-02 2.1426195737033374e-01 -4.0561461901318335e-01 0
193 2 3 1.8280848915199998e+08 -1.9264773961259520e+08 4.9954972500064932e+07 -4.5301802706064656e+07 -1.3346178477463271e+00 -1.8528658492236683e+01 5.0038546597547329e-01 7.5816131613467894e+02 0.0000000000000000e+00 0.0000000000000000e+00 0.0000000000000000e+00 101
194 2 2 1.8280849015199998e+08 -1.9264774095056692e+08 4.9954953971349962e+07 -4.5301802206098840e+07 -1.3346148401964513e+00 -1.8528659271898899e+01 5.0038617325514478e-01 7.5816131613467928e+02 0.0000000000000000e+00 0.0000000000000000e+00 0.0000000000000000e+00 0
195 2 1 1.8281713015199998e+08 -1.9265915978193054e+08 4.9794837282046959e+07 -4.5297452477091379e+07 -1.3086310379130659e+00 -1.8535386061750074e+01 5.0649588243270594e-01 7.5816131613467928e+02 1.0806072923465627e-02 -5.1648775464186163e-02 -1.5826091684082752e-01 0
196 2 1 1.9144848915199998e+08 -6.5976205906150997e+07 -9.5043334832318127e+07 -1.6539368487170085e+07 3.4574772306450718e+01 -4.4827856886949631e+00 7.1984516998515931e+00 7.1909607581480873e+02 -1.4787083697967587e-01 7.3278898838501999e-02 -1.4931601661447291e-01 0
197 2 2 1.9144849115199998e+08 -6.5976136756595545e+07 -9.5043343797873676e+07 -1.6539354090263963e+07 3.4574783275519557e+01 -4.4827698869757810e+00 7.1984544496533625e+00 7.1909607581480873e+02 0.0000000000000000e+00 0.0000000000000000e+00 0.0000000000000000e+00 0
198 2 1 1.9145713115199998e+08 -6.5677205973633014e+07 -9.5081779622819051e+07 -1.6477108126221307e+07 3.4622150975841279e+01 -4.4143644549544989e+00 7.2103334816025768e+00 7.1909607581480873e+02 -2.4323822892641966e-02 4.8126900445143962e-03 -1.6105647416241931e-02 0
199 2 1 2.0008848915199998e+08 -4.2495385675695039e+07 1.3114405332244742e+08 -5.1278134384925179e+06 -2.9262955271562699e+01 5.1718824357393718e+00 -5.9176654506999737e+00 7.0168090387035886e+02 -1.2357087835000587e-01 -5.3961104567837585e-02 9.4122429537148965e-03 0
200 2 3 2.0008849015199998e+08 -4.2495414938649185e+07 1.3114405849432652e+08 -5.1278193561578272e+06 -2.9262953123415748e+01 5.1718758063935724e+00 -5.9176651914883172e+00 7.0168090387035886e+02 0.0000000000000000e+00 0.0000000000000000e+00 0.0000000000000000e+00 128
201 2 2 2.0008849115199998e+08 -4.2495444357284591e+07 1.3114406353455657e+08 -5.1278253112059375e+06 -2.9262950985701409e+01 5.1718691144791844e+00 -5.9176649362889373e+00 7.0168090387028360e+02 0.0000000000000000e+00 0.0000000000000000e+00 0.0000000000000000e+00 0
202 2 1 2.0009713115199998e+08 -4.2748195986801863e+07 1.3118850123585451e+08 -5.1789442376742810e+06 -2.9244360517958913e+01 5.1146579125724818e+00 -5.9154171733255643e+00 7.0168090387028360e+02 -1.0209803965995879e-02 7.3069561179676954e-03 1.6494551162773688e-03 0
203 2 1 2.0613649015199998e+08 -1.6872363794931364e+08 8.4753564521676913e+07 -3.1246599839149944e+07 -1.1828686244254859e+01 -1.5721963620981343e+01 -2.2559815741729650e+00 6.8787903091898136e+02 -1.0381783645546377e-01 2.5162572882564044e-02 1.3198187738362929e-01 0
204 2 2 2.0613649215199998e+08 -1.6872366160667968e+08 8.4753533077746525e+07 -3.1246604351111900e+07 -1.1828679855557848e+01 -1.5721966830162421e+01 -2.2559803910248184e+00 6.8787903091898136e+02 0.0000000000000000e+00 0.0000000000000000e+00 0.0000000000000000e+00 0
205 2 1 2.0614513215199998e+08 -1.6882574216877282e+08 8.4617635435678184e+07 -3.1266073940536302e+07 -1.1801079490017749e+01 -1.5735815785476031e+01 -2.2508689236333916e+00 6.8787903091898136e+02 -7.6089439524103172e-02 2.1938193029243613e-02 9.9010824459694988e-02 0
206 2 1 2.1218449015199998e+08 -1.8150225928438640e+08 -2.6228703097393800e+07 -3.1929830175293412e+07 8.1858944208188387e+00 -1.8902530086459766e+01 1.9650893281732900e+00 6.7524703331993703e+02 -3.8187448184302336e-02 1.2618647861866806e-02 1.0887511675778637e-02 0
207 2 3 2.1218449115199998e+08 -1.8150225109849012e+08 -2.6228721999923579e+07 -3.1929828210203759e+07 8.1858981552879690e+00 -1.8902529546795300e+01 1.9650899851401213e+00 6.7524703331993703e+02 0.0000000000000000e+00 0.0000000000000000e+00 0.0000000000000000e+00 217
208 2 2 2.1218449215199998e+08 -1.8150224290680185e+08 -2.6228740903936643e+07 -3.1929826244157378e+07 8.1859018972128830e+00 -1.8902529006921387e+01 1.9650906433829813e+00 6.7524703331964542e+02 0.0000000000000000e+00 0.0000000000000000e+00 0.0000000000000000e+00 0
209 2 1 2.1219313215199998e+08 -1.8143137730759528e+08 -2.6392038564549718e+07 -3.1912823337750528e+07 8.2181741343975183e+00 -1.8897849939131859e+01 1.9707675633369413e+00 6.7524703331964542e+02 -1.4213286542867065e-01 1.5852131147919021e-01 -4.3472012042954311e-02 0
210 2 1 2.1952849115199998e+08 -1.1259874286138279e+07 -9.3530579889874235e+07 8.0216983949892834e+04 3.8642174255853078e+01 1.4952139556218690e+01 6.5235404811660809e+00 6.5164422439427983e+02 -1.2280705265931276e-02 3.3592329474233310e-02 -8.5439802852453756e-03 0
211 2 2 2.1952849315199998e+08 -1.1259797001786346e+07 -9.3530549985565498e+07 8.0230031030803875e+04 3.8642177830547979e+01 1.4952169249656874e+01 6.5235404556972760e+00 6.5164422439427983e+02 0.0000000000000000e+00 0.0000000000000000e+00 0.0000000000000000e+00 0
212 2 1 2.1953713315199998e+08 -1.0925862415066360e+07 -9.3400808357816413e+07 1.3659283275787829e+05 3.8657432109834517e+01 1.5080700011840747e+01 6.5233913373486558e+00 6.5164422439427983e+02 2.5241238257972969e-02 3.9857462405837769e-02 -7.0183066962822499e-03 0
213 2 1 2.2687249115199998e+08 -8.3673780505161181e+07 1.1504878825996721e+08 -1.7432398244447064e+07 -2.9629970539346989e+01 -1.6572926216798223e+00 -5.2104605763952723e+00 6.2621373566222076e+02 -2.2695923945445606e-01 1.1893589542329631e-01 -4.1092982221347059e-02 0
214 2 3 2.2687249215199998e+08 -8.3673810135129765e+07 1.1504878660267200e+08 -1.7432403454907238e+07 -2.9629966767487286e+01 -1.6572978078660621e+00 -5.2104597905749301e+00 6.2621373566222076e+02 0.0000000000000000e+00 0.0000000000000000e+00 0.0000000000000000e+00 222
215 2 2 2.2687249315199998e+08 -8.3673839829187468e+07 1.1504878477559985e+08 -1.7432408672889464e+07 -2.9629962991602042e+01 -1.6573030498792169e+00 -5.2104590027768820e+00 6.2621373566227430e+02 0.0000000000000000e+00 0.0000000000000000e+00 0.0000000000000000e+00 0
216 2 1 2.2688113315199998e+08 -8.3929701922920316e+07 1.1503427230554768e+08 -1.7477397712203402e+07 -2.9597373228218558e+01 -1.7020417127324243e+00 -5.2036709453573167e+00 6.2621373566227430e+02 6.1202316227504192e-03 3.2992942742470846e-03 -2.5625156655645688e-03 0
217 2 1 2.3680849215199998e+08 -2.1367928995635042e+08 -1.4104054642442340e+07 -3.6045047483358115e+07 1.5902682420965899e+00 -1.7102868328271203e+01 1.1295838301188825e+00 6.1233761779454073e+02 2.7901394703363138e-03 -8.8210361366125367e-02 6.9361850417214349e-02 0
218 2 2 2.3680849415199998e+08 -2.1367928677580842e+08 -1.4104088848178564e+07 -3.6045045224189527e+07 1.5902737805012921e+00 -1.7102867962704384e+01 1.1295847643790804e+00 6.1233761779454073e+02 0.0000000000000000e+00 0.0000000000000000e+00 0.0000000000000000e+00 0
219 2 1 2.3681713415199998e+08 -2.1366544344999346e+08 -1.4251850781012334e+07 -3.6035268177416034e+07 1.6141998377519378e+00 -1.7101280378178778e+01 1.1336203768034701e+00 6.1233761779454073e+02 -6.0524971553696273e-03 -7.9925213510958798e-02 5.9374164947732962e-02 0
220 2 1 2.4674449215199998e+08 -5.4918664001210608e+07 -1.2791665203082062e+08 -6.7827066797547275e+05 3.0995774931707448e+01 3.2065248864323266e+00 5.3240914066289911e+00 6.0010000000010496e+02 -3.8457785523080797e-03 2.3749628568125606e-03 -4.1304328121793176e-03 0
221 2 3 2.4674449315199998e+08 -5.4918633005434379e+07 -1.2791664882429259e+08 -6.7826534388406004e+05 3.0995777633351494e+01 3.2065311791082549e+00 5.3240914399954118e+00 6.0010000000010496e+02 0.0000000000000000e+00 0.0000000000000000e+00 0.0000000000000000e+00 116
222 2 4 2.4674449415199998e+08 -5.4918601947586432e+07 -1.2791664557452270e+08 -6.7826001748600835e+05 3.0995780346254193e+01 3.2065374866645513e+00 5.3240914743754955e+00 6.0010000000000002e+02 0.0000000000000000e+00 0.0000000000000000e+00 0.0000000000000000e+00 0
223 3 0 0.0000000000000000e+00 -1.9500328646873634e+07 1.4581848347052613e+08 -7.6372048832368055e+03 -2.9451834348473177e+01 -4.3578864909657495e+00 -3.9483878363922238e+00 1.6773506095311345e+03 0.0000000000000000e+00 0.0000000000000000e+00 0.0000000000000000e+00 0
224 3 2 1.0008480152000001e+07 -1.1489995536404271e+08 -8.7369956670457885e+07 -1.6637269787226610e+07 1.8029673345395828e+01 -2.4406887287675442e+01 1.9425125812617174e+00 1.6773506095311345e+03 0.0000000000000000e+00 0.0000000000000000e+00 0.0000000000000000e+00 0
225 3 1 1.0017120152000001e+07 -1.1474399353758287e+08 -8.7580690984082475e+07 -1.6620459622830961e+07 1.8072591331506679e+01 -2.4374190892149194e+01 1.9487280934677997e+00 1.6773506095311345e+03 -2.0865251659053599e-01 -2.4549345076058446e-01 2.9583000405100712e-01 0
226 3 1 1.9944479151999999e+07 1.2855623443948744e+08 -7.5182471200221673e+07 1.6658299306399122e+07 1.3341188760595243e+01 2.5081525301346893e+01 1.5608026060345357e+00 1.5905316782630991e+03 -2.1003408254395847e-01 -9.6088058616851102e-02 -4.1730101509870676e-01 0
227 3 2 1.9944481152000003e+07 1.2855626112185484e+08 -7.5182421037165120e+07 1.6658302428003022e+07 1.3341178621047607e+01 2.5081531231171443e+01 1.5608012921533507e+00 1.5905316782630991e+03 0.0000000000000000e+00 0.0000000000000000e+00 0.0000000000000000e+00 0
228 3 1 1.9953121151999999e+07 1.2867133960976928e+08 -7.4965606042803019e+07 1.6671763223011361e+07 1.3297352490466970e+01 2.5107113270872865e+01 1.5551225554876298e+00 1.5905316782630991e+03 -1.4654880161035375e-02 -1.1290481668070095e-01 -4.1769824434535935e-01 0
229 3 1 2.9880479152000003e+07 -1.7002435195446633e+07 1.1725697291686550e+08 -6.4017910087358924e+06 -3.3788760972990040e+01 -8.9054452430264490e+00 -3.7960781102788435e+00 1.5075537803864800e+03 -6.0878188197319487e-02 -3.6602263721175787e-01 1.4241844478093763e-01 0
230 3 3 2.9880480151999999e+07 -1.7002468984206863e+07 1.1725696401141560e+08 -6.4017948048137417e+06 -3.3788759622307417e+01 -8.9054545579739912e+00 -3.7960776017174687e+00 1.5075537803864800e+03 0.0000000000000000e+00 0.0000000000000000e+00 0.0000000000000000e+00 291
231 3 2 2.9880481151999999e+07 -1.7002502652561430e+07 1.1725695517941844e+08 -6.4017985889724065e+06 -3.3788758262147148e+01 -8.9054638395888173e+00 -3.7960770931659122e+00 1.5075537803864809e+03 0.0000000000000000e+00 0.0000000000000000e+00 0.0000000000000000e+00 0
232 3 1 2.9889121151999999e+07 -1.7294386807421286e+07 1.1717966427451552e+08 -6.4345776754782489e+06 -3.3776983314262033e+01 -8.9859514781909731e+00 -3.7916700597300412e+00 1.5075537803864809e+03 1.4805692004453944e-01 -2.4160585082511576e-01 4.2389910863137349e-02 0
233 3 1 3.9816480152000003e+07 -1.0152587878852103e+07 -1.3774707994549546e+08 7.7330357047969953e+05 2.9561026772949727e+01 -7.2461647195297445e+00 3.0425189181148995e+00 1.4397592132826944e+03 -5.9453068715733829e-03 5.6219960101365866e-02 -4.1632054180647921e-01 0
234 3 2 3.9816482152000003e+07 -1.0152528756797653e+07 -1.3774709443781099e+08 7.7330965551744576e+05 2.9561027795583570e+01 -7.2461508447182323e+00 3.0425188402222649e+00 1.4397592132826944e+03 0.0000000000000000e+00 0.0000000000000000e+00 0.0000000000000000e+00 0
235 3 1 3.9825122152000003e+07 -9.8971025579182729e+06 -1.3780944228680322e+08 7.9959554862538213e+05 2.9565387923507821e+01 -7.1862265866487736e+00 3.0421767872549013e+00 1.4397592132826944e+03 7.7729413700765068e-02 2.8416446859617053e-02 -4.1600746677819406e-01 0
236 3 1 4.9752480152000003e+07 1.5343560357280120e+08 2.2778876513779946e+07 6.3874237658159090e+06 -5.8660406856313090e+00 2.6445113325854585e+01 -1.8684359724875499e+00 1.3615714556732728e+03 1.0630910843772209e-01 -3.0668083688934488e-02 -1.6959054451580741e-01 0
237 3 3 4.9752481152000003e+07 1.5343559770675781e+08 2.2778902958892815e+07 6.3874218973798268e+06 -5.8660461275720577e+00 2.6445112517949720e+01 -1.8684361990319531e+00 1.3615714556732728e+03 0.0000000000000000e+00 0.0000000000000000e+00 0.0000000000000000e+00 176
238 3 2 4.9752482152000003e+07 1.5343559187497845e+08 2.2778929440251492e+07 6.3874200322760604e+06 -5.8660515665623176e+00 2.6445111704296824e+01 -1.8684364256988089e+00 1.3615714556732732e+03 0.0000000000000000e+00 0.0000000000000000e+00 0.0000000000000000e+00 0
239 3 1 4.9761122152000003e+07 1.5338470606994134e+08 2.3007384946250916e+07 6.3712682920239186e+06 -5.9130699842282741e+00 2.6438095217171952e+01 -1.8703916200058153e+00 1.3615714556732732e+03 1.4474957644572917e-01 -2.7125091683344166e-01 -5.7751833284906545e-02 0
240 3 1 5.8392481152000003e+07 -5.3816212223232292e+07 9.8553078461193666e+07 -9.6279127455102205e+06 -2.8714882965105041e+01 -2.2370797047587125e+01 -1.4892149612597061e-01 1.3177967000262611e+03 5.7497782455641397e-02 -6.4555230939652333e-02 -6.4737361254035217e-03 0
241 3 2 5.8392483152000003e+07 -5.3816269652988128e+07 9.8553033719581380e+07 -9.6279130433514267e+06 -2.8714872986544744e+01 -2.2370815321208536e+01 -1.4891971092678769e-01 1.3177967000262611e+03 0.0000000000000000e+00 0.0000000000000000e+00 0.0000000000000000e+00 0
242 3 1 5.8401123152000003e+07 -5.4064179561974585e+07 9.8359408916246638e+07 -9.6291663771689795e+06 -2.8671637230735499e+01 -2.2449732790493755e+01 -1.4120196435018598e-01 1.3177967000262611e+03 -6.1240508326607671e-02 -2.7010029553984893e-01 3.0838492854576915e-02 0
243 3 1 6.7032481152000003e+07 2.9626962325048994e+07 -1.3512060678751376e+08 1.0830434102127729e+07 3.1623261249408554e+01 -2.3319450962687656e+00 1.9616433421864468e+00 1.2559685122940680e+03 2.1178956037097055e-01 -2.4525599672662005e-01 2.9712033327625859e-02 0
244 3 3 6.7032482152000003e+07 2.9626993948309448e+07 -1.3512060911945552e+08 1.0830436063770799e+07 3.1623259777557955e+01 -2.3319383835575684e+00 1.9616428041368925e+00 1.2559685122940680e+03 0.0000000000000000e+00 0.0000000000000000e+00 0.0000000000000000e+00 37
245 3 2 6.7032483152000003e+07 2.9627025612811923e+07 -1.3512061133692211e+08 1.0830438020007316e+07 3.1623258322776923e+01 -2.3319316411349402e+00 1.9616422650376830e+00 1.2559685122940689e+03 0.0000000000000000e+00 0.0000000000000000e+00 0.0000000000000000e+00 0
246 3 1 6.7041123152000003e+07 2.9900195490774028e+07 -1.3514050880647373e+08 1.0847366527592959e+07 3.1610493843941200e+01 -2.2739792164671009e+00 1.9569938676633771e+00 1.2559685122940689e+03 -4.0968096619613892e-03 5.5649302182696203e-03 -2.4598774036329284e-02 0
247 3 1 7.5672482151999995e+07 1.8671854441246212e+08 -9.0848958128709197e+06 1.4383440881176138e+07 2.1252988602602794e+00 2.2455761761829340e+01 -2.7774286377154545e-01 1.2136156603953673e+03 -1.3398303400904110e-01 7.1126922074463889e-02 3.7120970740961201e-01 0
248 3 2 7.5672484151999995e+07 1.8671854866305232e+08 -9.0848509013471175e+06 1.4383440325689832e+07 2.1252913408953757e+00 2.2455762127687361e+01 -2.7774344300880105e-01 1.2136156603953673e+03 0.0000000000000000e+00 0.0000000000000000e+00 0.0000000000000000e+00 0
249 3 1 7.5681124151999995e+07 1.8673677085275781e+08 -8.8908263377107810e+06 1.4381029813488245e+07 2.0928083499540859e+00 2.2457325645132808e+01 -2.8024536486396445e-01 1.2136156603953673e+03 -1.4932912604586485e-01 8.8463038605449712e-02 3.5951380310533182e-01 0
250 3 1 8.4312482151999995e+07 6.7228505403683051e+07 1.4130392727732658e+08 8.4790017251619548e+06 -2.7927053117101476e+01 5.1521173917842615e+00 -1.5862052947377321e+00 1.1712038701877209e+03 -2.1336973810710327e-02 -2.2018034553622109e-02 -3.2678765722358984e-02 0
251 3 3 8.4312483151999995e+07 6.7228477476628825e+07 1.4130393242944154e+08 8.4790001389565170e+06 -2.7927055435381256e+01 5.1521125191173738e+00 -1.5862055871241301e+00 1.1712038701877209e+03 0.0000000000000000e+00 0.0000000000000000e+00 0.0000000000000000e+00 79
252 3 2 8.4312484151999995e+07 6.7228449520725280e+07 1.4130393757429403e+08 8.4789985562285464e+06 -2.7927057758051237e+01 5.1521076418112584e+00 -1.5862058798053806e+00 1.1712038701862361e+03 0.0000000000000000e+00 0.0000000000000000e+00 0.0000000000000000e+00 0
253 3 1 8.4321124151999995e+07 6.6987073280581795e+07 1.4134826981942907e+08 8.4652828255820442e+06 -2.7947064006437230e+01 5.1099753130535586e+00 -1.5887316053220004e+00 1.1712038701862361e+03 6.4207746699334545e-02 -3.9814224572700480e-01 -3.5254330949825781e-02 0
254 3 1 8.9064483151999995e+07 -7.2418411445480749e+07 9.1362356353806823e+07 -2.3512199075509012e+06 -2.4556217629803630e+01 -2.8773715578281085e+01 -2.7093361485301610e+00 1.1256474041047497e+03 -2.0725024229840094e-01 -2.8851198518240712e-01 -1.6898330526818106e-01 0
255 3 2 8.9064485151999995e+07 -7.2418460557903796e+07 9.1362298806360483e+07 -2.3512253262227937e+06 -2.4556205506400637e+01 -2.8773730873037184e+01 -2.7093357549174168e+00 1.1256474041047497e+03 0.0000000000000000e+00 0.0000000000000000e+00 0.0000000000000000e+00 0
256 3 1 8.9073125151999980e+07 -7.2630399579204023e+07 9.1113408440962613e+07 -2.3746266130433059e+06 -2.4503713497522082e+01 -2.8839767305075451e+01 -2.7076255057384642e+00 1.1256474041047497e+03 -1.4282746516493869e-01 -3.6888520076677522e-01 -1.5705567299208817e-01 0
257 3 1 9.3816483151999995e+07 -8.3994770159211293e+07 -8.6167672353062645e+07 -9.7631638787066601e+06 2.0000574727153236e+01 -3.2920885962247532e+01 1.4774253382754662e-01 1.0796117097684889e+03 3.0803738274318756e-02 -3.4341855375223374e-01 -6.3389284684152516e-02 0
258 3 3 9.3816484151999995e+07 -8.3994750158633441e+07 -8.6167705273945287e+07 -9.7631637309637591e+06 2.0000581062014973e+01 -3.2920879463504114e+01 1.4774327016267852e-01 1.0796117097684889e+03 0.0000000000000000e+00 0.0000000000000000e+00 0.0000000000000000e+00 198
259 3 2 9.3816485151999995e+07 -8.3994730178193167e+07 -8.6167738136594653e+07 -9.7631635828142706e+06 2.0000587399745324e+01 -3.2920872961500301e+01 1.4774400682233915e-01 1.0796117097684894e+03 0.0000000000000000e+00 0.0000000000000000e+00 0.0000000000000000e+00 0
260 3 1 9.3825125151999980e+07 -8.3821688979785785e+07 -8.6451931814219683e+07 -9.7618596110733971e+06 2.0055208073421376e+01 -3.2864688983444879e+01 1.5409898432278418e-01 1.0796117097684894e+03 -6.3524601600215808e-02 4.3144200749760725e-01 2.2120997713725291e-02 0
261 3 1 9.9864484151999995e+07 7.5584599437762097e+07 -1.6740088405894503e+08 -5.7024347407342005e+05 2.5240058959770632e+01 2.2520895546017048e+00 2.2497257558331403e+00 1.0225776573380431e+03 -1.0165451049213432e-01 2.7669476567071716e-01 1.0026435573932031e-01 0
262 3 2 9.9864486151999995e+07 7.5584649917876676e+07 -1.6740087955475879e+08 -5.7023897462189279e+05 2.5240055722144650e+01 2.2520967251267563e+00 2.2497257802591109e+00 1.0225776573380431e+03 0.0000000000000000e+00 0.0000000000000000e+00 0.0000000000000000e+00 0
263 3 1 9.9873126151999980e+07 7.5802663543019071e+07 -1.6738128767745256e+08 -5.5080089339000918e+05 2.5226057229212067e+01 2.2830533955999655e+00 2.2498294410348652e+00 1.0225776573380431e+03 1.5241263922154099e-02 2.8632706579952050e-01 8.4847707519426177e-02 0
264 3 1 1.0591248415200000e+08 1.8997340244260776e+08 -9.8756538710956842e+07 1.2735518404316431e+07 1.1508077321421029e+01 1.8312846961103990e+01 1.8614987412604374e+00 9.7020239412027354e+02 -1.7097327677828267e-01 3.6275691521299747e-01 -2.5654070554748984e-02 0
265 3 3 1.0591248515200000e+08 1.8997341395068380e+08 -9.8756520398109242e+07 1.2735520265815083e+07 1.1508074766380906e+01 1.8312848289326176e+01 1.8614985699745548e+00 9.7020239412027354e+02 0.0000000000000000e+00 0.0000000000000000e+00 0.0000000000000000e+00 203
266 3 2 1.0591248615200000e+08 1.8997342546376929e+08 -9.8756502087846711e+07 1.2735522127602451e+07 1.1508072210820741e+01 1.8312849617483327e+01 1.8614983986371496e+00 9.7020239412027468e+02 0.0000000000000000e+00 0.0000000000000000e+00 0.0000000000000000e+00 0
267 3 1 1.0592112615199998e+08 1.9007275983185920e+08 -9.8598229521751210e+07 1.2751599078345308e+07 1.1485993383938354e+01 1.8324314963792759e+01 1.8600177214174167e+00 9.7020239412027468e+02 8.0317087378654395e-02 -2.5276170916919340e-02 1.3193817374384994e-02 0
268 3 1 1.1584848515200000e+08 1.7250173955477697e+08 1.0171113966647118e+08 2.0420910093801700e+07 -1.5532700106401075e+01 1.7180473470969229e+01 -5.9093164029873324e-01 9.5176555096246261e+02 4.2048221831272950e-02 -4.8092921297574129e-02 5.4206044990607995e-03 0
269 3 2 1.1584848715200000e+08 1.7250170848937121e+08 1.0171117402741474e+08 2.0420908911937758e+07 -1.5532705720068828e+01 1.7180470161015979e+01 -5.9093230484977977e-01 9.5176555096246261e+02 0.0000000000000000e+00 0.0000000000000000e+00 0.0000000000000000e+00 0
270 3 1 1.1585712715199998e+08 1.7236740115352532e+08 1.0185955147542503e+08 2.0415790853243161e+07 -1.5556954650050034e+01 1.7166156403457030e+01 -5.9380367335430850e-01 9.5176555096246261e+02 1.8515436112956049e-01 -1.0095421197344955e-01 2.2138353714199459e-02 0
271 3 1 1.2578448515200000e+08 -7.3131310766362831e+07 1.0350985966343260e+08 -1.4353717834597141e+06 -2.3476029026047918e+01 -2.6391173384132475e+01 -3.3608333987507542e+00 9.2586500007991833e+02 -3.7607475112007788e-03 1.9110644850789046e-02 2.1787959863419398e-03 0
272 3 3 1.2578448615200000e+08 -7.3131334242389426e+07 1.0350983327225588e+08 -1.4353751442930596e+06 -2.3476024259404529e+01 -2.6391180130824711e+01 -3.3608333051942147e+00 9.2586500007991833e+02 0.0000000000000000e+00 0.0000000000000000e+00 0.0000000000000000e+00 211
273 3 2 1.2578448715200000e+08 -7.3131357761951447e+07 1.0350980682794435e+08 -1.4353785116217951e+06 -2.3476019484620231e+01 -2.6391186888933653e+01 -3.3608332114653212e+00 9.2586500007945256e+02 0.0000000000000000e+00 0.0000000000000000e+00 0.0000000000000000e+00 0
274 3 1 1.2579312715199998e+08 -7.3334012394929886e+07 1.0328153520263931e+08 -1.4644125931136135e+06 -2.3434744942813420e+01 -2.6449461497585677e+01 -3.3600160365284664e+00 9.2586500007945256e+02 8.0713042174822891e-02 1.1406248671454128e-01 1.8419557726057398e-02 0
275 3 1 1.3572048615199998e+08 5.9544208112514906e+07 -1.3710452900107425e+08 -1.1146636681085664e+06 2.9685850028722239e+01 4.0496678234632757e+00 2.8758403585310979e+00 9.0793055111547858e+02 -5.4134630620108657e-04 -6.6083949852609822e-03 1.5205061912099214e-02 0
276 3 2 1.3572048815199998e+08 5.9544267484210119e+07 -1.3710452090172774e+08 -1.1146579164277723e+06 2.9685845296904077e+01 4.0496787187858985e+00 2.8758404471101509e+00 9.0793055111547858e+02 0.0000000000000000e+00 0.0000000000000000e+00 0.0000000000000000e+00 0
277 3 1 1.3572912815199998e+08 5.9800664795045204e+07 -1.3706932845712021e+08 -1.0898090149191141e+06 2.9665374187084133e+01 4.0967074937740620e+00 2.8762185781737251e+00 9.0793055111547858e+02 2.0692474166893809e-01 2.0556732535981109e-01 1.9871432876137585e-01 0
278 3 1 1.4565648615199998e+08 1.9745308130786985e+08 4.7883688017553270e+07 2.4127532372335400e+07 -2.7313093342468773e+00 2.2994287717692981e+01 1.0953748413072897e+00 8.5569362546170635e+02 -4.3089181452602371e-03 9.7439384328788625e-02 -6.0053792174601772e-02 0
279 3 3 1.4565648715199998e+08 1.9745307857655898e+08 4.7883711011840574e+07 2.4127533467710052e+07 -2.7313123936352377e+00 2.2994286975770731e+01 1.0953744674691435e+00 8.5569362546170635e+02 0.0000000000000000e+00 0.0000000000000000e+00 0.0000000000000000e+00 273
280 3 2 1.4565648815199998e+08 1.9745307571402022e+08 4.7883734263409354e+07 2.4127534562216669e+07 -2.7313154834344284e+00 2.2994286236432622e+01 1.0953740906791025e+00 8.5569362546260982e+02 0.0000000000000000e+00 0.0000000000000000e+00 0.0000000000000000e+00 0
281 3 1 1.4566512815199998e+08 1.9742936297560760e+08 4.8082377169444986e+07 2.4136984640796140e+07 -2.7577422028354501e+00 2.2987863896711215e+01 1.0921440840714463e+00 8.5569362546260982e+02 2.9415075083085884e-02 -6.6446596038009079e-02 1.2961681266291429e-02 0
282 3 1 1.5429648715199998e+08 8.2496479239196271e+07 1.8565895942711282e+08 2.1246968396102194e+07 -2.1181397886857258e+01 5.7706531684526947e+00 -1.6085858063839007e+00 8.2681600790522009e+02 1.2674784630721023e-01 -1.2879089753687878e-01 6.2994767669873331e-02 0
283 3 2 1.5429648915199998e+08 8.2496436876397997e+07 1.8565897096841335e+08 2.1246965178929929e+07 -2.1181400455840841e+01 5.7706473869337778e+00 -1.6085864680257462e+00 8.2681600790522009e+02 0.0000000000000000e+00 0.0000000000000000e+00 0.0000000000000000e+00 0
284 3 1 1.5430512915199998e+08 8.2313381661479622e+07 1.8570872143928078e+08 2.1233054644898772e+07 -2.1192488597418109e+01 5.7456623589514937e+00 -1.6114444561319656e+00 8.2681600790522009e+02 8.1979149235042612e-02 -4.7000351597388072e-02 4.4688963538861350e-02 0
285 3 1 1.6293648715199998e+08 -1.0226379441427711e+08 9.5762654550336495e+07 -1.6090269772002012e+06 -1.3467808391097416e+01 -2.9834919178402806e+01 -3.2517100185816998e+00 7.9944536224520004e+02 3.0372407947377951e-02 -1.5783153588274376e-01 1.1732037245746436e-02 0
286 3 3 1.6293648815199998e+08 -1.0226380788208301e+08 9.5762624715415075e+07 -1.6090302289101745e+06 -1.3467803456845116e+01 -2.9834923798972543e+01 -3.2517099409456933e+00 7.9944536224520004e+02 0.0000000000000000e+00 0.0000000000000000e+00 0.0000000000000000e+00 21
287 3 2 1.6293648915199998e+08 -1.0226382135222290e+08 9.5762594818136841e+07 -1.6090334855785687e+06 -1.3467798517339938e+01 -2.9834928431917660e+01 -3.2517098637594453e+00 7.9944536224520243e+02 0.0000000000000000e+00 0.0000000000000000e+00 0.0000000000000000e+00 0
288 3 1 1.6294512915199998e+08 -1.0237999877186961e+08 9.5504648617618173e+07 -1.6371253422803390e+06 -1.3425100758582568e+01 -2.9874835219886290e+01 -3.2510325695698974e+00 7.9944536224520243e+02 -4.3830687581419409e-01 -1.6642225260697924e-01 1.5415237168046913e-02 0
289 3 1 1.6898448815199998e+08 -5.0184166883500308e+07 -1.0675677342469221e+08 -1.2901240212903023e+07 3.0771008646650056e+01 -2.0868607379845926e+01 3.1556328811885076e-01 7.3440821793664179e+02 -3.1779826081714102e-01 1.7097991138687324e-01 -2.8226135814573378e-01 0
290 3 2 1.6898449015199998e+08 -5.0184105341475159e+07 -1.0675681516188993e+08 -1.2901239581774399e+07 3.0771016617710007e+01 -2.0868590422997144e+01 3.1556533730340641e-01 7.3440821793664179e+02 0.0000000000000000e+00 0.0000000000000000e+00 0.0000000000000000e+00 0
291 3 1 1.6899313015199998e+08 -4.9918095323551103e+07 -1.0693680328173397e+08 -1.2898474873226453e+07 3.0805338853440233e+01 -2.0795320931022225e+01 3.2441133073839978e-01 7.3440821793664179e+02 -3.2226450714964844e-01 1.2855109704147033e-01 -2.7477802358226400e-01 0
292 3 1 1.7503248815199998e+08 1.2254080985571288e+08 -9.8430570716455162e+07 -4.7426261414005198e+06 1.8503660247785049e+01 1.7538931877758706e+01 1.6645819300091946e+00 6.7053328212650183e+02 -3.7842082113156783e-01 -5.7531090216596933e-03 -1.3713284799010669e-01 0
293 3 3 1.7503248915199998e+08 1.2254082835937099e+08 -9.8430553177521646e+07 -4.7426244768185113e+06 1.8503656065372887e+01 1.7538935237269296e+01 1.6645820918786345e+00 6.7053328212650183e+02 0.0000000000000000e+00 0.0000000000000000e+00 0.0000000000000000e+00 96
294 3 2 1.7503249015199998e+08 1.2254084684760524e+08 -9.8430535545275211e+07 -4.7426228048188789e+06 1.8503651876920344e+01 1.7538938617019120e+01 1.6645822556700154e+00 6.7053328212650229e+02 0.0000000000000000e+00 0.0000000000000000e+00 0.0000000000000000e+00 0
295 3 1 1.7504113015199998e+08 1.2270056225332159e+08 -9.8278873810303688e+07 -4.7282347796204090e+06 1.8467502367735147e+01 1.7567934330128267e+01 1.6659782961005256e+00 6.7053328212650229e+02 6.2088195088345920e-02 -8.4934706005859506e-02 -4.2259603824560447e-02 0
296 3 1 1.8237648915199998e+08 1.3248037755033225e+08 6.4797461473914109e+07 7.6996312841678606e+06 -1.7264707385726130e+01 1.9515060954947288e+01 1.3815249544534534e+00 6.3649306573007243e+02 7.5716010721255306e-02 -2.4382578836040780e-01 7.0692863509237119e-02 0
297 3 2 1.8237649115199998e+08 1.3248034302090663e+08 6.4797500504030600e+07 7.6996340472171288e+06 -1.7264718303603050e+01 1.9515055614903520e+01 1.3815243199168203e+00 6.3649306573007243e+02 0.0000000000000000e+00 0.0000000000000000e+00 0.0000000000000000e+00 0
298 3 1 1.8238513115199998e+08 1.3233097209577250e+08 6.4966010800003171e+07 7.7115585644883355e+06 -1.7311885336663639e+01 1.9491942697264058e+01 1.3787793449662125e+00 6.3649306573007243e+02 1.1622091608348703e-01 -1.2920507344897530e-01 1.0881811691474226e-01 0
299 3 1 1.8972048915199998e+08 -7.0035381238574132e+07 -1.2355292994533158e+06 -1.1594599612966283e+05 9.1290172993319804e-02 -5.1777286564500990e+01 -5.0919100532403068e+00 6.0010000000000036e+02 -5.3801857501467584e-02 -2.2151280009709487e-01 -2.7697163755919678e-02 0
300 3 3 1.8972049015199998e+08 -7.0035381147270441e+07 -1.2355810767395392e+06 -1.1595108803968361e+05 9.1317217068483766e-02 -5.1777286087392888e+01 -5.0919100084669209e+00 6.0010000000000036e+02 0.0000000000000000e+00 0.0000000000000000e+00 0.0000000000000000e+00 191
301 3 4 1.8972049115199998e+08 -7.0035381059424773e+07 -1.2356330550022935e+06 -1.1595620015318105e+05 9.1344367054167819e-02 -5.1777285589154168e+01 -5.0919099609526963e+00 6.0010000000000002e+02 0.0000000000000000e+00 0.0000000000000000e+00 0.0000000000000000e+00 0
302 4 0 0.0000000000000000e+00 -1.9500328646873634e+07 1.4581848347052613e+08 -7.6372048832368055e+03 -2.9294276684698431e+01 -4.0280631893719026e+00 -3.9330793245215081e+00 1.6068973535561918e+03 0.0000000000000000e+00 0.0000000000000000e+00 0.0000000000000000e+00 0
303 4 2 1.0008480152000001e+07 -1.1467897558515874e+08 -8.5025708571621537e+07 -1.6614392091103097e+07 1.8212991354570342e+01 -2.4430136798003531e+01 1.9718101363692921e+00 1.6068973535561918e+03 0.0000000000000000e+00 0.0000000000000000e+00 0.0000000000000000e+00 0
304 4 1 1.0017120152000001e+07 -1.1452142408543976e+08 -8.5236642970719218e+07 -1.6597327939877570e+07 1.8257253477095322e+01 -2.4397256518517480e+01 1.9782238303495250e+00 1.6068973535561918e+03 -4.1910860513176187e-03 -2.0393225357056436e-03 2.6216561002957519e-02 0
305 4 1 2.8152479152000006e+07 3.6868026601718970e+07 1.4141758769595417e+08 4.6853558426742125e+06 -2.8806456483184405e+01 7.8132805895926678e+00 -4.0059475576249888e+00 1.5699679924467666e+03 -1.7535546837204950e-02 2.3395135793757325e-02 -1.7547758037636202e-01 0
306 4 2 2.8152481152000003e+07 3.6867968988802984e+07 1.4141760332250333e+08 4.6853478307787152e+06 -2.8806459613408446e+01 7.8132685827362165e+00 -4.0059479554280113e+00 1.5699679924467666e+03 0.0000000000000000e+00 0.0000000000000000e+00 0.0000000000000000e+00 0
307 4 1 2.8161121152000006e+07 3.6619022892333321e+07 1.4148488585287789e+08 4.6507290348457452e+06 -2.8819936322720881e+01 7.7613873661370976e+00 -4.0076600896576542e+00 1.5699679924467666e+03 -1.2953895125866303e-02 1.1530138472066560e-02 3.8841792743426064e-02 0
308 4 1 4.6296479152000010e+07 4.4481430583441935e+07 -1.3844423789774659e+08 6.9237125406888053e+06 2.8423286892022215e+01 9.5696720056193296e+00 3.7635859918288270e+00 1.5606320216244289e+03 -1.1459254918951014e-03 1.0576688701856838e-04 -3.7751826338675875e-03 0
309 4 3 4.6296480152000003e+07 4.4481459006727815e+07 -1.3844422832807162e+08 6.9237163042746410e+06 2.8423284978685810e+01 9.5696779606954880e+00 3.7635856940103785e+00 1.5606320216244289e+03 0.0000000000000000e+00 0.0000000000000000e+00 0.0000000000000000e+00 172
310 4 2 4.6296481152000003e+07 4.4481487370586038e+07 -1.3844421877163175e+08 6.9237200420640782e+06 2.8423283072130047e+01 9.5696839016501638e+00 3.7635853971893045e+00 1.5606320215503169e+03 0.0000000000000000e+00 0.0000000000000000e+00 0.0000000000000000e+00 0
311 4 1 4.6305121152000003e+07 4.4726992988949016e+07 -1.3836131447189894e+08 6.9562262863167338e+06 2.8406705854925558e+01 9.6211214480699958e+00 3.7610061481820183e+00 1.5606320215503169e+03 3.8996644140637038e-01 3.4983975932062789e-02 1.4517344115895579e-02 0
312 4 1 5.4936480152000003e+07 1.3281572310881226e+08 7.4656001650590405e+07 1.9172656970927436e+07 -1.2591582336609505e+01 2.6000132079986656e+01 -1.2005069262530064e+00 1.4891140575714348e+03 6.4353772697151049e-02 -1.7490009870456968e-01 3.2761090419494604e-01 0
313 4 2 5.4936482152000003e+07 1.3281569792563790e+08 7.4656053650848985e+07 1.9172654569912184e+07 -1.2591592071795789e+01 2.6000126607815226e+01 -1.2005083315790388e+00 1.4891140575714348e+03 0.0000000000000000e+00 0.0000000000000000e+00 0.0000000000000000e+00 0
314 4 1 5.4945122152000003e+07 1.3270672495420936e+08 7.4880592527652055e+07 1.9162255958268147e+07 -1.2633625154879043e+01 2.5976454461169201e+01 -1.2065768754393174e+00 1.4891140575714348e+03 2.3717957760114800e-01 -1.6098850548652854e-01 3.1290358782280736e-01 0
315 4 1 6.3576480152000003e+07 -6.8228547062317804e+07 1.3495412660050136e+08 -2.5700996658729748e+06 -2.3064736789811217e+01 -1.5305939049249881e+01 -2.8942901079367833e+00 1.4158877052800085e+03 2.5815857738707382e-01 1.4666525032961664e-02 8.2744967791117827e-02 0
316 4 3 6.3576481152000003e+07 -6.8228570127053231e+07 1.3495411129455978e+08 -2.5701025601630276e+06 -2.3064734172505105e+01 -1.5305944226205810e+01 -2.8942900093454966e+00 1.4158877052800085e+03 0.0000000000000000e+00 0.0000000000000000e+00 0.0000000000000000e+00 175
317 4 2 6.3576482152000003e+07 -6.8228593192649826e+07 1.3495409600802040e+08 -2.5701054540860564e+06 -2.3064731555789098e+01 -1.5305949397309094e+01 -2.8942899106578324e+00 1.4158877052800090e+03 0.0000000000000000e+00 0.0000000000000000e+00 0.0000000000000000e+00 0
318 4 1 6.3585122152000003e+07 -6.8427774669803113e+07 1.3482165940419146e+08 -2.5951084263963029e+06 -2.3042078778581750e+01 -1.5350668637899041e+01 -2.8934337011935205e+00 1.4158877052800090e+03 1.5361182035304685e-01 7.4932726741145511e-04 2.9204580901990784e-01 0
319 4 1 7.3512481152000010e+07 -6.3648013241387606e+06 -1.0881720788706680e+08 -1.5620599583214528e+06 3.7832197519412247e+01 -2.7845914969752465e+00 3.4019949612669840e+00 1.3737827837479535e+03 1.6081483517309699e-02 -1.3379525704175405e-02 -1.0016769525779548e-02 0
320 4 2 7.3512483151999995e+07 -6.3647256597425677e+06 -1.0881721345622750e+08 -1.5620531543312238e+06 3.7832198823396965e+01 -2.7845692029842235e+00 3.4019952812942535e+00 1.3737827837479535e+03 0.0000000000000000e+00 0.0000000000000000e+00 0.0000000000000000e+00 0
321 4 1 7.3521123151999995e+07 -6.0378315441664923e+06 -1.0884085606172599e+08 -1.5326539803490839e+06 3.7837687004924426e+01 -2.6882546840265835e+00 3.4033647011826988e+00 1.3737827837479535e+03 1.4357884605240567e-01 5.1893796165047912e-02 -1.9983360774387528e-02 0
322 4 1 8.3448481151999995e+07 1.0642428045955054e+08 1.2154415617761476e+08 7.1495983902201904e+06 -1.6444176955772150e+01 2.0500314915595865e+01 -2.1992094579831454e+00 1.3172569829953693e+03 1.0680996258427661e-01 3.6862547149729724e-02 -3.1460177058210886e-01 0
323 4 3 8.3448482151999995e+07 1.0642426401537193e+08 1.2154417667792773e+08 7.1495961910106242e+06 -1.6444180295715736e+01 2.0500311101140287e+01 -2.1992096823610163e+00 1.3172569829953693e+03 0.0000000000000000e+00 0.0000000000000000e+00 0.0000000000000000e+00 180
324 4 2 8.3448483151999995e+07 1.0642424722746725e+08 1.2154419727231604e+08 7.1495939630499911e+06 -1.6444183692957559e+01 2.0500307267831957e+01 -2.1992099113604886e+00 1.3172569829947149e+03 0.0000000000000000e+00 0.0000000000000000e+00 0.0000000000000000e+00 0
325 4 1 8.3457123151999995e+07 1.0628204490303682e+08 1.2172117751831713e+08 7.1305844239869891e+06 -1.6473011158635096e+01 2.0467338223996020e+01 -2.2011452625947103e+00 1.3172569829947149e+03 1.1309427324811144e-02 -1.6759755846492350e-01 2.2670359078361173e-02 0
326 4 1 9.2088482151999995e+07 -8.5016231576634184e+07 1.3500526792604455e+08 -1.1695602149723623e+07 -1.9444756744389281e+01 -1.8001086688132283e+01 -1.3223954940013358e+00 1.2980071897453308e+03 -1.2437452320599139e-02 5.9406975719836488e-03 2.4676224739794389e-02 0
327 4 2 9.2088484151999995e+07 -8.5016270466142088e+07 1.3500523192386249e+08 -1.1695604794513848e+07 -1.9444751232334585e+01 -1.8001095441239052e+01 -1.3223947357132990e+00 1.2980071897453308e+03 0.0000000000000000e+00 0.0000000000000000e+00 0.0000000000000000e+00 0
328 4 1 9.2097124151999995e+07 -8.5184170154350832e+07 1.3484953912602904e+08 -1.1707016125304200e+07 -1.9420906424902363e+01 -1.8038901652152262e+01 -1.3191160664491079e+00 1.2980071897453308e+03 -8.7272888012970992e-02 -2.8311280586542559e-01 2.9361864871109272e-01 0
329 4 1 1.0072848215200000e+08 -4.5874257344379246e+07 -1.0262804804014099e+08 1.6646961377788663e+06 3.5046922325561511e+01 -1.5415408214828608e+01 3.5591488904570880e+00 1.2486070132969826e+03 9.3906550283028412e-02 -3.9659572032755490e-02 -2.0615603391935289e-02 0
330 4 3 1.0072848315200000e+08 -4.5874222297454849e+07 -1.0262806345554438e+08 1.6646996969276720e+06 3.5046926609799272e+01 -1.5415398630299395e+01 3.5591487349894071e+00 1.2486070132969826e+03 0.0000000000000000e+00 0.0000000000000000e+00 0.0000000000000000e+00 18
331 4 2 1.0072848415200000e+08 -4.5874187288494796e+07 -1.0262807888627711e+08 1.6647032556043563e+06 3.5046930877354647e+01 -1.5415389039240216e+01 3.5591485778386716e+00 1.2486070132959298e+03 0.0000000000000000e+00 0.0000000000000000e+00 0.0000000000000000e+00 0
332 4 1 1.0073712415200000e+08 -4.5571222247427262e+07 -1.0276090994762705e+08 1.6954484606942767e+06 3.5083825154794404e+01 -1.5332523441446549e+01 3.5577929014843175e+00 1.2486070132959298e+03 -1.1073580771275311e-01 -6.1088816424651214e-02 -1.4427879399836120e-02 0
333 4 1 1.0548048315200000e+08 1.1230135459257865e+08 -7.3072563566841349e+07 1.2372478363555968e+07 2.2897170217540605e+01 2.2453837597915850e+01 5.1354830349114644e-01 1.2177544384708037e+03 -2.8221122012247146e-01 -2.4821676272125154e-01 -8.3053381998885525e-02 0
334 4 2 1.0548048515200000e+08 1.1230140038690677e+08 -7.3072518659158289e+07 1.2372479390651224e+07 2.2897157981101717e+01 2.2453845559952502e+01 5.1354695537694628e-01 1.2177544384708037e+03 0.0000000000000000e+00 0.0000000000000000e+00 0.0000000000000000e+00 0
335 4 1 1.0548912515199998e+08 1.1249900343867388e+08 -7.2878369040749609e+07 1.2376891285549944e+07 2.2844285513563662e+01 2.2488172844296479e+01 5.0772596715645579e-01 1.2177544384708037e+03 -1.9600389897436213e-01 -2.7572017282325056e-01 -7.1686735103519972e-02 0
336 4 1 1.1023248315200000e+08 1.5164309401413393e+08 5.0494812905227438e+07 8.2507125581491757e+06 -5.2519411270067335e+00 2.5371499311137079e+01 -1.8888854573994054e+00 1.1874340401306608e+03 -1.9228604003378347e-01 4.6386886017483909e-03 -2.2940584962354432e-02 0
337 4 3 1.1023248415200000e+08 1.5164308876219037e+08 5.0494838276725881e+07 8.2507106692635892e+06 -5.2519460364549300e+00 2.5371497676366065e+01 -1.8888857245163631e+00 1.1874340401306608e+03 0.0000000000000000e+00 0.0000000000000000e+00 0.0000000000000000e+00 69
338 4 2 1.1023248515200000e+08 1.5164308352348855e+08 5.0494863672952928e+07 8.2507087801042525e+06 -5.2519509413487562e+00 2.5371496042238590e+01 -1.8888859913269542e+00 1.1874340401306797e+03 0.0000000000000000e+00 0.0000000000000000e+00 0.0000000000000000e+00 0
339 4 1 1.1024112515199998e+08 1.5159752347048917e+08 5.0714012302598625e+07 8.2343788432067838e+06 -5.2943521502097646e+00 2.5357344316497205e+01 -1.8911910509848278e+00 1.1874340401306797e+03 7.1251948016900615e-02 -2.3243090092524007e-02 -1.1551849759329244e-01 0
340 4 1 1.2146448415200000e+08 -8.3323868736616135e+07 9.4334687218571186e+07 -1.6104816555924980e+07 -1.9327142744170580e+01 -2.7232333502581156e+01 -1.2957457820060392e-01 1.1466543820406284e+03 -5.1182118897132665e-02 -1.0866797707479105e-01 -1.2227723634352415e-01 0
341 4 2 1.2146448615200000e+08 -8.3323907390890732e+07 9.4334632753892034e+07 -1.6104816815072041e+07 -1.9327131919337234e+01 -2.7232345757853889e+01 -1.2957248597998428e-01 1.1466543820406284e+03 0.0000000000000000e+00 0.0000000000000000e+00 0.0000000000000000e+00 0
342 4 1 1.2147312615199998e+08 -8.3490691554513216e+07 9.4099116646715701e+07 -1.6105897254546313e+07 -1.9280285727141386e+01 -2.7285263179945549e+01 -1.2052682128774114e-01 1.1466543820406284e+03 -8.4822635114187458e-04 -4.4575532578090077e-02 5.0531261761195484e-03 0
343 4 1 1.3269648415200000e+08 1.2478397108144861e+08 -6.9723098429128692e+07 1.9201211958397724e+07 2.0313015869665033e+01 2.1550411182835635e+01 7.2589890105826937e-01 1.1346700368833267e+03 1.9379010351534215e-03 -2.8682565088355722e-02 3.1483001121314191e-02 0
344 4 3 1.3269648515200000e+08 1.2478399139446169e+08 -6.9723076878716007e+07 1.9201212684296198e+07 2.0313010349615485e+01 2.1550414267165010e+01 7.2589805165722943e-01 1.1346700368833267e+03 0.0000000000000000e+00 0.0000000000000000e+00 0.0000000000000000e+00 33
345 4 2 1.3269648615200000e+08 1.2478401168564895e+08 -6.9723055204392761e+07 1.9201213398251209e+07 2.0313004816196887e+01 2.1550417380582008e+01 7.2589719859282742e-01 1.1346700368833262e+03 0.0000000000000000e+00 0.0000000000000000e+00 0.0000000000000000e+00 0
346 4 1 1.3270512615199998e+08 1.2495931000550634e+08 -6.9536744628760636e+07 1.9207453456654690e+07 2.0265309162223080e+01 2.1577013047373175e+01 7.1856196061299682e-01 1.1346700368833262e+03 2.6977467498697826e-03 -1.0139917599036525e-02 -1.5967373200999435e-03 0
347 4 1 1.4004048515200001e+08 1.3622466659296280e+08 1.0573405584787042e+08 9.6927909830935616e+06 -1.4675999608381705e+01 1.9692859486672717e+01 -2.3037113600406305e+00 1.1023151695799777e+03 -9.1958850892973024e-02 2.3576297536256649e-01 2.4704799303719199e-01 0
348 4 2 1.4004048715199998e+08 1.3622463724095663e+08 1.0573409523358387e+08 9.6927863756703530e+06 -1.4676006626165272e+01 1.9692854039649379e+01 -2.3037118593767802e+00 1.1023151695799777e+03 0.0000000000000000e+00 0.0000000000000000e+00 0.0000000000000000e+00 0
349 4 1 1.4004912715199998e+08 1.3609770561798045e+08 1.0590413978520525e+08 9.6728729929394238e+06 -1.4706308536171615e+01 1.9669304584935428e+01 -2.3058667191804401e+00 1.1023151695799777e+03 -8.8188994341591970e-02 1.9580320787579755e-01 2.1940091323161054e-01 0
350 4 1 1.4738448515199998e+08 -3.4425084257700853e+07 1.5171942765186879e+08 -6.5127228119726293e+06 -2.5978599902189082e+01 -1.0631400931517245e+01 -1.7967412272214289e+00 1.0706556125379866e+03 5.8093643640778764e-02 5.0543764953814067e-02 -1.5616922929225801e-02 0
351 4 3 1.4738448615199998e+08 -3.4425110236300096e+07 1.5171941702046522e+08 -6.5127246087137377e+06 -2.5978598692095456e+01 -1.0631406264681726e+01 -1.7967409982894555e+00 1.0706556125379866e+03 0.0000000000000000e+00 0.0000000000000000e+00 0.0000000000000000e+00 119
352 4 2 1.4738448715199998e+08 -3.4425136218222313e+07 1.5171940639026415e+08 -6.5127264062928995e+06 -2.5978597480801831e+01 -1.0631411598484638e+01 -1.7967407692633623e+00 1.0706556125411464e+03 0.0000000000000000e+00 0.0000000000000000e+00 0.0000000000000000e+00 0
353 4 1 1.4739312715199995e+08 -3.4649546024321608e+07 1.5162735192480776e+08 -6.5282416927508749e+06 -2.5968104207988773e+01 -1.0677493589214684e+01 -1.7947596902912608e+00 1.0706556125411464e+03 -8.1423851122519542e-02 1.1516199576678692e-02 8.4286918249353540e-02 0
354 4 1 1.5732048615199998e+08 -5.6655092289896332e+07 -1.0941332837983087e+08 -3.7414438495984796e+05 3.0199135992018213e+01 -1.7232049911528399e+01 2.7451485583669779e+00 1.0432677149859667e+03 -7.7731767180590022e-02 9.3292408840314742e-02 -1.0764097399327818e-02 0
355 4 2 1.5732048815199998e+08 -5.6655031891616426e+07 -1.0941336284391510e+08 -3.7413889466268895e+05 3.0199144031360124e+01 -1.7232034385796688e+01 2.7451486114576014e+00 1.0432677149859667e+03 0.0000000000000000e+00 0.0000000000000000e+00 0.0000000000000000e+00 0
356 4 1 1.5732912815199995e+08 -5.6393961499045357e+07 -1.0956195777092780e+08 -3.5041984090053005e+05 3.0233788827174646e+01 -1.7164927603852213e+01 2.7453706587887807e+00 1.0432677149859667e+03 -1.6211608619455392e-01 5.7457394969899989e-02 -1.0643573955344843e-01 0
357 4 1 1.6725648615199998e+08 1.4464210131451669e+08 3.3170519908081461e+07 7.0411566137915468e+06 -5.3812461136157630e+00 2.8059424308575473e+01 -1.5196439246295277e+00 1.0110752561784959e+03 -9.8563913304584288e-03 5.1335553455824239e-02 -3.7616270438996360e-02 0
358 4 3 1.6725648715199998e+08 1.4464209593326768e+08 3.3170547967505042e+07 7.0411550941474829e+06 -5.3812519678144923e+00 2.8059422966041730e+01 -1.5196442096110514e+00 1.0110752561784959e+03 0.0000000000000000e+00 0.0000000000000000e+00 0.0000000000000000e+00 77
359 4 2 1.6725648815199998e+08 1.4464209035511583e+08 3.3170576284368474e+07 7.0411535541007342e+06 -5.3812578778552140e+00 2.8059421635915346e+01 -1.5196444981895632e+00 1.0110752561784966e+03 0.0000000000000000e+00 0.0000000000000000e+00 0.0000000000000000e+00 0
360 4 1 1.6726512815199998e+08 1.4459537781584290e+08 3.3412959458156165e+07 7.0280131959647210e+06 -5.4318257954024256e+00 2.8047780715350836e+01 -1.5221042364934567e+00 1.0110752561784966e+03 5.6741501446486700e-03 -3.2732126271614610e-03 -1.9006074283246587e-02 0
361 4 1 1.7589648715199998e+08 -5.1222531151932783e+07 1.2869735789771381e+08 -8.0676848520968007e+06 -2.8004480330315435e+01 -1.3719778209553224e+01 -8.3081207078107466e-01 9.9561092397315622e+02 -1.3127902060536134e-01 3.6800123052825296e-03 6.8388549060694664e-02 0
362 4 2 1.7589648915199998e+08 -5.1222587160888240e+07 1.2869733045814465e+08 -8.0676865137201371e+06 -2.8004475240589667e+01 -1.3719790997555220e+01 -8.3081126913608905e-01 9.9561092397315622e+02 0.0000000000000000e+00 0.0000000000000000e+00 0.0000000000000000e+00 0
363 4 1 1.7590512915199998e+08 -5.1464450677011043e+07 1.2857855284773052e+08 -8.0748497558512166e+06 -2.7982430875289310e+01 -1.3775021750244017e+01 -8.2734586664363396e-01 9.9561092397315622e+02 -7.7163100097251469e-02 -1.4261403546494926e-02 1.0262366079951150e-01 0
364 4 1 1.8453648715199998e+08 -8.3584279641711056e+07 -1.0642390898343858e+08 1.9565874477988873e+06 2.3879227892433715e+01 -2.1027188494300404e+01 2.1697564929484345e+00 9.7500525388429924e+02 -6.4084669322600318e-02 5.3923945600408606e-02 -9.3660326686075407e-03 0
365 4 3 1.8453648815199998e+08 -8.3584255762480974e+07 -1.0642393001062419e+08 1.9565896175553235e+06 2.3879232367328211e+01 -2.1027182796627567e+01 2.1697563881975346e+00 9.7500525388429924e+02 0.0000000000000000e+00 0.0000000000000000e+00 0.0000000000000000e+00 195
366 4 2 1.8453648915199998e+08 -8.3584231915060833e+07 -1.0642395098566842e+08 1.9565917829700205e+06 2.3879236841295270e+01 -2.1027177103445055e+01 2.1697562836270752e+00 9.7500525388456947e+02 0.0000000000000000e+00 0.0000000000000000e+00 0.0000000000000000e+00 0
367 4 1 1.8454512915199998e+08 -8.3377748441142946e+07 -1.0660541303506561e+08 1.9753345554183226e+06 2.3917845444533249e+01 -2.0977915797497854e+01 2.1688470578817558e+00 9.7500525388456947e+02 1.4547711575062608e-01 -2.4383552565500272e-01 -5.2066326044071347e-03 0
368 4 1 1.9188048815199998e+08 1.1887833623745723e+08 -9.9536244490544900e+07 9.4689697545003090e+06 2.0052657138427005e+01 1.9915337305557440e+01 -4.9044695772204999e-01 9.4434801917988375e+02 -3.0324304805697627e-02 -2.7405764258906971e-02 -8.2969908955902963e-02 0
369 4 2 1.9188049015199998e+08 1.1887837634276302e+08 -9.9536204659863323e+07 9.4689687736057248e+06 2.0052648720009870e+01 1.9915344354253975e+01 -4.9044762827079896e-01 9.4434801917988375e+02 0.0000000000000000e+00 0.0000000000000000e+00 0.0000000000000000e+00 0
370 4 1 1.9188913015199998e+08 1.1905147406586042e+08 -9.9364004633580342e+07 9.4647187956963815e+06 2.0016262423376514e+01 1.9945761903048709e+01 -4.9334313220880555e-01 9.4434801917988375e+02 -5.5461541797023652e-02 -2.0225116527493286e-01 -1.0167544693177076e-01 0
371 4 1 1.9922448815199998e+08 1.3804170344564325e+08 7.8655592866618961e+07 -1.7062672301639977e+06 -1.4753480303360371e+01 2.1071938438284594e+01 -1.8843713648949469e+00 8.9590577451981824e+02 2.4717747584707683e-01 -2.4026268545019763e-01 3.7700956037181217e-02 0
372 4 3 1.9922448915199998e+08 1.3804168869216070e+08 7.8655613938556060e+07 -1.7062691145353308e+06 -1.4753484870619237e+01 2.1071935835878854e+01 -1.8843713084412181e+00 8.9590577451981824e+02 0.0000000000000000e+00 0.0000000000000000e+00 0.0000000000000000e+00 239
373 4 2 1.9922449015199998e+08 1.3804167398805088e+08 7.8655635015378997e+07 -1.7062709976184426e+06 -1.4753489425801847e+01 2.1071933234398461e+01 -1.8843712517520881e+00 8.9590577451980607e+02 0.0000000000000000e+00 0.0000000000000000e+00 0.0000000000000000e+00 0
374 4 1 1.9923313015199998e+08 1.3791403339796209e+08 7.8837599296753272e+07 -1.7225498511315549e+06 -1.4792939925972926e+01 2.1049418072186054e+01 -1.8838810689463144e+00 8.9590577451980607e+02 -3.1726636393904432e-02 -6.0238558139740224e-02 5.6061408867470255e-02 0
375 4 1 2.0397648915199998e+08 2.3185016211660743e+07 1.3270234915731350e+08 -7.1046180803813161e+06 -3.1216725033918742e+01 -1.9925468938285003e+00 9.1307601932216445e-02 8.7012114347391264e+02 -1.5816961560251078e-01 -9.6802186813991539e-02 2.8943035342101314e-01 0
376 4 2 2.0397649115199998e+08 2.3184953778208293e+07 1.3270234517220536e+08 -7.1046178977653431e+06 -3.1216727540693931e+01 -1.9925612416899443e+00 9.1308370087992891e-02 8.7012114347391264e+02 0.0000000000000000e+00 0.0000000000000000e+00 0.0000000000000000e+00 0
377 4 1 2.0398513115199998e+08 2.2915194629445933e+07 1.3268486156340106e+08 -7.1038146516168276e+06 -3.1227501373611450e+01 -2.0545836300699696e+00 9.4628955637775972e-02 8.7012114347391264e+02 -1.6783815171933852e-01 -1.3723689530420974e-01 3.1383386719100365e-01 0
378 4 1 2.0872848915199998e+08 -1.0020079776607315e+08 3.0958290323453847e+07 4.1088963205917174e+05 -9.6807779129426947e+00 -3.8656553960893483e+01 2.4640408163012846e+00 8.4466019085714026e+02 3.6398446238293494e-03 -7.8042941778823288e-02 -8.6907660812529774e-03 0
379 4 3 2.0872849015199998e+08 -1.0020080744684528e+08 3.0958251666898184e+07 4.1089209609995951e+05 -9.6807663846283294e+00 -3.8656557522708070e+01 2.4640407690274215e+00 8.4466019085714026e+02 0.0000000000000000e+00 0.0000000000000000e+00 0.0000000000000000e+00 267
380 4 2 2.0872849115199998e+08 -1.0020081715060052e+08 3.0958213046924900e+07 4.1089455854381644e+05 -9.6807548565581225e+00 -3.8656561064547148e+01 2.4640407206467634e+00 8.4466019085742596e+02 0.0000000000000000e+00 0.0000000000000000e+00 0.0000000000000000e+00 0
381 4 1 2.0873713115199998e+08 -1.0028402838491116e+08 3.0624087870354421e+07 4.3218207507371297e+05 -9.5810823659287099e+00 -3.8687177134983656e+01 2.4636215780850734e+00 8.4466019085742596e+02 1.2593091922581272e-02 -6.3467352311592368e-03 -4.6585186214888720e-03 0
382 4 1 2.1607249015199998e+08 4.8475892214692622e+07 -1.3769434408829337e+08 7.3522324989960110e+06 2.8527695060867742e+01 2.5137213776966654e+00 -6.0165133374807955e-01 8.2116017575071510e+02 -2.5615714156691299e-01 1.4797383109023418e-02 5.7685452613276907e-02 0
383 4 2 2.1607249215199998e+08 4.8475949270078517e+07 -1.3769433906083891e+08 7.3522312956927205e+06 2.8527690940339152e+01 2.5137330819296499e+00 -6.0165195869921495e-01 8.2116017575071510e+02 0.0000000000000000e+00 0.0000000000000000e+00 0.0000000000000000e+00 0
384 4 1 2.1608113215199998e+08 4.8722351522668555e+07 -1.3767240208063555e+08 7.3470213673002347e+06 2.8509856179150923e+01 2.5642597136292959e+00 -6.0434910275173281e-01 8.2116017575071510e+02 -9.8150456250302026e-02 -3.9716081789781602e-03 3.4966509486662474e-02 0
385 4 1 2.2341649015199998e+08 1.6328817584356165e+08 -1.4641115230723921e+07 -9.7510468054278300e+05 -4.1116754317190812e-01 2.4682102218560242e+01 -1.3002221920376555e+00 8.0339331534582493e+02 -6.7121806588667843e-02 7.0349696603598508e-02 1.0538039762999602e-02 0
386 4 3 2.2341649115199998e+08 1.6328817543239167e+08 -1.4641090548621530e+07 -9.7510598076495773e+05 -4.1117246087925458e-01 2.4682102659502512e+01 -1.3002221626706632e+00 8.0339331534582493e+02 0.0000000000000000e+00 0.0000000000000000e+00 0.0000000000000000e+00 12
387 4 2 2.2341649215199998e+08 1.6328817510240686e+08 -1.4641065928922290e+07 -9.7510727789591323e+05 -4.1117736053531734e-01 2.4682103088937509e+01 -1.3002221327740364e+00 8.0339331533953566e+02 0.0000000000000000e+00 0.0000000000000000e+00 0.0000000000000000e+00 0
388 4 1 2.2342513215199998e+08 1.6328443895368367e+08 -1.4427796177855028e+07 -9.8634009664294508e+05 -4.5367464335955748e-01 2.4685885852642812e+01 -1.2999668871926597e+00 8.0339331533953566e+02 1.2092145073096686e-03 6.5219322962484533e-02 1.8492351602337882e-02 0
389 4 1 2.3464849115199998e+08 -9.4275507458208591e+07 3.4973351762005515e+07 -3.9947779097560822e+05 -1.4687200968262815e+01 -3.7718427827400241e+01 2.0367147988120129e+00 7.9281813333386685e+02 7.0353607174829030e-03 3.3091526232544490e-03 5.2717201943701204e-03 0
390 4 2 2.3464849315199998e+08 -9.4275536832585841e+07 3.4973276325140879e+07 -3.9947371754591435e+05 -1.4687176356728335e+01 -3.7718436957521241e+01 2.0367149030990124e+00 7.9281813333386685e+02 0.0000000000000000e+00 0.0000000000000000e+00 0.0000000000000000e+00 0
391 4 1 2.3465713315199998e+08 -9.4401974545914009e+07 3.4647219178898945e+07 -3.8187458323319687e+05 -1.4580792079585681e+01 -3.7757691912464509e+01 2.0371554602592181e+00 7.9281813333386685e+02 -1.2343711690688213e-02 1.3379293944239362e-01 -4.8776537047174391e-02 0
392 4 1 2.4588049115199998e+08 1.2344753352210121e+08 -9.0755037403270170e+07 9.7626311593014363e+05 1.6143730876611986e+01 2.0807773422413735e+01 -1.4018619236702050e+00 7.6782090428185290e+02 2.0360997309730476e-02 1.4272421335335858e-02 -3.4884143112948185e-02 0
393 4 3 2.4588049215199998e+08 1.2344754966582976e+08 -9.0755016595495105e+07 9.7626171406820475e+05 1.6143726322141941e+01 2.0807776770727088e+01 -1.4018619596884025e+00 7.6782090428185290e+02 0.0000000000000000e+00 0.0000000000000000e+00 0.0000000000000000e+00 183
394 4 2 2.4588049315199998e+08 1.2344756594296306e+08 -9.0754995371965498e+07 9.7626029277046316e+05 1.6143721725170117e+01 2.0807780179074200e+01 -1.4018619973617303e+00 7.6782090428185347e+02 0.0000000000000000e+00 0.0000000000000000e+00 0.0000000000000000e+00 0
395 4 1 2.4588913315199998e+08 1.2358687764639993e+08 -9.0575091263409808e+07 9.6414686635471648e+05 1.6104351115031665e+01 2.0836679292302520e+01 -1.4021712458311275e+00 7.6782090428185347e+02 6.0135162064783529e-04 -4.3198046258148643e-03 -5.2810333497964549e-03 0
396 4 1 2.5192849215199998e+08 1.2177685772633941e+08 6.4322745719806708e+07 -5.7772475753809502e+06 -1.8534167990509356e+01 2.4219825934724760e+01 -4.0500187614099903e-01 7.5210156507262855e+02 -4.4490127872095810e-02 1.9401597372054788e-01 6.4765441597405757e-02 0
397 4 2 2.5192849415199998e+08 1.2177682065799117e+08 6.4322794159451962e+07 -5.7772483853841145e+06 -1.8534180331852276e+01 2.4219819416002753e+01 -4.0500129065201002e-01 7.5210156507262855e+02 0.0000000000000000e+00 0.0000000000000000e+00 0.0000000000000000e+00 0
398 4 1 2.5193713415199998e+08 1.2161645504891708e+08 6.4531931573632784e+07 -5.7807366642360957e+06 -1.8587485177654987e+01 2.4191599311110238e+01 -4.0247000993815785e-01 7.5210156507262855e+02 -3.7685805134115458e-02 6.5816470083159828e-02 3.6248423273663809e-02 0
399 4 1 2.5797649215199998e+08 -6.3104698969379708e+07 9.4172281850126103e+07 -1.2986090350087848e+06 -3.0029900021845290e+01 -2.0986058755013040e+01 1.7011453894976791e+00 7.3908460624587599e+02 5.3403852750823141e-02 8.7885408175175067e-02 4.4707059092983486e-03 0
400 4 3 2.5797649315199998e+08 -6.3104728999276802e+07 9.4172260864063099e+07 -1.2986073338633396e+06 -3.0029894274043961e+01 -2.0986067332557770e+01 1.7011455077795217e+00 7.3908460624587599e+02 0.0000000000000000e+00 0.0000000000000000e+00 0.0000000000000000e+00 237
401 4 2 2.5797649415199998e+08 -6.3104759005369626e+07 9.4172239888807043e+07 -1.2986056364478890e+06 -3.0029888519827892e+01 -2.0986075910340599e+01 1.7011456260275415e+00 7.3908460624311442e+02 0.0000000000000000e+00 0.0000000000000000e+00 0.0000000000000000e+00 0
402 4 1 2.5798513415199998e+08 -6.3364002400571190e+07 9.3990600225683510e+07 -1.2839033398146688e+06 -2.9980121276454835e+01 -2.1060120638607213e+01 1.7021618795563249e+00 7.3908460624311442e+02 3.1329175656262490e-02 3.2156574554825207e-02 -8.3299833276932276e-03 0
403 4 1 2.6661649315199995e+08 -2.6565000438838869e+07 -1.3798682123447931e+08 5.9017057134849811e+06 2.8204234308661313e+01 -8.9987873707971531e+00 -4.9623942960724993e-01 7.3295873056484811e+02 -1.3685769562976705e-04 2.7743652457711729e-03 2.3032448730796354e-02 0
404 4 2 2.6661649515199995e+08 -2.6564944030367829e+07 -1.3798683923204085e+08 5.9017047210055608e+06 2.8204236843102095e+01 -8.9987742061137173e+00 -4.9623999266157026e-01 7.3295873056484811e+02 0.0000000000000000e+00 0.0000000000000000e+00 0.0000000000000000e+00 0
405 4 1 2.6662513515199992e+08 -2.6321212280051410e+07 -1.3806434296304241e+08 5.8974067043181770e+06 2.8215131903373020e+01 -8.9419050194153460e+00 -4.9867072275814811e-01 7.3295873056484811e+02 7.9912301839035152e-02 5.6720387976787537e-02 9.9558591347962397e-02 0
406 4 1 2.7525649315199995e+08 1.4473623664921978e+08 -1.2708905022005951e+07 -1.5239977723870571e+06 4.4830888665670071e-01 2.9177144458168840e+01 -9.7630320979871110e-01 7.1619856857779962e+02 -1.8249885891496124e-03 3.3117502395511610e-02 -2.3235644312524020e-02 0
407 4 3 2.7525649415199995e+08 1.4473623709752554e+08 -1.2708875844861276e+07 -1.5239987486902319e+06 4.4830262510478852e-01 2.9177145007978467e+01 -9.7630314386778416e-01 7.1619856857779962e+02 0.0000000000000000e+00 0.0000000000000000e+00 0.0000000000000000e+00 276
408 4 2 2.7525649515199995e+08 1.4473623763564643e+08 -1.2708846825185930e+07 -1.5239997206555877e+06 4.4829639851351571e-01 2.9177145539446506e+01 -9.7630307775630354e-01 7.1619856857777165e+02 0.0000000000000000e+00 0.0000000000000000e+00 0.0000000000000000e+00 0
409 4 1 2.7526513515199995e+08 1.4473987717418382e+08 -1.2456735899419311e+07 -1.5324325135390230e+06 3.9418577319439846e-01 2.9181849639357964e+01 -9.7573175086852393e-01 7.1619856857777165e+02 4.6852684791167713e-02 4.4480446792617062e-02 -7.3874678751547369e-03 0
410 4 1 2.8130449415199995e+08 4.0416880685337655e+07 1.2418027611478667e+08 -5.5229465550606772e+06 -3.0839321629575693e+01 7.6801933974809149e+00 -2.1328145342644789e-01 6.9054274047379147e+02 2.6062872940747422e-01 -5.7259192125112407e-03 -1.0271664535706523e-01 0
411 4 2 2.8130449615199995e+08 4.0416819006689720e+07 1.2418029147515866e+08 -5.5229469816229269e+06 -3.0839326433437186e+01 7.6801786376743975e+00 -2.1328079698064817e-01 6.9054274047379147e+02 0.0000000000000000e+00 0.0000000000000000e+00 0.0000000000000000e+00 0
412 4 1 2.8131313615199995e+08 4.0150277758652732e+07 1.2424637267555240e+08 -5.5247774736888297e+06 -3.0860015248501316e+01 7.6163851677290078e+00 -2.1044385242317928e-01 6.9054274047379147e+02 3.5352572005306881e-01 5.9684643070216377e-02 -1.0467262470460632e-01 0
413 4 1 2.8735249415199995e+08 -1.1047324121147323e+08 3.2526773175824162e+07 -2.1833641335110748e+06 -6.9689539260539402e+00 -3.3681709809858781e+01 1.3794660202333677e+00 6.6225004360331354e+02 -1.9428654334698089e-02 3.3958804392598262e-02 1.9623435453657665e-02 0
414 4 3 2.8735249515199995e+08 -1.1047324818042235e+08 3.2526739494113006e+07 -2.1833627540449626e+06 -6.9689443319372355e+00 -3.3681712634664883e+01 1.3794662098489054e+00 6.6225004360331354e+02 0.0000000000000000e+00 0.0000000000000000e+00 0.0000000000000000e+00 61
415 4 2 2.8735249615199995e+08 -1.1047325513821866e+08 3.2526705828046016e+07 -2.1833613753686803e+06 -6.9689347397338199e+00 -3.3681715458796262e+01 1.3794663994814367e+00 6.6225004360277683e+02 0.0000000000000000e+00 0.0000000000000000e+00 0.0000000000000000e+00 0
416 4 1 2.8736113615199995e+08 -1.1053310849426661e+08 3.2235590663334981e+07 -2.1714357196920258e+06 -6.8859924273120523e+00 -3.3706020333104533e+01 1.3811007271946638e+00 6.6225004360277683e+02 -1.6403607342336132e-01 1.0199570902237370e-01 -5.7164324951488833e-03 0
417 4 1 2.9728849515199995e+08 1.0772269157229164e+08 -2.6571766015038826e+07 1.9063790706099374e+06 9.0033600254313004e+00 3.3344349109876369e+01 -1.3500346508271930e+00 6.3839064217324096e+02 1.5065263376944939e-03 -8.9445607469808043e-03 3.0807754258811319e-04 0
418 4 2 2.9728849715199995e+08 1.0772270957899071e+08 -2.6571699326335575e+07 1.9063763705402708e+06 9.0033391008422718e+00 3.3344354271300865e+01 -1.3500350211314105e+00 6.3839064217324096e+02 0.0000000000000000e+00 0.0000000000000000e+00 0.0000000000000000e+00 0
419 4 1 2.9729713715199995e+08 1.0780010785425952e+08 -2.6283508134628925e+07 1.8947051716889744e+06 8.9129200765890531e+00 3.3366528800819665e+01 -1.3516297020188135e+00 6.3839064217324096e+02 -1.8406268629274194e-01 1.3627410956606689e-01 -6.7572321873487530e-03 0
420 4 1 3.0722449515199995e+08 -1.1419466241195250e+08 5.1230328118582159e+07 -2.9836219470822159e+06 -1.6000349180124001e+01 -2.8217274692575810e+01 1.0833919108568075e+00 6.0009999999963270e+02 -7.8787490397437321e-02 8.4582191639173566e-03 -4.2491486745069952e-04 0
421 4 3 3.0722449615199995e+08 -1.1419467841229777e+08 5.1230299901305795e+07 -2.9836208636902063e+06 -1.6000341456998090e+01 -2.8217278157344911e+01 1.0833921126427903e+00 6.0009999999963270e+02 0.0000000000000000e+00 0.0000000000000000e+00 0.0000000000000000e+00 153
422 4 4 3.0722449715199995e+08 -1.1419469433747441e+08 5.1230271619588338e+07 -2.9836197771323854e+06 -1.6000333712660787e+01 -2.8217281647521322e+01 1.0833923156454774e+00 6.0010000000000002e+02 0.0000000000000000e+00 0.0000000000000000e+00 0.0000000000000000e+00 0
423 5 0 0.0000000000000000e+00 -1.9500328646873634e+07 1.4581848347052613e+08 -7.6372048832368055e+03 -2.9326172653975579e+01 -4.2718307030078710e+00 -3.9336355823163371e+00 1.7386514673525471e+03 0.0000000000000000e+00 0.0000000000000000e+00 0.0000000000000000e+00 0
424 5 2 1.0008480152000001e+07 -1.1308194292822467e+08 -8.7030008605039015e+07 -1.6405968442622939e+07 1.8509559916496066e+01 -2.4307266881381036e+01 2.0090213640728862e+00 1.7386514673525471e+03 0.0000000000000000e+00 0.0000000000000000e+00 0.0000000000000000e+00 0
425 5 1 1.0017120152000001e+07 -1.1292183139136873e+08 -8.7239877794117704e+07 -1.6388583083418271e+07 1.8553285607903163e+01 -2.4273550314791208e+01 2.0153662335103242e+00 1.7386514673525471e+03 -2.2916953517475669e-01 3.1088963490113181e-01 1.2421728125223620e-01 0
426 5 1 1.8648479151999999e+07 1.0996630407816397e+08 -8.0980379426035210e+07 1.2965634105521772e+07 1.7181572022686129e+01 2.6222872290481142e+01 2.3395104823031967e+00 1.6701506737159807e+03 -4.2280342965492533e-03 1.9117201337475245e-01 -2.5441537832221689e-01 0
427 5 2 1.8648481152000003e+07 1.0996633844129671e+08 -8.0980326980282277e+07 1.2965638784541408e+07 1.7181560716315232e+01 2.6222880616611338e+01 2.3395091492196407e+00 1.6701506737159807e+03 0.0000000000000000e+00 0.0000000000000000e+00 0.0000000000000000e+00 0
428 5 1 1.8657121151999999e+07 1.1011457600719339e+08 -8.0753606036671147e+07 1.2985827249796724e+07 1.7132677387076214e+01 2.6258804187490636e+01 2.3337449326006596e+00 1.6701506737159807e+03 2.0014140505883665e-02 2.9321607697395702e-01 -1.3081757984835074e-01 0
429 5 1 2.7288479152000003e+07 1.9301041181218877e+07 1.4208369094306752e+08 1.2951011646350215e+06 -3.0397744032521139e+01 8.3138246104415483e+00 -4.0645554350457926e+00 1.5860779540290459e+03 -9.0298770166169745e-02 4.1046112653232764e-01 -1.5261786292635351e-01 0
430 5 3 2.7288480151999999e+07 1.9301010783474468e+07 1.4208369925688893e+08 1.2950971000795653e+06 -3.0397744901270553e+01 8.3138182151790794e+00 -4.0645554933388919e+00 1.5860779540290459e+03 0.0000000000000000e+00 0.0000000000000000e+00 0.0000000000000000e+00 297
431 5 2 2.7288481151999999e+07 1.9300980470556196e+07 1.4208370755072290e+08 1.2950930456631372e+06 -3.0397745767618520e+01 8.3138118301381940e+00 -4.0645555513117992e+00 1.5860779540290457e+03 0.0000000000000000e+00 0.0000000000000000e+00 0.0000000000000000e+00 0
432 5 1 2.7297121151999999e+07 1.9038311676367026e+07 1.4215530020201391e+08 1.2599731301301434e+06 -3.0405197908667965e+01 8.2585633579969802e+00 -4.0650521888010234e+00 1.5860779540290457e+03 -4.1913790199337136e-02 1.5029355349463969e-02 5.2057277415922939e-03 0
433 5 1 3.7224480152000003e+07 -1.8013085510035104e+08 6.1901475248548854e+06 -2.4540586986601524e+07 -2.4368006385877243e+00 -2.4250446118516045e+01 -3.7517523746018655e-01 1.5514905002820421e+03 3.0328876119681270e-02 2.2953397592784011e-01 -1.0704638217914447e-01 0
434 5 2 3.7224482152000003e+07 -1.8013085997394437e+08 6.1900990239624716e+06 -2.4540587736950915e+07 -2.4367926947531173e+00 -2.4250446391502674e+01 -3.7517415521159336e-01 1.5514905002820421e+03 0.0000000000000000e+00 0.0000000000000000e+00 0.0000000000000000e+00 0
435 5 1 3.7233122152000003e+07 -1.8015176561757997e+08 5.9805701304449821e+06 -2.4543809044979747e+07 -2.4024773341784771e+00 -2.4251605595835478e+01 -3.7049907888533984e-01 1.5514905002820421e+03 1.7947870326356336e-02 2.5014700112044236e-01 -1.0954252021068533e-01 0
436 5 1 4.7160480152000003e+07 -3.0286291732665632e+07 -1.5190213148952231e+08 -6.1655343805120671e+06 2.8326807999173809e+01 1.1390308543538161e+00 3.7412385326410056e+00 1.5179586225229964e+03 1.2445931794407349e-02 -9.6241577778838454e-03 1.1542020231046501e-02 0
437 5 3 4.7160481152000003e+07 -3.0286263405857150e+07 -1.5190213035048875e+08 -6.1655306392734321e+06 2.8326809078218975e+01 1.1390362663513609e+00 3.7412387523077517e+00 1.5179586225229964e+03 0.0000000000000000e+00 0.0000000000000000e+00 0.0000000000000000e+00 199
438 5 2 4.7160482152000003e+07 -3.0286235110173114e+07 -1.5190212923291409e+08 -6.1655269024323439e+06 2.8326810153162448e+01 1.1390416726429922e+00 3.7412389713249836e+00 1.5179586225238136e+03 0.0000000000000000e+00 0.0000000000000000e+00 0.0000000000000000e+00 0
439 5 1 4.7169122152000003e+07 -3.0041451288640134e+07 -1.5189208583891243e+08 -6.1331944099380393e+06 2.8336100693679775e+01 1.1858264042653026e+00 3.7431329905793742e+00 1.5179586225238136e+03 1.4297159484565616e-01 -3.5603025143618086e-02 -1.1071623254886789e-01 0
440 5 1 5.8392481152000003e+07 3.3068767912969977e+07 1.2592475094766816e+08 5.2283666682089046e+06 -3.0275477358729852e+01 1.5018890486456948e+01 -3.5350958746470464e+00 1.4938685867801350e+03 -1.3179743804612166e-02 2.8208177016425836e-03 1.6758062638471165e-02 0
441 5 2 5.8392483152000003e+07 3.3068707362011410e+07 1.2592478098543397e+08 5.2283595980165415e+06 -3.0275481326370883e+01 1.5018875377798333e+01 -3.5350965019545750e+00 1.4938685867801350e+03 0.0000000000000000e+00 0.0000000000000000e+00 0.0000000000000000e+00 0
442 5 1 5.8401123152000003e+07 3.2807053385698840e+07 1.2605426213323182e+08 5.1978046851629773e+06 -3.0292542372971027e+01 1.4953615836651542e+01 -3.5377967551522227e+00 1.4938685867801350e+03 1.0757411006552349e-01 -8.9095577627390354e-03 1.9552980513849011e-01 0
443 5 1 6.9624481151999995e+07 -1.7952859794361031e+08 -8.1027931651047617e+06 -1.5764223310751341e+07 1.3478442278873835e+00 -2.3659170913058073e+01 8.0890936456213858e-01 1.4332534704678853e+03 3.0288161672819996e-03 6.1475762229805395e-03 2.0894004825322018e-01 0
444 5 3 6.9624482151999995e+07 -1.7952859659576404e+08 -8.1028168242755365e+06 -1.5764222501841798e+07 1.3478482860102705e+00 -2.3659170729899628e+01 8.0890972090176783e-01 1.4332534704678853e+03 0.0000000000000000e+00 0.0000000000000000e+00 0.0000000000000000e+00 74
445 5 2 6.9624483151999995e+07 -1.7952859501808071e+08 -8.1028409447216084e+06 -1.5764221679409238e+07 1.3478524146294542e+00 -2.3659170567305296e+01 8.0891008326302793e-01 1.4332534704091140e+03 0.0000000000000000e+00 0.0000000000000000e+00 0.0000000000000000e+00 0
446 5 1 6.9633123151999995e+07 -1.7951679810533997e+08 -8.3072492844364187e+06 -1.5757219397728898e+07 1.3829143363083549e+00 -2.3657568069765407e+01 8.1198825197831848e-01 1.4332534704091140e+03 -3.8943397797735219e-03 -3.5208776348101944e-01 -1.0676722957188269e-01 0
447 5 1 7.5672482151999995e+07 -9.9205778958185181e+07 -1.3112538776502265e+08 -6.4543336818275051e+06 2.4296689656967068e+01 -1.3242918774250874e+01 2.1085458390709375e+00 1.3791641843024047e+03 1.4518204677897936e-01 -2.9659589784568086e-01 -1.0464609565553354e-01 0
448 5 2 7.5672484151999995e+07 -9.9205730364800066e+07 -1.3112541425085233e+08 -6.4543294647354512e+06 2.4296695566731856e+01 -1.3242910963007668e+01 2.1085462235605426e+00 1.3791641843024047e+03 0.0000000000000000e+00 0.0000000000000000e+00 0.0000000000000000e+00 0
449 5 1 7.5681124151999995e+07 -9.8995696678362668e+07 -1.3123968715062180e+08 -6.4361044550468326e+06 2.4322207118794143e+01 -1.3209140560130995e+01 2.1102054192998274e+00 1.3791641843024047e+03 1.4109574764464258e-01 -2.6827636122880738e-01 -1.2224505609348944e-01 0
450 5 1 8.1720482151999995e+07 7.3570841044681832e+07 -1.2257654685231186e+08 6.2844705835208055e+06 2.6168787595218660e+01 1.7941773376671346e+01 1.6946685747590153e+00 1.3278833582743464e+03 -9.3524101577286106e-02 -3.6447776115069630e-01 -5.3704416482532021e-03 0
451 5 3 8.1720483151999995e+07 7.3570867213467717e+07 -1.2257652891053575e+08 6.2844722781892344e+06 2.6168784263161534e+01 1.7941778928217968e+01 1.6946682901324730e+00 1.3278833582743464e+03 0.0000000000000000e+00 0.0000000000000000e+00 0.0000000000000000e+00 181
452 5 2 8.1720484151999995e+07 7.3570893362928033e+07 -1.2257651100455643e+08 6.2844739717179416e+06 2.6168780925669509e+01 1.7941784473048582e+01 1.6946680051506977e+00 1.3278833582743462e+03 0.0000000000000000e+00 0.0000000000000000e+00 0.0000000000000000e+00 0
453 5 1 8.1729124151999995e+07 7.3796867120486096e+07 -1.2242128684078749e+08 6.2991052702201214e+06 2.6139942909643739e+01 1.7989727452896247e+01 1.6922055571146633e+00 1.3278833582743462e+03 -4.4453409722663317e-02 -8.9205416616243288e-02 -5.8746149951816193e-02 0
454 5 1 9.1656483151999995e+07 6.2408206878756970e+07 1.3755344424510330e+08 3.2151778830290651e+06 -2.5945784518790298e+01 1.4212212609484077e+01 -1.7665003355041911e+00 1.3057327597872688e+03 1.5109203271545663e-02 -5.4072887555258124e-02 8.8950980553519812e-02 0
455 5 2 9.1656485151999995e+07 6.2408154987183228e+07 1.3755347266951787e+08 3.2151743500281535e+06 -2.5945789322053322e+01 1.4212202022643844e+01 -1.7665005829611165e+00 1.3057327597872688e+03 0.0000000000000000e+00 0.0000000000000000e+00 0.0000000000000000e+00 0
456 5 1 9.1665125151999980e+07 6.2183893845593676e+07 1.3767606848507807e+08 3.1999071747380351e+06 -2.5966498253442509e+01 1.4166455051322872e+01 -1.7675668587725222e+00 1.3057327597872688e+03 -3.2636242079440693e-02 -4.9865596967543280e-02 1.6024851535925477e-01 0
457 5 1 1.0159248315200000e+08 -1.5784054390620476e+08 3.3861417964171723e+07 -7.1429405070219291e+06 -5.9855142951612379e+00 -2.7806670053709002e+01 8.9709540622762027e-02 1.2619636861636823e+03 -9.0356141248522176e-02 -1.8846812592287457e-01 2.7288471581912541e-02 0
458 5 3 1.0159248415200000e+08 -1.5784054989171654e+08 3.3861390157501191e+07 -7.1429404173122756e+06 -5.9855093305116247e+00 -2.7806671118771245e+01 8.9709765293781552e-02 1.2619636861636823e+03 0.0000000000000000e+00 0.0000000000000000e+00 0.0000000000000000e+00 9
459 5 2 1.0159248515200000e+08 -1.5784055590258193e+08 3.3861362389807113e+07 -7.1429403291438622e+06 -5.9855043750220345e+00 -2.7806672177142737e+01 8.9709989481410346e-02 1.2619636861636816e+03 0.0000000000000000e+00 0.0000000000000000e+00 0.0000000000000000e+00 0
460 5 1 1.0160112515199998e+08 -1.5789208533577037e+08 3.3621073083068907e+07 -7.1421568493459644e+06 -5.9426028430976219e+00 -2.7815841643602909e+01 9.1651038561092607e-02 1.2619636861636816e+03 6.2873963545633507e-03 7.9481560546767957e-03 -1.9917411561082753e-02 0
461 5 1 1.1282448415200000e+08 3.3989097331243299e+07 -1.5248002330166996e+08 4.2738319149743197e+06 2.7823102721856763e+01 7.4921192780696488e+00 1.3909238464628997e+00 1.2379077932845014e+03 -1.2156445112786241e-01 7.8753492123030247e-02 9.4480937705848381e-02 0
462 5 2 1.1282448615200000e+08 3.3989152977446266e+07 -1.5248000831742081e+08 4.2738346968217101e+06 2.7823100358306061e+01 7.4921298812919188e+00 1.3909235492672034e+00 1.2379077932845014e+03 0.0000000000000000e+00 0.0000000000000000e+00 0.0000000000000000e+00 0
463 5 1 1.1283312615199998e+08 3.4229500348007590e+07 -1.5241507844836563e+08 4.2858467243281007e+06 2.7812852668657914e+01 7.5379306949701785e+00 1.3896377286281600e+00 1.2379077932845014e+03 4.0275904331220748e-03 -1.1786668938323015e-02 5.2138916539224811e-02 0
464 5 1 1.2405648415200000e+08 8.6806568646454096e+07 1.1746077787212791e+08 3.4801211609849534e+06 -2.4798067853306986e+01 1.9548019546029487e+01 -1.7348464291117736e+00 1.2042509463104157e+03 -1.3877373938190118e-01 1.8288115913582720e-01 -3.8138478313346998e-02 0
465 5 3 1.2405648515200000e+08 8.6806543848384440e+07 1.1746079742014490e+08 3.4801194261384537e+06 -2.4798071547625920e+01 1.9548014547125824e+01 -1.7348465772189543e+00 1.2042509463104157e+03 0.0000000000000000e+00 0.0000000000000000e+00 0.0000000000000000e+00 286
466 5 2 1.2405648615200000e+08 8.6806519110031202e+07 1.1746081693222857e+08 3.4801176955083548e+06 -2.4798075233058853e+01 1.9548009553895966e+01 -1.7348467249927095e+00 1.2042509463103240e+03 0.0000000000000000e+00 0.0000000000000000e+00 0.0000000000000000e+00 0
467 5 1 1.2406512615199998e+08 8.6592125971520856e+07 1.1762952507267745e+08 3.4651230999831855e+06 -2.4829952061831364e+01 1.9504791602763142e+01 -1.7361235069261309e+00 1.2042509463103240e+03 -9.0381711940736409e-02 5.7871392882282387e-02 4.4826016437358888e-02 0
468 5 1 1.3010448515200000e+08 -8.8626248154945806e+07 1.3509130559008744e+08 -5.5880356630205531e+06 -2.6553479950683304e+01 -1.2812983032810845e+01 -7.8186994823802858e-01 1.1731104143282828e+03 -2.0902514064372449e-01 1.2126113896583140e-02 2.1157369417791880e-01 0
469 5 2 1.3010448715200000e+08 -8.8626301261900038e+07 1.3509127996411294e+08 -5.5880372267600950e+06 -2.6553474383213096e+01 -1.2812991519196510e+01 -7.8186959719962013e-01 1.1731104143282828e+03 0.0000000000000000e+00 0.0000000000000000e+00 0.0000000000000000e+00 0
470 5 1 1.3011312715199998e+08 -8.8855619310110793e+07 1.3498041741718215e+08 -5.5947860275797518e+06 -2.6529399272805733e+01 -1.2849626276463251e+01 -7.8035266678296111e-01 1.1731104143282828e+03 -1.3188840481740383e-01 -1.4294906240348688e-02 1.6319365338378367e-01 0
471 5 1 1.3615248515199998e+08 -1.8691067399748468e+08 7.3507737100243596e+06 -5.2306078076032354e+06 -5.0648956695879113e+00 -2.5100331409735485e+01 7.2883476098524058e-01 1.1428799198117506e+03 -1.5758958061341949e-01 1.2820610735299304e-01 5.2505433645485280e-02 0
472 5 3 1.3615248615199998e+08 -1.8691067906237844e+08 7.3507486096929256e+06 -5.2306070787684228e+06 -5.0648918840512973e+00 -2.5100331558611813e+01 7.2883486692170374e-01 1.1428799198117506e+03 0.0000000000000000e+00 0.0000000000000000e+00 0.0000000000000000e+00 221
473 5 2 1.3615248715199998e+08 -1.8691068414534527e+08 7.3507234965048851e+06 -5.2306063504574858e+06 -5.0648881042409242e+00 -2.5100331707535013e+01 7.2883497266598285e-01 1.1428799198117479e+03 0.0000000000000000e+00 0.0000000000000000e+00 0.0000000000000000e+00 0
474 5 1 1.3616112715199995e+08 -1.8695430349959901e+08 7.1338511294730250e+06 -5.2243052645639656e+06 -5.0321864259224522e+00 -2.5101598663746532e+01 7.2974945567664173e-01 1.1428799198117479e+03 -6.4371384318992128e-03 -3.2002436972494136e-02 -3.4648393960606599e-03 0
475 5 1 1.4608848615199998e+08 -8.9076848174950898e+07 -1.8371388146650615e+08 6.4571397238434581e+06 2.0275497517618245e+01 -8.2000699406961637e+00 1.5680359565577000e+00 1.0939953272985554e+03 -2.8890084410446654e-01 1.9384022565154257e-01 1.7964418547634659e-01 0
476 5 2 1.4608848815199998e+08 -8.9076807623953164e+07 -1.8371389786664027e+08 6.4571428599151634e+06 2.0275500291436408e+01 -8.2000642199162925e+00 1.5680357554848037e+00 1.0939953272985554e+03 0.0000000000000000e+00 0.0000000000000000e+00 0.0000000000000000e+00 0
477 5 1 1.4609712815199995e+08 -8.8901575566177621e+07 -1.8378463963788760e+08 6.4706869334892230e+06 2.0287472476121934e+01 -8.1753434620387733e+00 1.5671661309127258e+00 1.0939953272985554e+03 -3.1330020812607223e-01 1.2471940991333613e-01 1.9378605336425375e-01 0
478 5 1 1.5602448615199998e+08 1.0960510679656892e+08 -8.8079491571786731e+07 1.5893294753991473e+07 1.0514773606745067e+01 3.0145614296903329e+01 -1.0360722624961507e+00 1.0438896265130300e+03 4.7226612395483744e-02 7.0949445442394024e-02 -3.3028371493822109e-02 0
479 5 3 1.5602448715199998e+08 1.0960511731133994e+08 -8.8079461426170424e+07 1.5893293717918841e+07 1.0514768473164681e+01 3.0145618422286390e+01 -1.0360730068912070e+00 1.0438896265130300e+03 0.0000000000000000e+00 0.0000000000000000e+00 0.0000000000000000e+00 50
480 5 2 1.5602448815199998e+08 1.0960512781940259e+08 -8.8079431124011159e+07 1.5893292672827071e+07 1.0514763322628003e+01 3.0145622575433322e+01 -1.0360737547130510e+00 1.0438896265124470e+03 0.0000000000000000e+00 0.0000000000000000e+00 0.0000000000000000e+00 0
481 5 1 1.5603312815199998e+08 1.0969578358592826e+08 -8.7818819016852245e+07 1.5884313198186673e+07 1.0470347133428872e+01 3.0181248168840501e+01 -1.0425098421124408e+00 1.0438896265124470e+03 6.2539981824369623e-02 6.0407018026043237e-02 8.9706984801312256e-02 0
482 5 1 1.8108048715199998e+08 -5.2428087209484808e+07 -1.7633405605907941e+08 1.9283023249154940e+07 2.3053232191221042e+01 -8.8434083678981035e-02 3.1043671336279064e+00 9.3582709780624975e+02 1.7084148377158045e-02 9.5168201532615196e-02 1.9689356095983704e-01 0
483 5 3 1.8108048815199998e+08 -5.2428064156252109e+07 -1.7633405614751163e+08 1.9283026353521865e+07 2.3053233290645139e+01 -8.8430385929098715e-02 3.1043667292601729e+00 9.3582709780624975e+02 0.0000000000000000e+00 0.0000000000000000e+00 0.0000000000000000e+00 92
484 5 2 1.8108048915199998e+08 -5.2428041103018314e+07 -1.7633405623594016e+08 1.9283029457888387e+07 2.3053234390068866e+01 -8.8426688178847135e-02 3.1043663248923332e+00 9.3582709780624975e+02 0.0000000000000000e+00 0.0000000000000000e+00 0.0000000000000000e+00 0
485 5 1 1.8108912915199998e+08 -5.2228820162367843e+07 -1.7633468218502650e+08 1.9309836078663860e+07 2.3062719433830981e+01 -5.6464337217818038e-02 3.1008686549803679e+00 9.3582709780624975e+02 2.0013238069918854e-01 -1.5916510072186538e-01 -2.4796226730866072e-01 0
486 5 1 1.8972048815199998e+08 1.0963765829156809e+08 -8.5163004666901492e+06 1.0192172251287958e+07 -3.1753130102139990e+00 3.8158658383191714e+01 -6.2486231244671080e+00 8.8909580842381467e+02 -1.6545292039160560e-02 -9.7212972201504599e-02 -1.7618344379459448e-02 0
487 5 2 1.8972049015199998e+08 1.0963765194092049e+08 -8.5162241493718550e+06 1.0192159754039725e+07 -3.1753346140721854e+00 3.8158660061302420e+01 -6.2486251328109450e+00 8.8909580842381467e+02 0.0000000000000000e+00 0.0000000000000000e+00 0.0000000000000000e+00 0
488 5 1 1.8972913015199998e+08 1.0960981369347198e+08 -8.1865023971309979e+06 1.0138134199088041e+07 -3.2687245352625203e+00 3.8165774662774695e+01 -6.2572849514883302e+00 8.8909580842381467e+02 1.7170373103751954e-01 -2.4084718472376310e-01 2.3960001632594936e-02 0
489 5 1 1.9836048815199998e+08 -1.2479955675458652e+08 5.8629758312205553e+07 -1.8046229971378118e+07 -1.8516239042778896e+01 -2.3614770698018447e+01 2.7124356557867548e+00 8.4524443944556629e+02 3.2932949655444153e-02 -1.0487035970366834e-02 1.5517643831878639e-01 0
490 5 3 1.9836048915199998e+08 -1.2479957527082245e+08 5.8629734697433457e+07 -1.8046227258942023e+07 -1.8516232883840630e+01 -2.3614773591433870e+01 2.7124365463796596e+00 8.4524443944556629e+02 0.0000000000000000e+00 0.0000000000000000e+00 0.0000000000000000e+00 280
491 5 2 1.9836049015199998e+08 -1.2479959378709139e+08 5.8629711020524152e+07 -1.8046224537061598e+07 -1.8516226719970287e+01 -2.3614776496883504e+01 2.7124374391811168e+00 8.4524443944556845e+02 0.0000000000000000e+00 0.0000000000000000e+00 0.0000000000000000e+00 0
492 5 1 1.9836913015199998e+08 -1.2495934409676366e+08 5.8425571523068674e+07 -1.8022755863812555e+07 -1.8463010707615947e+01 -2.3639717419210491e+01 2.7201226407918471e+00 8.4524443944556845e+02 3.8942029872047985e-02 4.0094877302095114e-02 1.1702283722262653e-02 0
493 5 1 2.0700048915199998e+08 -7.7155319470640659e+07 -1.3419187602742252e+08 1.6409353844278911e+07 2.4751670903860429e+01 -1.0843350563560129e+01 3.0935575733747358e+00 8.1665874066980257e+02 1.9599748129581596e-01 -1.0605585364184472e-01 -6.2413299281765526e-02 0
494 5 2 2.0700049115199998e+08 -7.7155269967293516e+07 -1.3419189771411416e+08 1.6409360031392889e+07 2.4751676333689289e+01 -1.0843341119762622e+01 3.0935564185609250e+00 8.1665874066980257e+02 0.0000000000000000e+00 0.0000000000000000e+00 0.0000000000000000e+00 0
495 5 1 2.0700913115199998e+08 -7.6941314229220733e+07 -1.3428540787105176e+08 1.6436066792441381e+07 2.4775105732752486e+01 -1.0802520859193681e+01 3.0885624809040348e+00 8.1665874066980257e+02 2.4940826850099670e-01 -1.0334057391250880e-01 -8.1997193304198912e-02 0
496 5 1 2.1564048915199998e+08 1.2674003825675392e+08 -2.1728250689235255e+07 8.4233694131510314e+06 5.1756602849758231e+00 3.3204275617349694e+01 -4.9151099200587343e+00 7.8601661860287777e+02 -1.2217998155931572e-02 -1.5276900333902780e-02 1.2444915146461387e-02 0
497 5 3 2.1564049015199998e+08 1.2674004343241026e+08 -2.1728217484959029e+07 8.4233644980408605e+06 5.1756524249545874e+00 3.3204276964866864e+01 -4.9151104424496275e+00 7.8601661860287777e+02 0.0000000000000000e+00 0.0000000000000000e+00 0.0000000000000000e+00 109
498 5 2 2.1564049115199998e+08 1.2674004861794209e+08 -2.1728184336680569e+07 8.4233595918887593e+06 5.1756445685460344e+00 3.3204278301959327e+01 -4.9151109631193481e+00 7.8601661860087700e+02 0.0000000000000000e+00 0.0000000000000000e+00 0.0000000000000000e+00 0
499 5 1 2.1564913115199998e+08 1.2678447276259457e+08 -2.1441249295060869e+07 8.3808735667433385e+06 5.1077164016898955e+00 3.3215844914613719e+01 -4.9196134099133300e+00 7.8601661860087700e+02 -3.1148483140554573e-03 2.9870503315694602e-02 6.6186736468233972e-03 0
500 5 1 2.2428049015199998e+08 -4.9228882430756830e+07 1.4191018235267672e+08 -2.4238436172652077e+07 -2.9779675699633753e+01 -5.0392844228244691e+00 -5.9148822711229276e-01 7.6145173444559316e+02 -1.8570302494315158e-01 6.5469038603558974e-02 -6.3846781270939207e-02 0
501 5 2 2.2428049215199998e+08 -4.9228941990104407e+07 1.4191017227409720e+08 -2.4238437355626702e+07 -2.9779671989839375e+01 -5.0392951168974003e+00 -5.9148640055118629e-01 7.6145173444559316e+02 0.0000000000000000e+00 0.0000000000000000e+00 0.0000000000000000e+00 0
502 5 1 2.2428913215199998e+08 -4.9486169021613970e+07 1.4186643326468205e+08 -2.4243513717462569e+07 -2.9763610683998067e+01 -5.0854666158874444e+00 -5.8359820882367919e-01 7.6145173444559316e+02 3.9866812115324406e-03 -1.4181973294251303e-02 1.8982844754590073e-03 0
503 5 1 2.3292049015199998e+08 -1.8579142377894157e+08 -1.8985091232678011e+07 -5.8928683370998884e+06 2.6365571102579277e-01 -2.3486592277767553e+01 3.5597858995831126e+00 7.4169556146430068e+02 -1.0808311583107227e-01 1.5059589424033684e-01 -4.5670269417001967e-02 0
504 5 3 2.3292049115199998e+08 -1.8579142351528397e+08 -1.8985114719270051e+07 -5.8928647773139356e+06 2.6365949061937771e-01 -2.3486591891549654e+01 3.5597860194629227e+00 7.4169556146430068e+02 0.0000000000000000e+00 0.0000000000000000e+00 0.0000000000000000e+00 255
505 5 2 2.3292049215199998e+08 -1.8579142330383122e+08 -1.8985138173010241e+07 -5.8928612249784451e+06 2.6366325861794715e-01 -2.3486591501368196e+01 3.5597861381689722e+00 7.4169556145583942e+02 0.0000000000000000e+00 0.0000000000000000e+00 0.0000000000000000e+00 0
506 5 1 2.3292913215199998e+08 -1.8578900419441503e+08 -1.9188047858038258e+07 -5.8621002064589038e+06 2.9631418596179043e-01 -2.3483237208398652e+01 3.5608190516642604e+00 7.4169556145583942e+02 -9.0906330932603134e-03 3.0790668531102761e-01 -1.0749749400821278e-01 0
507 5 1 2.3767249115199998e+08 -1.4498433715497544e+08 -1.1369023394411445e+08 9.3472782091377676e+06 1.6246689150858757e+01 -1.4766496035132597e+01 2.5728241200473909e+00 7.0068879815366211e+02 -9.3054749190153066e-02 3.1734866781813076e-01 -1.2991096023308593e-01 0
508 5 2 2.3767249315199998e+08 -1.4498430466159108e+08 -1.1369026347710165e+08 9.3472833547856007e+06 1.6246695280098660e+01 -1.4766491228855585e+01 2.5728237248893073e+00 7.0068879815366211e+02 0.0000000000000000e+00 0.0000000000000000e+00 0.0000000000000000e+00 0
509 5 1 2.3768113315199998e+08 -1.4484381884601921e+08 -1.1381775621621256e+08 9.3695051700984146e+06 1.6273167355246727e+01 -1.4745711292652171e+01 2.5711141865080354e+00 7.0068879815366211e+02 -9.6635715389922341e-02 2.9902191085157726e-01 -1.2590856585939195e-01 0
510 5 1 2.4242449115199998e+08 -3.7762688064673409e+07 -1.4196967030931106e+08 1.6066784856540428e+07 2.7927906424323453e+01 5.5365088438989583e+00 -7.6881761287362058e-02 6.6055805685924850e+02 3.1312827123351865e-02 3.1725870125366956e-01 -9.9276175322874263e-02 0
511 5 3 2.4242449215199998e+08 -3.7762660136766262e+07 -1.4196966477279928e+08 1.6066784779658336e+07 2.7927907977099832e+01 5.5365146815985291e+00 -7.6882421943010953e-02 6.6055805685924850e+02 0.0000000000000000e+00 0.0000000000000000e+00 0.0000000000000000e+00 162
512 5 2 2.4242449315199998e+08 -3.7762632188472338e+07 -1.4196965922067392e+08 1.6066784701403443e+07 2.7927909531792615e+01 5.5365205243871332e+00 -7.6883083122557219e-02 6.6055805685924850e+02 0.0000000000000000e+00 0.0000000000000000e+00 0.0000000000000000e+00 0
513 5 1 2.4243313315199998e+08 -3.7521277174412973e+07 -1.4192160565792635e+08 1.6066095755076125e+07 2.7941297261174217e+01 5.5870049329283189e+00 -8.2597276381428691e-02 6.6055805685924850e+02 5.2673470635720846e-04 -9.9068972089112490e-04 4.1202876717567000e-03 0
514 5 1 2.6056849215199995e+08 -1.8571466954295072e+08 -5.2608458136068888e+07 1.8062771672822225e+06 3.7706037983293283e+00 -1.9107219964048138e+01 2.2449621370701589e+00 6.5671961225527298e+02 9.7794904753954106e-03 3.8698881456186150e-03 -1.4492028670413812e-02 0
515 5 2 2.6056849415199995e+08 -1.8571466200173628e+08 -5.2608496350506805e+07 1.8062816572064213e+06 3.7706106517701188e+00 -1.9107218022633965e+01 2.2449620704129085e+00 6.5671961225527298e+02 0.0000000000000000e+00 0.0000000000000000e+00 0.0000000000000000e+00 0
516 5 1 2.6057713415199992e+08 -1.8568195604069382e+08 -5.2773546447462231e+07 1.8256768811457551e+06 3.8002117388161718e+00 -1.9098818853965387e+01 2.2446725957790492e+00 6.5671961225527298e+02 1.3577421629103359e-02 -4.7324149075217200e-03 -2.9581890236786403e-02 0
517 5 1 2.7871249215199995e+08 -6.3594870927800700e+07 1.0021611769636290e+08 -1.1109418819865774e+07 -3.4977369371932731e+01 -4.2043301766678720e+00 -2.8479524069690821e-03 6.4949734916635225e+02 3.6846163814099019e-03 9.0447641256389828e-04 1.0037654363332786e-02 0
518 5 3 2.7871249315199995e+08 -6.3594905905167513e+07 1.0021611349202882e+08 -1.1109418822713293e+07 -3.4977364390010585e+01 -4.2043380274385616e+00 -2.8470821128138632e-03 6.4949734916635225e+02 0.0000000000000000e+00 0.0000000000000000e+00 0.0000000000000000e+00 5
519 5 2 2.7871249415199995e+08 -6.3594941508615822e+07 1.0021610910074469e+08 -1.1109418816744892e+07 -3.4977359330906552e+01 -4.2043460527142917e+00 -2.8461923002602468e-03 6.4949734916636589e+02 0.0000000000000000e+00 0.0000000000000000e+00 0.0000000000000000e+00 0
520 5 1 2.7872113415199995e+08 -6.3896959853562817e+07 1.0017949087891559e+08 -1.1109410959867733e+07 -3.4934284169658170e+01 -4.2720529796143412e+00 4.6608015328374556e-03 6.4949734916636589e+02 -1.7323431702508822e-02 4.9773565604472193e-04 1.1719038562070171e-03 0
521 5 1 2.8605649315199995e+08 -1.9003875702421415e+08 -1.8812639468969833e+07 -1.4411829480897107e+06 -1.8727678067977551e+00 -1.8905101348540772e+01 1.5111954270352337e+00 6.2445874407808685e+02 -4.5488816481447342e-02 2.3603820971475847e-01 -1.0485206723287074e-01 0
522 5 2 2.8605649515199995e+08 -1.9003876076974252e+08 -1.8812677279171739e+07 -1.4411799256988077e+06 -1.8727605646521035e+00 -1.8905100631613273e+01 1.5111954819569031e+00 6.2445874407808685e+02 0.0000000000000000e+00 0.0000000000000000e+00 0.0000000000000000e+00 0
523 5 1 2.8606513515199995e+08 -1.9005480628407502e+08 -1.8976003932562802e+07 -1.4281221750323842e+06 -1.8414810465732447e+00 -1.8901990841247304e+01 1.5114316091352489e+00 6.2445874407808685e+02 -4.6932046515713415e-02 2.4714299236150136e-01 -1.0859364205930881e-01 0
524 5 1 2.9340049315199995e+08 -1.1397812651508848e+08 -1.1926791034176104e+08 5.7092512815927761e+06 2.2412522519694893e+01 -5.4060950843572977e+00 4.4188349068423155e-01 6.0010013342567527e+02 3.0323131118092663e-03 -1.3517254449293472e-02 5.9057733764060240e-03 0
525 5 3 2.9340049415199995e+08 -1.1397810410256432e+08 -1.1926791574785437e+08 5.7092517234761817e+06 2.2412525882646403e+01 -5.4060915653290387e+00 4.4188332223140242e-01 6.0010013342567527e+02 0.0000000000000000e+00 0.0000000000000000e+00 0.0000000000000000e+00 143
526 5 4 2.9340049515199995e+08 -1.1397808170262448e+08 -1.1926792115138103e+08 5.7092521647430910e+06 2.2412529245045405e+01 -5.4060880469937960e+00 4.4188315381828724e-01 6.0010000000000002e+02 0.0000000000000000e+00 0.0000000000000000e+00 0.0000000000000000e+00 0
527 6 0 0.0000000000000000e+00 -1.9500328646873634e+07 1.4581848347052613e+08 -7.6372048832368055e+03 -2.9372121596578573e+01 -4.2900370812733035e+00 -3.9404962967723312e+00 1.7540555711539687e+03 0.0000000000000000e+00 0.0000000000000000e+00 0.0000000000000000e+00 0
528 6 2 1.0008480152000001e+07 -1.1387232079692855e+08 -8.7039755537995368e+07 -1.6512212578553230e+07 1.8307850725512829e+01 -2.4353104332416464e+01 1.9819256299360559e+00 1.7540555711539687e+03 0.0000000000000000e+00 0.0000000000000000e+00 0.0000000000000000e+00 0
529 6 1 1.0017120152000001e+07 -1.1371395323130739e+08 -8.7250022679365113e+07 -1.6495061515091266e+07 1.8351297885061424e+01 -2.4319831694040175e+01 1.9882268548663187e+00 1.7540555711539687e+03 -2.3439142622819475e-01 3.6537175786888793e-01 7.4871409881089632e-02 0
530 6 1 1.8648479151999999e+07 1.0872898417372994e+08 -8.1097227103911817e+07 1.3000945857455907e+07 1.7396300664224754e+01 2.6659450901139024e+01 2.5555625219274809e+00 1.6671899695854404e+03 5.4121852611751509e-02 3.7443425371858868e-01 -1.2959385493231992e-01 0
531 6 2 1.8648481152000003e+07 1.0872901896631987e+08 -8.1097173785001487e+07 1.3000950968579588e+07 1.7396289257861845e+01 2.6659459408750472e+01 2.5555611580454110e+00 1.6671899695854404e+03 0.0000000000000000e+00 0.0000000000000000e+00 0.0000000000000000e+00 0
532 6 1 1.8657121151999999e+07 1.0887910991382447e+08 -8.0866677416176602e+07 1.3023005546453048e+07 1.7346971567949616e+01 2.6696166135197370e+01 2.5496632100437808e+00 1.6671899695854404e+03 9.0489471048531334e-02 3.8947444696004679e-01 -9.0177685271067079e-02 0
533 6 1 2.7288479152000003e+07 2.0208421660072856e+07 1.4702911527327573e+08 3.1074132227048823e+06 -2.9689346798435391e+01 9.4628395262910026e+00 -3.8381412925298477e+00 1.5783918095113545e+03 -1.6974786536044909e-01 3.8729923849877118e-01 -4.7029144598221308e-02 0
534 6 3 2.7288480151999999e+07 2.0208391970725708e+07 1.4702912473611227e+08 3.1074093845635345e+06 -2.9689347618327020e+01 9.4628335610535679e+00 -3.8381414186031475e+00 1.5783918095113545e+03 0.0000000000000000e+00 0.0000000000000000e+00 0.0000000000000000e+00 4
535 6 2 2.7288481151999999e+07 2.0208362353977621e+07 1.4702913417080393e+08 3.1074055553328511e+06 -2.9689348438269406e+01 9.4628276036391519e+00 -3.8381415446115748e+00 1.5783918095113545e+03 0.0000000000000000e+00 0.0000000000000000e+00 0.0000000000000000e+00 0
536 6 1 2.7297121151999999e+07 1.9951815920034841e+07 1.4711067037685755e+08 3.0742393249067706e+06 -2.9696384102866070e+01 9.4112972820576619e+00 -3.8392245072652216e+00 1.5783918095113545e+03 1.4547914964092093e-01 4.5818823891596763e-02 -2.0450925374930543e-02 0
537 6 1 3.8520480152000003e+07 -1.9013997427810985e+08 3.1727183054727521e+06 -2.5813464853366051e+07 -8.3659874955273661e-01 -2.3490302222318704e+01 -3.1265813845834745e-01 1.5542964728777629e+03 5.4427337613085838e-03 7.9537762085978726e-03 -2.1760198569499019e-02 0
538 6 2 3.8520482152000003e+07 -1.9013997595130020e+08 3.1726713248682814e+06 -2.5813465478681359e+07 -8.3659160920500986e-01 -2.3490302341463266e+01 -3.1265716908240643e-01 1.5542964728777629e+03 0.0000000000000000e+00 0.0000000000000000e+00 0.0000000000000000e+00 0
539 6 1 3.8529122152000003e+07 -1.9014707084799126e+08 2.9697129365905276e+06 -2.5816148745503388e+07 -8.0574572887708196e-01 -2.3490800563317141e+01 -3.0846938273899144e-01 1.5542964728777629e+03 -1.4204966171336911e-02 2.3956398042063241e-03 -2.1128340089599830e-02 0
540 6 1 4.9752480152000003e+07 2.4285610122784781e+06 -1.5529733879728490e+08 -1.7813210193930974e+06 2.9504102039622204e+01 5.8770342208218169e+00 3.9444922820562534e+00 1.5185468401699920e+03 2.5610338316909292e-01 -2.7167461742163099e-02 -1.4257249742274417e-03 0
541 6 3 4.9752481152000003e+07 2.4285905163804167e+06 -1.5529733292024794e+08 -1.7813170749007915e+06 2.9504101953616683e+01 5.8770397205173284e+00 3.9444923451398366e+00 1.5185468401699920e+03 0.0000000000000000e+00 0.0000000000000000e+00 0.0000000000000000e+00 48
542 6 2 4.9752482152000003e+07 2.4286200045114518e+06 -1.5529732706107920e+08 -1.7813131327562367e+06 2.9504101864834698e+01 5.8770452165643219e+00 3.9444924078046641e+00 1.5185468401698010e+03 0.0000000000000000e+00 0.0000000000000000e+00 0.0000000000000000e+00 0
543 6 1 4.9761122152000003e+07 2.6835321210830505e+06 -1.5524634407542434e+08 -1.7472303780862910e+06 2.9503319402456782e+01 5.9245764495010018e+00 3.9450324792899960e+00 1.5185468401698010e+03 -4.4831295303324192e-01 -6.3854329974785068e-03 -1.3571232900381577e-01 0
544 6 1 5.7096481152000003e+07 1.2613581918838263e+08 2.1870475165522762e+07 1.8388646584697828e+07 -6.2621573561842743e+00 3.3807950839624610e+01 3.9461472006105530e-01 1.4465306707968709e+03 -1.4580166004972481e-01 -1.7206628124033008e-01 4.1049316348486492e-01 0
545 6 2 5.7096483152000003e+07 1.2613580666405247e+08 2.1870542781421624e+07 1.8388647373925008e+07 -6.2621728323884520e+00 3.3807948156227603e+01 3.9461246387029875e-01 1.4465306707968709e+03 0.0000000000000000e+00 0.0000000000000000e+00 0.0000000000000000e+00 0
546 6 1 5.7105123152000003e+07 1.2608141270268799e+08 2.2162593150738940e+07 1.8392014716157943e+07 -6.3290178572549429e+00 3.3796278071626453e+01 3.8486450024397612e-01 1.4465306707968709e+03 -1.0849733820634771e-02 -1.6405494725237699e-02 4.6209904784993405e-01 0
547 6 1 6.4440481152000003e+07 -5.3562410635689408e+07 1.4190440635590327e+08 2.8347932536062519e+06 -2.9676988792356223e+01 -5.7799478295859963e+00 -3.5651539265918197e+00 1.3806359202611839e+03 -3.6327826387978501e-01 -4.0806293713338680e-02 5.0030311225985266e-02 0
548 6 3 6.4440482152000003e+07 -5.3562440312677123e+07 1.4190440057595274e+08 2.8347896884522783e+06 -2.9676986756305748e+01 -5.7799532237503843e+00 -3.5651540343497956e+00 1.3806359202611839e+03 0.0000000000000000e+00 0.0000000000000000e+00 0.0000000000000000e+00 245
549 6 2 6.4440483152000003e+07 -5.3562469986005276e+07 1.4190439471321529e+08 2.8347861200316087e+06 -2.9676984728514221e+01 -5.7799586340781497e+00 -3.5651541446238046e+00 1.3806359202611884e+03 0.0000000000000000e+00 0.0000000000000000e+00 0.0000000000000000e+00 0
550 6 1 6.4449123152000003e+07 -5.3818803039292686e+07 1.4185425461558545e+08 2.8039791818941934e+06 -2.9659358686053515e+01 -5.8265360650246256e+00 -3.5660797178177557e+00 1.3806359202611884e+03 1.8950593910231939e-01 4.2675624898005311e-02 1.2263059782860038e-01 0
551 6 1 7.3080482151999995e+07 -1.7795068449281806e+08 -2.5561595977313329e+07 -1.7377971200502820e+07 3.1586457019617136e+00 -2.4328460591005726e+01 -3.0063966372830170e-01 1.3276261312982051e+03 9.3836529170311850e-02 4.3011458832836809e-02 2.4730776015770203e-01 0
552 6 2 7.3080484151999995e+07 -1.7795067817551866e+08 -2.5561644634233262e+07 -1.7377971801781364e+07 3.1586537183491306e+00 -2.4328459439496498e+01 -3.0063888087908175e-01 1.3276261312982051e+03 0.0000000000000000e+00 0.0000000000000000e+00 0.0000000000000000e+00 0
553 6 1 7.3089124151999995e+07 -1.7792323781260023e+08 -2.5771820975312144e+07 -1.7380554711391285e+07 3.1932809569101206e+00 -2.4323464591555449e+01 -2.9725680724577530e-01 1.3276261312982051e+03 4.6299043711152330e-02 -9.4838681059977933e-03 2.4238883942240166e-01 0
554 6 1 8.1720482151999995e+07 -1.8128309788028218e+07 -1.5471195231797755e+08 -1.7707709888571491e+06 2.9728341915285966e+01 1.6023909400077965e+00 3.2641800365294822e+00 1.2670637469575249e+03 3.7176788990875337e-01 7.0281446689564125e-02 4.4549178669795839e-02 0
555 6 3 8.1720483151999995e+07 -1.8128280059686046e+07 -1.5471195071558386e+08 -1.7707677246770880e+06 2.9728342551684925e+01 1.6023963712149267e+00 3.2641800986928455e+00 1.2670637469575249e+03 0.0000000000000000e+00 0.0000000000000000e+00 0.0000000000000000e+00 187
556 6 2 8.1720484151999995e+07 -1.8128250334941581e+07 -1.5471194912782642e+08 -1.7707644610622413e+06 2.9728343185352358e+01 1.6024018007683443e+00 3.2641801606012981e+00 1.2670637469575229e+03 0.0000000000000000e+00 0.0000000000000000e+00 0.0000000000000000e+00 0
557 6 1 8.1729124151999995e+07 -1.7871373801943809e+07 -1.5469790160639530e+08 -1.7425596359143427e+06 2.9733805010439905e+01 1.6493451846583604e+00 3.2647131983686983e+00 1.2670637469575229e+03 -5.1178657698859450e-03 -1.3183224107270661e-01 -3.1326659138342330e-02 0
558 6 1 8.9064483151999995e+07 1.3509970475878569e+08 -4.2531220735826492e+06 1.5762844468821883e+07 1.2809937025292366e+00 3.2646676056674281e+01 5.2184996166490993e-01 1.2179263106786691e+03 -1.2649450952465788e-01 -3.4373148259204522e-01 1.8530534269841653e-01 0
559 6 2 8.9064485151999995e+07 1.3509970732075885e+08 -4.2530567802302167e+06 1.5762845512520142e+07 1.2809794730896984e+00 3.2646676504632914e+01 5.2184830143591088e-01 1.2179263106786691e+03 0.0000000000000000e+00 0.0000000000000000e+00 0.0000000000000000e+00 0
560 6 1 8.9073125151999980e+07 1.3511050942603078e+08 -3.9709813202879815e+06 1.5767323295658393e+07 1.2195076535168794e+00 3.2648547443362901e+01 5.1467530527967442e-01 1.2179263106786691e+03 1.5904740902850458e-02 -3.2545461416705229e-01 2.2512578527258412e-01 0
561 6 1 9.6408483151999995e+07 -5.6167107329554521e+06 1.4394625116531256e+08 3.4194512524691536e+06 -3.0164575857744811e+01 -3.3026433512453279e-01 -3.2733371306896455e+00 1.1654820448041978e+03 -1.8094680715535957e-01 -1.4122850783692015e-01 -4.7179648363534124e-02 0
562 6 3 9.6408484151999995e+07 -5.6167408975311248e+06 1.4394625083504504e+08 3.4194479791319538e+06 -3.0164575608609237e+01 -3.3027072000665425e-01 -3.2733372823628049e+00 1.1654820448041978e+03 0.0000000000000000e+00 0.0000000000000000e+00 0.0000000000000000e+00 190
563 6 2 9.6408485151999995e+07 -5.6167711027442794e+06 1.4394625044911811e+08 3.4194447001406248e+06 -3.0164575368682740e+01 -3.3027711593624415e-01 -3.2733374355935680e+00 1.1654820448041874e+03 0.0000000000000000e+00 0.0000000000000000e+00 0.0000000000000000e+00 0
564 6 1 9.6417125151999980e+07 -5.8773835915331580e+06 1.4394315855301061e+08 3.3911574194037435e+06 -3.0162373034650759e+01 -3.8543810784617150e-01 -3.2746423797579260e+00 1.1654820448041874e+03 5.6983124040038559e-02 1.3238458810768048e-03 2.8911129761642068e-01 0
565 6 1 1.0893648415200000e+08 -6.8960800801152587e+07 -1.2265086300274798e+08 -5.0196731589860069e+06 2.7292964968506389e+01 -1.4183897566077910e+01 2.2497711396220237e+00 1.1192878102216455e+03 6.9563371164690401e-03 -8.5211746651490776e-03 -8.8285685596402892e-03 0
566 6 2 1.0893648615200000e+08 -6.8960746215216205e+07 -1.2265089137053138e+08 -5.0196686594432592e+06 2.7292971526274595e+01 -1.4183885902693318e+01 2.2497716169635127e+00 1.1192878102216455e+03 0.0000000000000000e+00 0.0000000000000000e+00 0.0000000000000000e+00 0
567 6 1 1.0894512615199998e+08 -6.8724812688926846e+07 -1.2277322239092605e+08 -5.0002217352442611e+06 2.7321255462517836e+01 -1.4133469863742885e+01 2.2518299442215448e+00 1.1192878102216455e+03 3.4451971733827878e-02 -6.4877607592970024e-03 1.1349501420966203e-02 0
568 6 1 1.2146448415200000e+08 1.0913541344960904e+08 9.7602759951519653e+07 4.6657000041632429e+06 -1.8301561076549039e+01 2.3906706777022464e+01 -2.3039384323475978e+00 1.0763318563690141e+03 9.4932165416345540e-02 6.8830841556071776e-02 -2.3065343648184400e-01 0
569 6 3 1.2146448515200000e+08 1.0913539514804570e+08 9.7602783858224332e+07 4.6656977002247162e+06 -1.8301565684151768e+01 2.3906702656317535e+01 -2.3039386293293829e+00 1.0763318563690141e+03 0.0000000000000000e+00 0.0000000000000000e+00 0.0000000000000000e+00 257
570 6 2 1.2146448615200000e+08 1.0913537688578901e+08 9.7602807663470760e+07 4.6656954064047178e+06 -1.8301570284082512e+01 2.3906698550836012e+01 -2.3039388243671488e+00 1.0763318563664548e+03 0.0000000000000000e+00 0.0000000000000000e+00 0.0000000000000000e+00 0
571 6 1 1.2147312615199998e+08 1.0897707944634651e+08 9.7809207646120667e+07 4.6457820340811173e+06 -1.8341343286693192e+01 2.3871064998223243e+01 -2.3056367808114420e+00 1.0763318563664548e+03 1.5479887876981561e-02 -5.1669420293665030e-02 -7.3759559076067164e-03 0
572 6 1 1.3140048515200000e+08 -1.3123005009768002e+08 8.2739876907060117e+07 -1.2727914709060460e+07 -1.4443562771623919e+01 -2.4447566543289533e+01 -1.7713668087017166e-02 1.0631905381911117e+03 -2.5746004688100114e-02 -3.2536512859788057e-02 5.0733026097969314e-02 0
573 6 2 1.3140048715200000e+08 -1.3123007898479626e+08 8.2739828011921301e+07 -1.2727914744486900e+07 -1.4443553536004806e+01 -2.4447572366297891e+01 -1.7712772330599279e-02 1.0631905381911117e+03 0.0000000000000000e+00 0.0000000000000000e+00 0.0000000000000000e+00 0
574 6 1 1.3140912715199998e+08 -1.3135469886608610e+08 8.2528492402970806e+07 -1.2728051065053094e+07 -1.4403633985566549e+01 -2.4472697344386926e+01 -1.3842819515438722e-02 1.0631905381911117e+03 -1.4568701373966113e-02 -1.5530554831814017e-01 1.2373852552379108e-01 0
575 6 1 1.4133648515199998e+08 -2.0883163611631811e+07 -1.4407353733773988e+08 6.6054102570647364e+06 3.0581597354153992e+01 -4.4016662670277116e+00 2.3859444616749976e+00 1.0404629163315215e+03 9.5983217641365821e-03 1.8382271077484375e-02 -2.0661068961587609e-02 0
576 6 3 1.4133648615199998e+08 -2.0883133030034069e+07 -1.4407354173940304e+08 6.6054126430090526e+06 3.0581598249663593e+01 -4.4016600888770219e+00 2.3859441784222399e+00 1.0404629163315215e+03 0.0000000000000000e+00 0.0000000000000000e+00 0.0000000000000000e+00 49
577 6 2 1.4133648715199998e+08 -2.0883102543784115e+07 -1.4407354615046808e+08 6.6054150232716203e+06 3.0581599136933182e+01 -4.4016539235387970e+00 2.3859438955503212e+00 1.0404629163344371e+03 0.0000000000000000e+00 0.0000000000000000e+00 0.0000000000000000e+00 0
578 6 1 1.4134512715199995e+08 -2.0618844243730046e+07 -1.4411134582295853e+08 6.6260189952245560e+06 3.0589287317604995e+01 -4.3482680548216912e+00 2.3834927899692562e+00 1.0404629163344371e+03 -1.1481136072609156e-01 -2.6374295710788989e-02 3.9185494409612422e-02 0
579 6 1 1.4738448615199998e+08 1.3263653103501740e+08 -6.8235514919736564e+07 1.5018833081615599e+07 1.3782721400473038e+01 2.5644328200132019e+01 3.1166021748639094e-01 1.0036419797969387e+03 -2.0624105504146412e-01 -1.5376065257883345e-01 2.5895552135117589e-01 0
580 6 2 1.4738448815199998e+08 1.3263655860044971e+08 -6.8235463631074890e+07 1.5018833704934848e+07 1.3782710951313630e+01 2.5644333575750824e+01 3.1165903429676217e-01 1.0036419797969387e+03 0.0000000000000000e+00 0.0000000000000000e+00 0.0000000000000000e+00 0
581 6 1 1.4739312815199995e+08 1.3275544616455887e+08 -6.8013796378869906e+07 1.5021504357221792e+07 1.3737552493561290e+01 2.5667517419063934e+01 3.0654744344007645e-01 1.0036419797969387e+03 -1.3422023341040873e-01 -1.4984051312094437e-01 2.6109650250800304e-01 0
582 6 1 1.5343248615199998e+08 1.0973129310057919e+08 9.3866952728590369e+07 9.6930186647581868e+06 -2.1062517051935984e+01 2.1238301242493140e+01 -2.1623702545618713e+00 9.6589875995318948e+02 -2.1555699334914760e-01 1.7682832236061170e-02 1.0026473264228643e-02 0
583 6 3 1.5343248715199998e+08 1.0973127203805977e+08 9.3866973966889516e+07 9.6930165023877248e+06 -2.1062521855826038e+01 2.1238297133121947e+01 -2.1623706789093289e+00 9.6589875995318948e+02 0.0000000000000000e+00 0.0000000000000000e+00 0.0000000000000000e+00 261
584 6 2 1.5343248815199998e+08 1.0973125099527934e+08 9.3866995209360197e+07 9.6930143417583667e+06 -2.1062526653788293e+01 2.1238293025300880e+01 -2.1623711026989376e+00 9.6589875995317902e+02 0.0000000000000000e+00 0.0000000000000000e+00 0.0000000000000000e+00 0
585 6 1 1.5344112815199998e+08 1.0954909153493281e+08 9.4050340558221459e+07 9.6743156247209478e+06 -2.1104006504967387e+01 2.1202745907783029e+01 -2.1660346958323351e+00 9.6589875995317902e+02 -1.2855543186140160e-03 1.7690906057149212e-03 8.0382625238098748e-03 0
586 6 1 1.6207248715199998e+08 -1.1994589788949452e+08 5.0750015542373173e+07 -1.1910658631719291e+07 -1.3150594270875096e+01 -3.0351243266799763e+01 -1.0892658640054456e+00 9.6344553757645645e+02 9.3305666431650191e-04 7.4419643666301480e-04 -2.6017681310910760e-02 0
587 6 2 1.6207248915199998e+08 -1.1994592419066879e+08 5.0749954839880735e+07 -1.1910660810249602e+07 -1.3150580038953480e+01 -3.0351249288429049e+01 -1.0892644507719800e+00 9.6344553757645645e+02 0.0000000000000000e+00 0.0000000000000000e+00 0.0000000000000000e+00 0
588 6 1 1.6208112915199998e+08 -1.2005927952333213e+08 5.0487607864484586e+07 -1.1920045674505742e+07 -1.3089071398483144e+01 -3.0377194497085949e+01 -1.0831571066973291e+00 9.6344553757645645e+02 1.6467121947003074e-02 6.0760319177375170e-03 -2.3900076664884184e-01 0
589 6 1 1.7071248715199998e+08 1.0016505113241113e+06 -1.4740015911049819e+08 -2.5509754382690554e+06 2.9223648663936075e+01 -1.9101536548814524e+00 2.7355815664564544e+00 9.4116074747482651e+02 -5.8933511155765611e-03 -3.1815344381210427e-03 6.4354428315450768e-02 0
590 6 3 1.7071248815199998e+08 1.0016797349726965e+06 -1.4740016102064878e+08 -2.5509727026874414e+06 2.9223648622448774e+01 -1.9101475498126437e+00 2.7355816721135460e+00 9.4116074747482651e+02 0.0000000000000000e+00 0.0000000000000000e+00 0.0000000000000000e+00 86
591 6 2 1.7071248915199998e+08 1.0017089909705251e+06 -1.4740016289219579e+08 -2.5509700276000346e+06 2.9223648587981049e+01 -1.9101414398322463e+00 2.7355817779168903e+00 9.4116162860231236e+02 0.0000000000000000e+00 0.0000000000000000e+00 0.0000000000000000e+00 0
592 6 1 1.7072112915199998e+08 1.2541996362966585e+06 -1.4741643866284198e+08 -2.5273306700700680e+06 2.9223245020318249e+01 -1.8574002743596392e+00 2.7364902599092424e+00 9.4116162860231236e+02 2.0290548560408825e-03 -1.8610429512664543e-04 1.2704784306544221e-02 0
593 6 1 1.7676048815199998e+08 1.3899607923282802e+08 -6.3432257261473216e+07 1.0011132112256568e+07 1.1263223887363791e+01 2.5772754759782451e+01 5.2355578471401409e-01 9.1453207679925765e+02 2.3743532318473482e-03 -3.1433454639040286e-02 -3.5618001800144522e-01 0
594 6 2 1.7676049015199998e+08 1.3899610175926548e+08 -6.3432205715959109e+07 1.0011133159367397e+07 1.1263213609504952e+01 2.5772759450184310e+01 5.2355504445572554e-01 9.1453207679925765e+02 0.0000000000000000e+00 0.0000000000000000e+00 0.0000000000000000e+00 0
595 6 1 1.7676913015199998e+08 1.3909322406606188e+08 -6.3209441640569843e+07 1.0015642857549800e+07 1.1218796154908510e+01 2.5792987121505835e+01 5.2035629380071369e-01 9.1453207679925765e+02 -1.2920232668376044e-02 -2.7612562596217215e-02 -3.5464484956857273e-01 0
596 6 1 1.8280848815199998e+08 1.0432733508247450e+08 9.6531412197088659e+07 2.2964719802337009e+06 -2.2510381717172017e+01 2.0232726488728446e+01 -2.3770498449297399e+00 8.8928970120966949e+02 -8.6242960446994128e-04 1.3694422293733821e-03 3.4186146065316322e-02 0
597 6 3 1.8280848915199998e+08 1.0432731257209042e+08 9.6531432429812863e+07 2.2964696031838078e+06 -2.2510386537002898e+01 2.0232722029061375e+01 -2.3770499510246768e+00 8.8928970120966949e+02 0.0000000000000000e+00 0.0000000000000000e+00 0.0000000000000000e+00 142
598 6 2 1.8280849015199998e+08 1.0432729008221363e+08 9.6531452667093247e+07 2.2964672282745745e+06 -2.2510391350929417e+01 2.0232717569696742e+01 -2.3770500567288053e+00 8.8928956166466367e+02 0.0000000000000000e+00 0.0000000000000000e+00 0.0000000000000000e+00 0
599 6 1 1.8281713015199998e+08 1.0413262048279323e+08 9.6706096761655092e+07 2.2759255669481917e+06 -2.2552006535168765e+01 2.0194141243600100e+01 -2.3779628505126689e+00 8.8928956166466367e+02 -1.0034126162369443e-01 1.4138222829251351e-01 -2.1426921812630312e-02 0
600 6 1 1.9144848915199998e+08 -1.2761114656543207e+08 3.9705063762777448e+07 -1.0084212985156773e+07 -1.1578961091940224e+01 -3.0517468342125639e+01 6.7777773493521087e-01 8.7124671358550052e+02 1.1090354770282753e-02 -8.9701331476331192e-03 1.0440122597016896e-02 0
601 6 2 1.9144849115199998e+08 -1.2761116972334014e+08 3.9705002727836512e+07 -1.0084211629600193e+07 -1.1578947022732631e+01 -3.0517472719629641e+01 6.7777884672573463e-01 8.7124671358550052e+02 0.0000000000000000e+00 0.0000000000000000e+00 0.0000000000000000e+00 0
602 6 1 1.9145713115199998e+08 -1.2771094922464731e+08 3.9441250259891719e+07 -1.0078334878296720e+07 -1.1518155634271372e+01 -3.0536317196355284e+01 6.8257948544181379e-01 8.7124671358550052e+02 -5.6916501421873544e-02 2.7955842658042551e-01 1.8934650144863333e-01 0
603 6 1 2.0008848915199998e+08 -1.3659298391125323e+07 -1.4588134544817823e+08 9.5357594398102555e+06 2.7536604091382308e+01 -1.0347467096643088e+00 1.9811230161652280e+00 8.1762834652516710e+02 -1.9688838537108197e-01 7.0141430381219325e-02 -6.8229489105579827e-02 0
604 6 3 2.0008849015199998e+08 -1.3659270854521001e+07 -1.4588134648292190e+08 9.5357614209330678e+06 2.7536604664047093e+01 -1.0347405935965688e+00 1.9811226163789744e+00 8.1762834652516710e+02 0.0000000000000000e+00 0.0000000000000000e+00 0.0000000000000000e+00 283
605 6 2 2.0008849115199998e+08 -1.3659243221634949e+07 -1.4588134746223813e+08 9.5357634057815094e+06 2.7536605248202665e+01 -1.0347344601008179e+00 1.9811222160214463e+00 8.1762834652389290e+02 0.0000000000000000e+00 0.0000000000000000e+00 0.0000000000000000e+00 0
606 6 1 2.0009713115199998e+08 -1.3421305700107234e+07 -1.4589005926344854e+08 9.5528653696194123e+06 2.7541510571964306e+01 -9.8188347315529223e-01 1.9776645334549303e+00 8.1762834652389290e+02 -3.2127834388375492e-02 -9.2007553926680724e-02 -1.1748433305686558e-01 0
607 6 1 2.0354449015199998e+08 7.6107217877789095e+07 -1.1331777385377009e+08 1.2020905527096746e+07 2.1756400879734358e+01 1.9648764064907297e+01 -8.3975174565842470e-01 7.9240015810901616e+02 -1.2511649551348297e-01 -2.1552010863553980e-01 -3.4076344172581607e-01 0
608 6 2 2.0354449215199998e+08 7.6107261390582919e+07 -1.1331773455623035e+08 1.2020903847592019e+07 2.1756393029130717e+01 1.9648775753844877e+01 -8.3975298563715117e-01 7.9240015810901616e+02 0.0000000000000000e+00 0.0000000000000000e+00 0.0000000000000000e+00 0
609 6 1 2.0355313215199998e+08 7.6295089955386549e+07 -1.1314775104081361e+08 1.2013625239292581e+07 2.1722422916538690e+01 1.9699254345121584e+01 -8.4511022247954937e-01 7.9240015810901616e+02 -1.2045788961214948e-01 -2.2904250637464377e-01 -3.4728800338582949e-01 0
610 6 1 2.0700049015199998e+08 1.1636662143965015e+08 -1.7420864115244411e+07 3.6393890133887320e+06 -1.6263228114690760e+00 3.3482683005674289e+01 -3.6552093493599540e+00 7.6791668474873950e+02 -2.4120126969640294e-02 -7.6611033116374502e-02 -9.5294853316527178e-02 0
611 6 3 2.0700049115199998e+08 1.1636661981332260e+08 -1.7420830632560764e+07 3.6393853581792419e+06 -1.6263322780447762e+00 3.3482684422882848e+01 -3.6552096454288274e+00 7.6791668474873950e+02 0.0000000000000000e+00 0.0000000000000000e+00 0.0000000000000000e+00 284
612 6 2 2.0700049215199998e+08 1.1636661818768674e+08 -1.7420797150096472e+07 3.6393817030431810e+06 -1.6263417454872335e+00 3.3482685839254486e+01 -3.6552099414658241e+00 7.6791668474882692e+02 0.0000000000000000e+00 0.0000000000000000e+00 0.0000000000000000e+00 0
613 6 1 2.0700913215199998e+08 1.1635221309806848e+08 -1.7131454114670947e+07 3.6077896650272761e+06 -1.7081881106950159e+00 3.3494837715400699e+01 -3.6577587425513425e+00 7.6791668474882692e+02 -6.3780438395287095e-03 4.8698236367328571e-03 4.2358138279485992e-03 0
614 6 1 2.1693649115199998e+08 -1.1611433004393630e+08 -3.5106258902464896e+07 2.0867768486961559e+06 3.0333336852060513e+00 -3.2438669528710449e+01 3.5483731104387912e+00 7.6664284718544866e+02 -1.3306696919988374e-03 -3.7005422280585107e-03 -5.0016293821655952e-04 0
615 6 2 2.1693649315199998e+08 -1.1611432397725168e+08 -3.5106323779798605e+07 2.0867839454420528e+06 3.0333509433778278e+00 -3.2438664310832330e+01 3.5483728002788357e+00 7.6664284718544866e+02 0.0000000000000000e+00 0.0000000000000000e+00 0.0000000000000000e+00 0
616 6 1 2.1694513315199998e+08 -1.1608779392063206e+08 -3.5386496247683637e+07 2.1174360724704140e+06 3.1078456801054100e+00 -3.2416048931110197e+01 3.5470240110167848e+00 7.6664284718544866e+02 -2.3951881312698348e-02 -8.2626509216179228e-02 -1.6934549040019428e-01 0
617 6 1 2.2687249115199998e+08 9.3585465660956442e+07 -9.8514669032957554e+07 5.2189145758435819e+06 1.7451097389690375e+01 2.2948876809991820e+01 -2.8849121380178784e+00 7.2810473992888888e+02 -2.8693668199186034e-02 1.5972139168293334e-02 -1.1873238373540015e-01 0
618 6 3 2.2687249215199998e+08 9.3585483112051323e+07 -9.8514646084078193e+07 5.2189116909313127e+06 1.7451092450076342e+01 2.2948882009777243e+01 -2.8849124134817439e+00 7.2810473992888888e+02 0.0000000000000000e+00 0.0000000000000000e+00 0.0000000000000000e+00 202
619 6 2 2.2687249315199998e+08 9.3585500787168622e+07 -9.8514622810495406e+07 5.2189087797879316e+06 1.7451087458234500e+01 2.2948887266597204e+01 -2.8849126940281415e+00 7.2810473992888933e+02 0.0000000000000000e+00 0.0000000000000000e+00 0.0000000000000000e+00 0
620 6 1 2.2688113315199998e+08 9.3736093658208370e+07 -9.8316150415596530e+07 5.1939728657737682e+06 1.7408355555402686e+01 2.2993788396171531e+01 -2.8872880850449967e+00 7.2810473992888933e+02 -5.0330118734995197e-02 8.0241094145390698e-02 2.9427917315021174e-01 0
621 6 1 2.3551249215199998e+08 -4.9099044466151580e+07 8.3312340501960322e+07 -2.6312842089824909e+06 -3.6936828305570934e+01 -1.6979901179967854e+01 2.0537513816522783e+00 6.9675960922316699e+02 -9.7309681082642582e-03 -7.7829582625860341e-03 -3.5100423302021115e-02 0
622 6 2 2.3551249415199998e+08 -4.9099118339793652e+07 8.3312306542133600e+07 -2.6312801014789646e+06 -3.6936813910971161e+01 -1.6979925605018572e+01 2.0537521530771694e+00 6.9675960922316699e+02 0.0000000000000000e+00 0.0000000000000000e+00 0.0000000000000000e+00 0
623 6 1 2.3552113415199998e+08 -4.9417983290275440e+07 8.3165144588609204e+07 -2.6135213238430917e+06 -3.6874461305949467e+01 -1.7085291174803121e+01 2.0570716521366017e+00 6.9675960922316699e+02 -1.3073693278007970e-02 -8.6707190766583866e-03 -1.8861125049436762e-03 0
624 6 1 2.4415249215199998e+08 -4.8259895659401722e+07 -1.4116186119788170e+08 3.4726343943703952e+06 2.3940251993459672e+01 -1.0932812646131042e+01 -1.8907927101102073e+00 6.5778032758057793e+02 -3.3739682853397047e-02 -1.3623432604071296e-02 -3.4717312576879855e-01 0
625 6 3 2.4415249315199998e+08 -4.8259871719148815e+07 -1.4116187213069150e+08 3.4726325035776198e+06 2.3940253920911143e+01 -1.0932807008267311e+01 -1.8907928488037129e+00 6.5778032758057793e+02 0.0000000000000000e+00 0.0000000000000000e+00 0.0000000000000000e+00 244
626 6 2 2.4415249415199998e+08 -4.8259847415186532e+07 -1.4116188302182713e+08 3.4726306018943102e+06 2.3940255897316877e+01 -1.0932801317091016e+01 -1.8907929902611429e+00 6.5778032758037443e+02 0.0000000000000000e+00 0.0000000000000000e+00 0.0000000000000000e+00 0
627 6 1 2.4416113415199998e+08 -4.8052931775961213e+07 -1.4125613197728568e+08 3.4562889826379181e+06 2.3956869688412468e+01 -1.0884084697317638e+01 -1.8919882171588358e+00 6.5778032758037443e+02 -3.8647087094652928e-02 1.3954017311265230e-02 5.7800481511337438e-02 0
628 6 1 2.5279249315199998e+08 1.1647187605087696e+08 -2.6935426590816554e+07 -7.1818139501716746e+06 -8.5241749815809742e-01 3.3621828252270085e+01 3.4520835305763570e-01 6.4533036131729057e+02 5.2120161316572403e-04 3.4563929238916928e-02 3.3518915886496491e-02 0
629 6 2 2.5279249515199998e+08 1.1647187434602396e+08 -2.6935359347156022e+07 -7.1818132597538596e+06 -8.5243549565744114e-01 3.3621832414388336e+01 3.4520946280782583e-01 6.4533036131729057e+02 0.0000000000000000e+00 0.0000000000000000e+00 0.0000000000000000e+00 0
630 6 1 2.5280113515199998e+08 1.1646417323002096e+08 -2.6644789272419557e+07 -7.1788099296925487e+06 -9.3025301152746920e-01 3.3639732036565860e+01 3.5000695110920432e-01 6.4533036131729057e+02 -4.9758920175122963e-02 7.1322701645117920e-02 1.3105760577567091e-02 0
631 6 1 2.6143249315199998e+08 -1.1834292178414467e+08 9.8520664958399385e+06 7.0029138593568914e+06 -1.1861467241984315e+01 -3.2296100244239305e+01 3.3707833186393593e-01 6.3485665659292249e+02 -7.6875871678801161e-03 -2.3001778496901295e-03 -1.9927828784789044e-02 0
632 6 3 2.6143249415199998e+08 -1.1834293364560722e+08 9.8520341997393705e+06 7.0029141964349458e+06 -1.1861457912315279e+01 -3.2296101020934387e+01 3.3707777978303505e-01 6.3485665659292249e+02 0.0000000000000000e+00 0.0000000000000000e+00 0.0000000000000000e+00 299
633 6 2 2.6143249515199998e+08 -1.1834294538521600e+08 9.8520018484006859e+06 7.0029145259084720e+06 -1.1861448541391594e+01 -3.2296101831561863e+01 3.3707722498248677e-01 6.3485665659292158e+02 0.0000000000000000e+00 0.0000000000000000e+00 0.0000000000000000e+00 0
634 6 1 2.6144113515199998e+08 -1.1844508020353861e+08 9.5729348314174563e+06 7.0058062776625920e+06 -1.1780885676684843e+01 -3.2302710849182311e+01 3.3231100946009240e-01 6.3485665659292158e+02 2.9088958985356468e-02 -1.2879851617412435e-02 4.2318218580727233e-03 0
635 6 1 3.2191249415199995e+08 2.0106363525978152e+07 -1.5704728302889064e+08 -2.1916376844079453e+06 2.4006485793302041e+01 6.9503837115476390e+00 -1.1167459436757141e+00 6.0010000000000002e+02 -3.2793227628344079e-02 3.1214710496060630e-02 9.5072501248485049e-03 0
636 6 3 3.2191249515199995e+08 2.0106387532463562e+07 -1.5704727607850435e+08 -2.1916388011538503e+06 2.4006485121195517e+01 6.9503889612507113e+00 -1.1167458704146553e+00 6.0010000000000002e+02 0.0000000000000000e+00 0.0000000000000000e+00 0.0000000000000000e+00 215
637 6 4 3.2191249615199995e+08 2.0106411538948301e+07 -1.5704726912811279e+08 -2.1916399178996817e+06 2.4006484449088138e+01 6.9503942109539327e+00 -1.1167457971535537e+00 6.0010000000000002e+02 0.0000000000000000e+00 0.0000000000000000e+00 0.0000000000000000e+00 0
638 7 0 0.0000000000000000e+00 -1.9500328646873634e+07 1.4581848347052613e+08 -7.6372048832368055e+03 -2.9592241215326325e+01 -4.2824977127053749e+00 -3.9709694190507454e+00 1.7425121617859581e+03 0.0000000000000000e+00 0.0000000000000000e+00 0.0000000000000000e+00 0
639 7 2 1.0008480152000001e+07 -1.1847976848863630e+08 -8.6256044481355309e+07 -1.7111842032849837e+07 1.7187384743293151e+01 -2.4612556756338879e+01 1.8306805351057951e+00 1.7425121617859581e+03 0.0000000000000000e+00 0.0000000000000000e+00 0.0000000000000000e+00 0
640 7 1 1.0017120152000001e+07 -1.1833108685816094e+08 -8.6468563850637481e+07 -1.7095998573711183e+07 1.7229650038854530e+01 -2.4581729383741148e+01 1.8367858485173005e+00 1.7425121617859581e+03 -5.4417727200086113e-02 2.9342214095612659e-02 7.4737238912466863e-02 0
641 7 1 2.9880479152000006e+07 4.9649902184357205e+06 1.4422558573207697e+08 2.1020904339779518e+06 -3.0457565766604887e+01 1.3729865228252722e+00 -4.3706348875148464e+00 1.7060740258327528e+03 -2.0182033310364101e-02 4.4337676698205174e-02 -9.6352184954553013e-02 0
642 7 2 2.9880481152000003e+07 4.9649293033038704e+06 1.4422558847803727e+08 2.1020816927080085e+06 -3.0457566204954528e+01 1.3729737893415235e+00 -4.3706350731052064e+00 1.7060740258327528e+03 0.0000000000000000e+00 0.0000000000000000e+00 0.0000000000000000e+00 0
643 7 1 2.9889121152000006e+07 4.7017678953442257e+06 1.4423721333147222e+08 2.0643159629166545e+06 -3.0459409635646288e+01 1.3179641973478418e+00 -4.3714296013771792e+00 1.7060740258327528e+03 8.8176934947539632e-03 7.2695741449631246e-05 -1.1903815184313446e-02 0
644 7 1 4.9752479152000010e+07 9.6902774958446145e+07 -1.1050232225934440e+08 1.4441006584719108e+07 2.0643103707435699e+01 2.1053838355206324e+01 3.3408256724988274e+00 1.6698647343118657e+03 -1.0720583303089588e-01 7.5577623069203834e-02 7.6198697577916918e-02 0
645 7 3 4.9752480152000003e+07 9.6902795601547807e+07 -1.1050230120550381e+08 1.4441009925544478e+07 2.0643099714606606e+01 2.1053842908396859e+01 3.3408250774645598e+00 1.6698647343118657e+03 0.0000000000000000e+00 0.0000000000000000e+00 0.0000000000000000e+00 122
646 7 2 4.9752481152000003e+07 9.6902816214227542e+07 -1.1050228020771646e+08 1.4441013262651602e+07 2.0643095730754194e+01 2.1053847446472389e+01 3.3408244837407115e+00 1.6698647343129817e+03 0.0000000000000000e+00 0.0000000000000000e+00 0.0000000000000000e+00 0
647 7 1 4.9761121152000003e+07 9.7081023421915829e+07 -1.1032020509349014e+08 1.4469855759407241e+07 2.0608560238379010e+01 2.1093161095174654e+01 3.3356773998244149e+00 1.6698647343129817e+03 -8.4859178598477969e-02 -7.8417683718522632e-02 -1.2990452595337446e-01 0
648 7 1 6.2712480152000003e+07 -7.6031242259762391e+07 1.0996594961648402e+08 -1.2878335642944077e+07 -2.7383791360325304e+01 -1.7118771622864948e+01 -4.2443227554543030e+00 1.6275312143596491e+03 -7.1207304914344224e-02 -1.4563247969287001e-02 -4.8052814457215667e-02 0
649 7 2 6.2712482152000003e+07 -7.6031297027336672e+07 1.0996591537892878e+08 -1.2878344131588161e+07 -2.7383783030974708e+01 -1.7118783669813649e+01 -4.2443213446109951e+00 1.6275312143596491e+03 0.0000000000000000e+00 0.0000000000000000e+00 0.0000000000000000e+00 0
650 7 1 6.2721122152000003e+07 -7.6267737324779466e+07 1.0981778439133203e+08 -1.2914988716505382e+07 -2.7347750852601383e+01 -1.7170781941384597e+01 -4.2382189423111871e+00 1.6275312143596491e+03 -1.5407897918952651e-01 -1.6593186001410840e-01 9.8136241550988046e-02 0
651 7 1 7.5672480152000010e+07 -7.6466651542067463e+06 -1.6921918460217935e+08 4.7242542578465790e+06 2.5650826255185535e+01 -1.9619265646558302e+00 4.6365994065968188e+00 1.5598229771395427e+03 -7.8952402317051265e-02 5.9817248689178143e-03 1.7705341738033223e-01 0
652 7 3 7.5672481152000010e+07 -7.6466395033804374e+06 -1.6921918656410360e+08 4.7242588944459120e+06 2.5650826463730073e+01 -1.9619219495988094e+00 4.6365992777537830e+00 1.5598229771395427e+03 0.0000000000000000e+00 0.0000000000000000e+00 0.0000000000000000e+00 292
653 7 2 7.5672482151999995e+07 -7.6466136959188292e+06 -1.6921918848725122e+08 4.7242635539542073e+06 2.5650826680141979e+01 -1.9619173164345476e+00 4.6365991495575587e+00 1.5598229771395429e+03 0.0000000000000000e+00 0.0000000000000000e+00 0.0000000000000000e+00 0
654 7 1 7.5681122151999995e+07 -7.4249828451238312e+06 -1.6923596719922820e+08 4.7643189481955459e+06 2.5652602258444144e+01 -1.9220440741270735e+00 4.6354813042372820e+00 1.5598229771395429e+03 3.3684691168943864e-01 -1.4764896043629064e-01 7.0853239049687516e-02 0
655 7 1 8.4312481152000010e+07 1.5752932843382436e+08 -3.9082562907706335e+07 3.1297311964875884e+07 5.2178567711041248e+00 2.7182400408152450e+01 5.3725583776866437e-01 1.4927807087219335e+03 1.0358706951792150e-01 -4.2436203603168583e-02 2.6185648208425222e-01 0
656 7 2 8.4312483151999995e+07 1.5752933886952862e+08 -3.9082508542903326e+07 3.1297313039385721e+07 5.2178475129708088e+00 2.7182402705066412e+01 5.3725399839891119e-01 1.4927807087219335e+03 0.0000000000000000e+00 0.0000000000000000e+00 0.0000000000000000e+00 0
657 7 1 8.4321123151999995e+07 1.5757424826436996e+08 -3.8847609800481737e+07 3.1301920582757317e+07 5.1778424215064707e+00 2.7192296598031401e+01 5.2930649109401584e-01 1.4927807087219335e+03 7.3848233221967582e-02 -1.9295276249295992e-01 2.5207429509994289e-01 0
658 7 1 9.2952481152000010e+07 3.6966713816736907e+07 1.4410503608481878e+08 7.6188666033709627e+06 -2.8387423674079230e+01 4.9565621369072153e+00 -5.3346684906594897e+00 1.4235233235361209e+03 3.6893403584244649e-01 -3.7606426101215722e-02 6.4767313783478123e-02 0
659 7 3 9.2952482151999995e+07 3.6966685429312550e+07 1.4410504104137799e+08 7.6188612687023301e+06 -2.8387425158173599e+01 4.9565563515523019e+00 -5.3346687965324300e+00 1.4235233235361209e+03 0.0000000000000000e+00 0.0000000000000000e+00 0.0000000000000000e+00 154
660 7 2 9.2952483151999995e+07 3.6966657070788711e+07 1.4410504599955946e+08 7.6188559398052916e+06 -2.8387426638834736e+01 4.9565505697784724e+00 -5.3346691017621124e+00 1.4235233235361211e+03 0.0000000000000000e+00 0.0000000000000000e+00 0.0000000000000000e+00 0
661 7 1 9.2961123151999995e+07 3.6721334425605141e+07 1.4414765460629365e+08 7.5727530034901202e+06 -2.8400209459287165e+01 4.9065467173238035e+00 -5.3373044241497514e+00 1.4235233235361211e+03 5.9342672760020435e-02 -1.8323572413029224e-01 3.8106847538246433e-02 0
662 7 1 9.9000482151999995e+07 -1.1530435000960074e+08 6.0073725448032640e+07 -2.1682642344934404e+07 -1.3605641730027367e+01 -3.0768239763193215e+01 -2.8522390150610808e+00 1.3823592594456857e+03 -2.4735180744648530e-01 -2.7417554296827357e-01 -1.4700673943896433e-01 0
663 7 2 9.9000484151999995e+07 -1.1530437722087079e+08 6.0073663911546275e+07 -2.1682648049409911e+07 -1.3605628366085877e+01 -3.0768246725820774e+01 -2.8522365020113343e+00 1.3823592594456857e+03 0.0000000000000000e+00 0.0000000000000000e+00 0.0000000000000000e+00 0
664 7 1 9.9009124151999995e+07 -1.1542168033504142e+08 5.9807696498250395e+07 -2.1707244450413834e+07 -1.3547857374475109e+01 -3.0798263552355337e+01 -2.8413722019402194e+00 1.3823592594456857e+03 -4.4937739057975816e-02 -3.8952001807311815e-01 -1.0783148471585717e-01 0
665 7 1 1.0504848215200000e+08 -7.0470824377849594e+07 -1.2516674054806708e+08 -1.5093859038619274e+07 2.4250915117583205e+01 -2.0521226587064547e+01 4.4270056470028356e+00 1.3424564389069180e+03 -6.8465607648882973e-02 -1.0219907494182640e-01 1.3083562438668511e-02 0
666 7 3 1.0504848315200000e+08 -7.0470800126932979e+07 -1.2516676106929086e+08 -1.5093854611613303e+07 2.4250918221630734e+01 -2.0521221073809752e+01 4.4270063118461582e+00 1.3424564389069180e+03 0.0000000000000000e+00 0.0000000000000000e+00 0.0000000000000000e+00 41
667 7 2 1.0504848415200000e+08 -7.0470775902376726e+07 -1.2516678154163644e+08 -1.5093850189314438e+07 2.4250921328487234e+01 -2.0521215563083597e+01 4.4270069772136633e+00 1.3424564389068987e+03 0.0000000000000000e+00 0.0000000000000000e+00 0.0000000000000000e+00 0
668 7 1 1.0505712415200000e+08 -7.0261132237062678e+07 -1.2534387903345191e+08 -1.5055576063007290e+07 2.4277687215466656e+01 -2.0473570805771377e+01 4.4327411146744122e+00 1.3424564389068987e+03 1.6959318580298442e-02 -1.7678789793734075e-02 7.8056065018754610e-03 0
669 7 1 1.1498448315200000e+08 1.6477878915140352e+08 -9.9000512516497090e+07 2.9974384831941050e+07 1.3578543789273514e+01 1.8506954254056563e+01 2.6539570747262009e+00 1.3177265110696399e+03 -7.9615258331917987e-02 -1.4812623112893403e-01 -7.9255820037354721e-02 0
670 7 2 1.1498448515200000e+08 1.6477881630848512e+08 -9.9000475502585083e+07 2.9974390139854107e+07 1.3578537850232269e+01 1.8506957822282615e+01 2.6539559943741127e+00 1.3177265110696399e+03 0.0000000000000000e+00 0.0000000000000000e+00 0.0000000000000000e+00 0
671 7 1 1.1499312515199998e+08 1.6489602402471066e+08 -9.8840508838570192e+07 2.9997300154772878e+07 1.3552876319488382e+01 1.8522357550158350e+01 2.6492878632833365e+00 1.3177265110696399e+03 -8.0938489060799479e-02 -1.5359290471180947e-01 -7.7399327739453253e-02 0
672 7 1 1.2492048315200000e+08 1.3707972524959207e+08 1.0570141230276510e+08 2.5005578220511056e+07 -1.9868981619619628e+01 1.5934341283880290e+01 -3.7017837783109200e+00 1.2944287059452672e+03 -3.2439884850682696e-03 9.4717589378897644e-03 3.4466964492018775e-03 0
673 7 3 1.2492048415200000e+08 1.3707970538060880e+08 1.0570142823710504e+08 2.5005574518726978e+07 -1.9868985020087418e+01 1.5934338661798133e+01 -3.7017843986117205e+00 1.2944287059452672e+03 0.0000000000000000e+00 0.0000000000000000e+00 0.0000000000000000e+00 278
674 7 2 1.2492048515200000e+08 1.3707968551010615e+08 1.0570144417181240e+08 2.5005570816711813e+07 -1.9868988422021182e+01 1.5934336038948338e+01 -3.7017850191787378e+00 1.2944287059461012e+03 0.0000000000000000e+00 0.0000000000000000e+00 0.0000000000000000e+00 0
675 7 1 1.2492912515199998e+08 1.3690789054079071e+08 1.0583901889265412e+08 2.4973564244016923e+07 -1.9898364145698615e+01 1.5911655611065699e+01 -3.7071435587125348e+00 1.2944287059461012e+03 2.2844340148450462e-01 -3.4761985494110692e-02 -3.7488629403560420e-01 0
676 7 1 1.3356048415200000e+08 -9.3331522232212350e+07 5.4335459387270778e+07 -2.2122406868709072e+07 -1.5976344641222653e+01 -3.5554420650433940e+01 -2.7012659333989442e+00 1.2499506311285654e+03 -1.8872820251899704e-02 -2.1998380296956240e-03 4.1996349851654381e-02 0
677 7 2 1.3356048615200000e+08 -9.3331554184883073e+07 5.4335388278418861e+07 -2.2122412271236543e+07 -1.5976326149780343e+01 -3.5554431415716230e+01 -2.7012615503654249e+00 1.2499506311285654e+03 0.0000000000000000e+00 0.0000000000000000e+00 0.0000000000000000e+00 0
678 7 1 1.3356912615199998e+08 -9.3469244284705088e+07 5.4027997409645140e+07 -2.2145669322237860e+07 -1.5896351697611442e+01 -3.5600824676858466e+01 -2.6823091930852065e+00 1.2499506311285654e+03 -5.1859648492203576e-03 5.1241790740768657e-03 -4.0658333768805489e-02 0
679 7 1 1.4220048415200001e+08 5.2521846728086077e+07 -1.4858585363361490e+08 1.7837483201562047e+07 2.7457680536221790e+01 2.0233397530158324e+00 7.0129984570510064e+00 1.2127199061561798e+03 4.6643376229592104e-03 -1.6454876747839607e-05 3.7035506875823321e-01 0
680 7 3 1.4220048515200001e+08 5.2521874185765691e+07 -1.4858585161027268e+08 1.7837490214560192e+07 2.7457678789077445e+01 2.0233446957373991e+00 7.0129978636854302e+00 1.2127199061561798e+03 0.0000000000000000e+00 0.0000000000000000e+00 0.0000000000000000e+00 173
681 7 2 1.4220048615199998e+08 5.2521901681900837e+07 -1.4858584954175720e+08 1.7837497235406343e+07 2.7457677047727501e+01 2.0233496466254590e+00 7.0129972715408710e+00 1.2127199046918861e+03 0.0000000000000000e+00 0.0000000000000000e+00 0.0000000000000000e+00 0
682 7 1 1.4220912615199998e+08 5.2759070729989335e+07 -1.4856818340224183e+08 1.7898067369145617e+07 2.7442557499066574e+01 2.0660243770768574e+00 7.0078652361777376e+00 1.2127199046918861e+03 7.7044607207981568e-04 -9.3201650381407625e-02 7.2357763693809821e-02 0
683 7 1 1.4824848515199998e+08 1.7220465570663187e+08 -7.4317026278669968e+07 4.8406318276640646e+07 1.0784945831650106e+01 1.8760629425536369e+01 2.9900053806731988e+00 1.1727851251665568e+03 -7.2871234529414297e-02 -3.0881078937030770e-01 2.4673219368810989e-01 0
684 7 2 1.4824848715199998e+08 1.7220467727651721e+08 -7.4316988757408470e+07 4.8406324256649628e+07 1.0784939542655161e+01 1.8760632139628235e+01 2.9900036128517113e+00 1.1727851251665568e+03 0.0000000000000000e+00 0.0000000000000000e+00 0.0000000000000000e+00 0
685 7 1 1.4825712715199995e+08 1.7229774178168222e+08 -7.4154846288174227e+07 4.8432124894821033e+07 1.0757769437744871e+01 1.8772341769213188e+01 2.9823661894900102e+00 1.1727851251665568e+03 -6.1949518571154764e-02 -3.1766438665045477e-01 2.6099470100597372e-01 0
686 7 1 1.5429648515199998e+08 1.7810243657442099e+08 4.6488686641823657e+07 5.2861860831469037e+07 -8.9794494428017781e+00 1.9191302011408368e+01 -1.7999105453217046e+00 1.1334064194867422e+03 1.2509359592306830e-02 -7.7391275377428570e-02 5.8852104415446770e-02 0
687 7 3 1.5429648615199998e+08 1.7810242759496990e+08 4.6488705833125189e+07 5.2861859031557992e+07 -8.9794528079765463e+00 1.9191301133022904e+01 -1.7999115441255675e+00 1.1334064194867422e+03 0.0000000000000000e+00 0.0000000000000000e+00 0.0000000000000000e+00 3
688 7 2 1.5429648715199998e+08 1.7810241861293703e+08 4.6488725025852092e+07 5.2861857230954126e+07 -8.9794561742817631e+00 1.9191300254602563e+01 -1.7999125432831897e+00 1.1334064194874597e+03 0.0000000000000000e+00 0.0000000000000000e+00 0.0000000000000000e+00 0
689 7 1 1.5430512715199995e+08 1.7802471050161251e+08 4.6654505029278487e+07 5.2846268703033440e+07 -9.0085331950239329e+00 1.9183695307034721e+01 -1.8085433864279274e+00 1.1334064194874597e+03 1.3588769604559603e-01 -1.3605491199670844e-01 8.6094518029084625e-03 0
690 7 1 1.6164048615199998e+08 2.3548407150275882e+07 1.2025682491967957e+08 1.1041446790439989e+07 -3.1912118539441554e+01 -7.7539017998829483e+00 -9.5609495495982539e+00 1.0997002403530905e+03 1.2746113714878349e-01 -1.0967987890312937e-01 3.6942958469553776e-03 0
691 7 2 1.6164048815199998e+08 2.3548343326035574e+07 1.2025680941185887e+08 1.1041427668539355e+07 -3.1912121895223564e+01 -7.7539189371868522e+00 -9.5609511230680138e+00 1.0997002403530905e+03 0.0000000000000000e+00 0.0000000000000000e+00 0.0000000000000000e+00 0
692 7 1 1.6164912815199995e+08 2.3272560146768361e+07 1.2018949546151835e+08 1.0958791729458580e+07 -3.1926556046396641e+01 -7.8280449793493663e+00 -9.5677334535107370e+00 1.0997002403530905e+03 -2.0709667057025701e-02 1.6605910072084458e-02 -8.9274386564652981e-03 0
693 7 1 1.6898448615199998e+08 1.3238949721599167e+07 -1.1185374367680593e+08 3.9160810676957131e+04 3.4739012062726260e+01 -1.2292972695339476e+01 9.7215919026437749e+00 1.0669497692584732e+03 2.5409560449116247e-01 -2.6091443960557487e-01 8.4362695223982931e-02 0
694 7 3 1.6898448715199998e+08 1.3238984460610548e+07 -1.1185375596977340e+08 3.9170532268838717e+04 3.4739010833161807e+01 -1.2292962306961464e+01 9.7215918990062775e+00 1.0669497692584732e+03 0.0000000000000000e+00 0.0000000000000000e+00 0.0000000000000000e+00 65
695 7 2 1.6898448815199998e+08 1.3239019269405393e+07 -1.1185376822702670e+08 3.9180275268582292e+04 3.4739009612507225e+01 -1.2292951880384102e+01 9.7215918992349284e+00 1.0669497745432991e+03 0.0000000000000000e+00 0.0000000000000000e+00 0.0000000000000000e+00 0
696 7 1 1.6899312815199998e+08 1.3539118130206039e+07 -1.1195959194909915e+08 1.2317459675340960e+05 3.4728285914461097e+01 -1.2203321935314332e+01 9.7215269023979261e+00 1.0669497745432991e+03 1.2866546818736127e-01 -4.0114637700782926e-02 -2.9498147458906703e-02 0
697 7 1 1.7892048715199998e+08 2.1241810918377191e+08 -1.5614283585180797e+07 5.4392453241100751e+07 5.7137920750873334e+00 1.7383764247402709e+01 4.6228817820315071e-01 1.0058061975608633e+03 1.6281509602253677e-01 -4.2785373732604257e-02 -3.3172975211852768e-01 0
698 7 2 1.7892048915199998e+08 2.1241812061135069e+08 -1.5614248817651980e+07 5.4392454165675744e+07 5.7137867675682585e+00 1.7383764637543713e+01 4.6228681914304531e-01 1.0058061975608633e+03 0.0000000000000000e+00 0.0000000000000000e+00 0.0000000000000000e+00 0
699 7 1 1.7892912915199998e+08 2.1246738868743667e+08 -1.5464045834823275e+07 5.4396422964235887e+07 5.6908615684191419e+00 1.7385441504330320e+01 4.5641698683305076e-01 1.0058061975608633e+03 1.4762820277376715e-01 -6.1714935839439308e-02 -3.0751198251599909e-01 0
700 7 1 1.8885648715199998e+08 1.5512644229229474e+08 1.3111892961742008e+08 2.0563195301460568e+07 -1.6760925354633052e+01 8.7020373517239324e+00 -6.2039353681735712e+00 9.4114003480708197e+02 2.1437116270336673e-01 -3.7965564117454241e-02 1.8326438775225404e-03 0
701 7 3 1.8885648815199998e+08 1.5512642553136823e+08 1.3111893831945640e+08 2.0563189097525056e+07 -1.6760927774090053e+01 8.7020353067041718e+00 -6.2039356888910522e+00 9.4114003480708197e+02 0.0000000000000000e+00 0.0000000000000000e+00 0.0000000000000000e+00 256
702 7 2 1.8885648915199998e+08 1.5512640877577195e+08 1.3111894702061640e+08 2.0563182894656908e+07 -1.6760930195965376e+01 8.7020332585939624e+00 -6.2039360096218097e+00 9.4114003480688427e+02 0.0000000000000000e+00 0.0000000000000000e+00 0.0000000000000000e+00 0
703 7 1 1.8886512915199998e+08 1.5498150403152823e+08 1.3119405621828242e+08 2.0509568923288699e+07 -1.6781834860590742e+01 8.6843504913590710e+00 -6.2067047618789362e+00 9.4114003480688427e+02 5.7336077300847076e-02 7.9287058739411671e-03 4.5333887574212778e-03 0
704 7 1 2.0008848815199998e+08 -2.7317306025577631e+07 -7.2621767329079136e+07 5.0229235725545594e+06 3.7249577659205990e+01 -2.9246665080415891e+01 1.5637085209269159e+01 9.3128421910106374e+02 7.5006656142336450e-03 1.1546716438771098e-02 -2.1936735264747485e-03 0
705 7 2 2.0008849015199998e+08 -2.7317231526407033e+07 -7.2621825822368175e+07 5.0229548467220794e+06 3.7249593084824582e+01 -2.9246624072065295e+01 1.5637082372896861e+01 9.3128421910106374e+02 0.0000000000000000e+00 0.0000000000000000e+00 0.0000000000000000e+00 0
706 7 1 2.0009713015199998e+08 -2.6995108779005494e+07 -7.2873751751341701e+07 5.1580059210610157e+06 3.7315671053932981e+01 -2.9069611080577694e+01 1.5624696122182254e+01 9.3128421910106374e+02 6.6350118175389591e-02 6.7434912959340662e-02 4.7319605403891407e-02 0
707 7 1 2.1132048815199998e+08 2.1012823602029809e+08 3.2181475549198750e+07 5.4952282414178714e+07 2.3970920402656257e+00 1.7367158035295763e+01 -2.2412552130584444e+00 9.1610451284899295e+02 -1.0115575237504707e-03 8.8166438180541291e-04 7.2518680483475760e-04 0
708 7 3 2.1132048915199998e+08 2.1012823841738883e+08 3.2181492916356549e+07 5.4952280172923163e+07 2.3970894057539973e+00 1.7367157631815985e+01 -2.2412559020302174e+00 9.1610451284899295e+02 0.0000000000000000e+00 0.0000000000000000e+00 0.0000000000000000e+00 249
709 7 2 2.1132049015199998e+08 2.1012824066642678e+08 3.2181510527698010e+07 5.4952277846557736e+07 2.3970867348255718e+00 1.7367157236593542e+01 -2.2412566028572392e+00 9.1610451284928195e+02 0.0000000000000000e+00 0.0000000000000000e+00 0.0000000000000000e+00 0
710 7 1 2.1132913015199998e+08 2.1014885317652160e+08 3.2331547685542982e+07 5.4932887681126878e+07 2.3743291798148456e+00 1.7363663924177150e+01 -2.2472067671259910e+00 9.1610451284928195e+02 -8.0736648830526461e-02 -2.2828040135403907e-01 -5.3657838902229039e-03 0
711 7 1 2.1736848915199998e+08 1.7841417177976847e+08 1.1893721304358090e+08 3.0794127420603711e+07 -1.2506150761794963e+01 1.0245009900707666e+01 -5.4540026685297862e+00 8.8376366796807224e+02 -9.8454908141478205e-03 -1.8047362019880916e-01 6.0605554793570623e-03 0
712 7 2 2.1736849115199998e+08 1.7841414676746234e+08 1.1893723353359757e+08 3.0794116512597591e+07 -1.2506155420350648e+01 1.0245006795148781e+01 -5.4540034725922695e+00 8.8376366796807224e+02 0.0000000000000000e+00 0.0000000000000000e+00 0.0000000000000000e+00 0
713 7 1 2.1737713115199998e+08 1.7830600664344794e+08 1.1902569240812777e+08 3.0746978921253171e+07 -1.2526280851045732e+01 1.0231581406423043e+01 -5.4574754967457109e+00 8.8376366796807224e+02 1.4750907966048131e-02 -1.2094321179301193e-01 7.6649808025920979e-03 0
714 7 1 2.2341648915199998e+08 5.8170056661703236e+07 1.3487094473367983e+08 -7.3841388128349418e+06 -2.7653515644526777e+01 -8.9011566520180097e+00 -6.5836645794110167e+00 8.5097876763407442e+02 -1.3959201827392187e-01 -2.8133035801348738e-01 -1.3431394211973043e-02 0
715 7 3 2.2341649015199998e+08 5.8170029008186430e+07 1.3487093583252040e+08 -7.3841453964993535e+06 -2.7653518071544358e+01 -8.9011622792124783e+00 -6.5836642713238671e+00 8.5097876763407442e+02 0.0000000000000000e+00 0.0000000000000000e+00 0.0000000000000000e+00 270
716 7 2 2.2341649115199998e+08 5.8170001341255091e+07 1.3487092692114487e+08 -7.3841519822076429e+06 -2.7653520500908087e+01 -8.9011679109800994e+00 -6.5836639630804052e+00 8.5097876763286467e+02 0.0000000000000000e+00 0.0000000000000000e+00 0.0000000000000000e+00 0
717 7 1 2.2342513115199998e+08 5.7930984360414781e+07 1.3479381060449135e+08 -7.4410232972630924e+06 -2.7674481509524867e+01 -8.9498535477461623e+00 -6.5809873997759780e+00 8.5097876763286467e+02 -3.0118400946996617e-02 -1.7022480135796322e-02 -2.4823144295710146e-02 0
718 7 1 2.3205649015199998e+08 9.8756469279808924e+07 -8.1994034776628271e+07 4.4523692224945188e+07 3.0548719494286342e+01 7.2643925970321170e+00 7.8169021254378457e+00 8.4679850513234624e+02 7.6728267674386940e-03 8.8310630091807457e-04 1.3141599373151056e-02 0
719 7 2 2.3205649215199998e+08 9.8756530377237335e+07 -8.1994020247834414e+07 4.4523707858744696e+07 3.0548709041733890e+01 7.2644012754165752e+00 7.8168974129752655e+00 8.4679850513234624e+02 0.0000000000000000e+00 0.0000000000000000e+00 0.0000000000000000e+00 0
720 7 1 2.3206513215199998e+08 9.9020276232752636e+07 -8.1931094112330839e+07 4.4591157976024121e+07 3.0503581481394875e+01 7.3018047952766656e+00 7.7965636940965490e+00 8.4679850513234624e+02 -7.8579375393241571e-02 -2.8194172853267190e-02 2.2949318675314173e-01 0
721 7 1 2.4069649015199998e+08 2.1948395033816132e+08 3.6836682150229327e+07 7.0281406864194199e+07 1.3004662513097862e+00 1.4961094224572497e+01 2.8861478109649696e-01 7.8616101416199729e+02 -1.0584856047499291e-01 5.6029336871074233e-02 2.8700476723405910e-01 0
722 7 3 2.4069649115199998e+08 2.1948395163862643e+08 3.6836697111323327e+07 7.0281407152808622e+07 1.3004639600050483e+00 1.4961093840015534e+01 2.8861404739309787e-01 7.8616101416199729e+02 0.0000000000000000e+00 0.0000000000000000e+00 0.0000000000000000e+00 165
723 7 2 2.4069649215199998e+08 2.1948395275681174e+08 3.6836712282120422e+07 7.0281407346922293e+07 1.3004616333341599e+00 1.4961093463175722e+01 2.8861330102204724e-01 7.8616101416199672e+02 0.0000000000000000e+00 0.0000000000000000e+00 0.0000000000000000e+00 0
724 7 1 2.4070513215199998e+08 2.1949510323299557e+08 3.6965961761286370e+07 7.0283873583908275e+07 1.2806682878957312e+00 1.4957765738012803e+01 2.8227528301040700e-01 7.8616101416199672e+02 -1.0865797111707902e-02 2.2355032870795240e-03 6.4403612296258392e-02 0
725 7 1 2.5192849115199998e+08 9.5078053245360479e+07 1.4502680758040819e+08 3.5795619775585786e+07 -2.3805107236818493e+01 -5.8327375604126042e-01 -6.5535737202577957e+00 7.5580443749932249e+02 -1.0938302519263475e-01 4.4896394826570346e-02 9.9541001259818435e-02 0
726 7 2 2.5192849315199998e+08 9.5078005635141551e+07 1.4502680641385373e+08 3.5795606668436661e+07 -2.3805111782340614e+01 -5.8328068953118328e-01 -6.5535754315864025e+00 7.5580443749932249e+02 0.0000000000000000e+00 0.0000000000000000e+00 0.0000000000000000e+00 0
727 7 1 2.5193713315199998e+08 9.4872244639807522e+07 1.4502163738244477e+08 3.5738951833318263e+07 -2.3824748152160389e+01 -6.1326485991791335e-01 -6.5609704162695426e+00 7.5580443749932249e+02 4.2750356453326319e-03 3.9977515010652239e-03 5.0890732563052508e-03 0
728 7 1 2.6316049115199998e+08 1.1282684985993700e+08 -9.1453748069464028e+07 2.4613740008117095e+07 2.7902356677088129e+01 7.3669000129238187e+00 8.1081575403720496e+00 7.4869953592431170e+02 -4.9963776261031094e-02 -5.8704534388732584e-03 -1.7526367446695421e-02 0
729 7 3 2.6316049215199998e+08 1.1282687776229127e+08 -9.1453740702562124e+07 2.4613748116274111e+07 2.7902351992743803e+01 7.3669038098992328e+00 8.1081565184589319e+00 7.4869953592431170e+02 0.0000000000000000e+00 0.0000000000000000e+00 0.0000000000000000e+00 8
730 7 2 2.6316049315199998e+08 1.1282690571898502e+08 -9.1453733250860021e+07 2.4613756245760106e+07 2.7902347294170774e+01 7.3669076325035157e+00 8.1081554944728751e+00 7.4869953591740352e+02 0.0000000000000000e+00 0.0000000000000000e+00 0.0000000000000000e+00 0
731 7 1 2.6316913315199998e+08 1.1306780721904293e+08 -9.1389941631212965e+07 2.4683772570968535e+07 2.7861895961820135e+01 7.3996497703398756e+00 8.0993277077528578e+00 7.4869953591740352e+02 3.8977396925597626e-04 9.0621608620214764e-03 8.1115742760826011e-03 0
732 7 1 2.7309649215199995e+08 2.2254113248800904e+08 4.2951703025112599e+07 6.0656550852385506e+07 -2.0299119966570007e+00 1.3455164277159557e+01 -5.6633206368782496e-01 7.1534461302528030e+02 3.2699955362574452e-02 -2.2029255059412589e-01 -1.6038031855706839e-01 0
733 7 2 2.7309649415199995e+08 2.2254112842818049e+08 4.2951729935440212e+07 6.0656549719720140e+07 -2.0299165699838744e+00 1.3455163394481200e+01 -5.6633331020900024e-01 7.1534461302528030e+02 0.0000000000000000e+00 0.0000000000000000e+00 0.0000000000000000e+00 0
734 7 1 2.7310513415199995e+08 2.2252350460322809e+08 4.3067966059641637e+07 6.0651633337802738e+07 -2.0496721387886372e+00 1.3451345144546371e+01 -5.7171794870670856e-01 7.1534461302528030e+02 1.7527851814766706e-02 -1.8664802961367788e-01 -1.3984532846508246e-01 0
735 7 1 2.8303249215199995e+08 8.2282619660421282e+07 1.1334958680825287e+08 1.6696408683862729e+07 -2.8750936048047475e+01 -5.2825316179687229e+00 -8.3031005495180761e+00 6.8289316527804431e+02 -3.7519924616616240e-02 -1.4461080598080307e-02 -8.4041774705626016e-03 0
736 7 3 2.8303249315199995e+08 8.2282590909483343e+07 1.1334958152571858e+08 1.6696400380761802e+07 -2.8750939938746331e+01 -5.2825369776567888e+00 -8.3031013390006372e+00 6.8289316527804431e+02 0.0000000000000000e+00 0.0000000000000000e+00 0.0000000000000000e+00 229
737 7 2 2.8303249415199995e+08 8.2282562162711397e+07 1.1334957624847223e+08 1.6696392079120763e+07 -2.8750943828318611e+01 -5.2825423373894642e+00 -8.3031021281854525e+00 6.8289316701981352e+02 0.0000000000000000e+00 0.0000000000000000e+00 0.0000000000000000e+00 0
738 7 1 2.8304113415199995e+08 8.2034008738918394e+07 1.1330373479021248e+08 1.6624623811980186e+07 -2.8784576670972605e+01 -5.3289345049266759e+00 -8.3099223776198041e+00 6.8289316701981352e+02 -4.3290901541817098e-02 -4.9682064521999775e-02 4.2622578577633151e-02 0
739 7 1 2.8908049315199995e+08 5.5366834514011227e+07 -7.7746201535030410e+07 2.1838957526902404e+07 4.0448116147941612e+01 -5.6177036315716231e+00 1.2355188396464660e+01 6.6789037438971422e+02 8.7645859653641189e-02 -1.1997939661903986e-01 -7.5299992211605360e-03 0
740 7 2 2.8908049515199995e+08 5.5366915410227701e+07 -7.7746212770415649e+07 2.1838982237272970e+07 4.0448100492185006e+01 -5.6176816477465152e+00 1.2355182221191141e+01 6.6789037438971422e+02 0.0000000000000000e+00 0.0000000000000000e+00 0.0000000000000000e+00 0
741 7 1 2.8908913515199995e+08 5.5716094985953651e+07 -7.7794340270649150e+07 2.1945615884430427e+07 4.0380523726799268e+01 -5.5230590147249812e+00 1.2328546066123538e+01 6.6789037438971422e+02 6.3609595739794180e-03 8.5554759308208248e-03 3.1161668497164704e-03 0
742 7 1 2.9512849315199995e+08 2.0517146538065931e+08 -3.8050780224379547e+07 6.2171421450516947e+07 1.4092636871056449e+01 1.0614797618483681e+01 2.8350160683384074e+00 6.5173741722208570e+02 4.4315116544737465e-02 -1.7955525775983824e-01 -1.1066004983992594e-01 0
743 7 3 2.9512849415199995e+08 2.0517147947329482e+08 -3.8050769609581709e+07 6.2171424285532609e+07 1.4092634233240096e+01 1.0614798107688907e+01 2.8350152690226258e+00 6.5173741722208570e+02 0.0000000000000000e+00 0.0000000000000000e+00 0.0000000000000000e+00 90
744 7 2 2.9512849515199995e+08 2.0517149348183933e+08 -3.8050758838416055e+07 6.2171427089830942e+07 1.4092631569845315e+01 1.0614798618665587e+01 2.8350144632198346e+00 6.5173741722232228e+02 0.0000000000000000e+00 0.0000000000000000e+00 0.0000000000000000e+00 0
745 7 1 2.9513713515199995e+08 2.0529315539095116e+08 -3.7959028742393494e+07 6.2195891791055173e+07 1.4069850664805552e+01 1.0619017185085209e+01 2.8281120413967971e+00 6.5173741722232228e+02 4.1922877394462763e-04 -5.5318553736838209e-04 -1.0512797612336074e-03 0
746 7 1 3.0506449415199995e+08 2.3832337963869280e+08 7.0249315463635504e+07 6.0590268640828796e+07 -6.3402947170153787e+00 9.6532401002243624e+00 -2.5983178251348877e+00 6.4728874061541171e+02 -1.6206094787933851e-02 1.5306033351006007e-02 2.8672670227259871e-02 0
747 7 2 3.0506449615199995e+08 2.3832336695809963e+08 7.0249334770114556e+07 6.0590263444192193e+07 -6.3402984988281643e+00 9.6532389854793337e+00 -2.5983187866060171e+00 6.4728874061541171e+02 0.0000000000000000e+00 0.0000000000000000e+00 0.0000000000000000e+00 0
748 7 1 3.0507313615199995e+08 2.3826851619753504e+08 7.0332717940169409e+07 6.0567796026384689e+07 -6.3566372609275561e+00 9.6484194807784398e+00 -2.6024723879805944e+00 6.4728874061541171e+02 -1.3651751649584929e-02 1.2522920055229442e-02 2.3718260986556820e-02 0
749 7 1 3.1500049415199995e+08 6.3340305208082579e+07 1.0569659789268093e+08 9.8234666087998226e+06 -3.2702463312253471e+01 -1.0773688762879859e+01 -8.1486977057543797e+00 6.4364230239167171e+02 5.8200917289335976e-04 -6.1035944595753998e-04 -1.1261749048372056e-03 0
750 7 3 3.1500049515199995e+08 6.3340272505617104e+07 1.0569658711898848e+08 9.8234584601017870e+06 -3.2702467762616713e+01 -1.0773696189246843e+01 -8.1486983959624180e+00 6.4364230239167171e+02 0.0000000000000000e+00 0.0000000000000000e+00 0.0000000000000000e+00 266
751 7 2 3.1500049615199995e+08 6.3340239794020742e+07 1.0569657634821616e+08 9.8234503168493509e+06 -3.2702472213212559e+01 -1.0773703617035277e+01 -8.1486990862728224e+00 6.4364235354009816e+02 0.0000000000000000e+00 0.0000000000000000e+00 0.0000000000000000e+00 0
752 7 1 3.1500913615199995e+08 6.3057524263196118e+07 1.0560321392597958e+08 9.7530198085697070e+06 -3.2740944861041243e+01 -1.0838018647230740e+01 -8.1546577176729578e+00 6.4364235354009816e+02 2.4566152071979729e-02 -3.0487471404507697e-02 -3.2569027535629055e-02 0
753 7 1 3.5128849515199995e+08 1.6344082858226094e+07 -5.9332479579646826e+07 1.7912421385166414e+07 4.9187506126470161e+01 -2.1196013211779224e+01 1.9600117607078005e+01 6.0010000000000002e+02 1.9639604558213182e-02 -8.0204220687801336e-03 -3.9866966148030647e-02 0
754 7 3 3.5128849615199995e+08 1.6344132045728005e+07 -5.9332500775645047e+07 1.7912440985279467e+07 4.9187497889358532e+01 -2.1195983309360521e+01 1.9600108579561788e+01 6.0010000000000002e+02 0.0000000000000000e+00 0.0000000000000000e+00 0.0000000000000000e+00 26
755 7 4 3.5128849715199995e+08 1.6344181233221678e+07 -5.9332521971613362e+07 1.7912460585383497e+07 4.9187489652236636e+01 -2.1195953406983815e+01 1.9600099552051596e+01 6.0010000000000002e+02 0.0000000000000000e+00 0.0000000000000000e+00 0.0000000000000000e+00 0
756 8 0 0.0000000000000000e+00 -1.9500328646873634e+07 1.4581848347052613e+08 -7.6372048832368055e+03 -2.9372424333204414e+01 -4.2864887122453892e+00 -3.9407465920618900e+00 1.7749701561584830e+03 0.0000000000000000e+00 0.0000000000000000e+00 0.0000000000000000e+00 0
757 8 2 1.0008480152000001e+07 -1.1391165230747683e+08 -8.7008184726973131e+07 -1.6517977833591916e+07 1.8299610732500565e+01 -2.4355843704349464e+01 1.9809302159625983e+00 1.7749701561584830e+03 0.0000000000000000e+00 0.0000000000000000e+00 0.0000000000000000e+00 0
758 8 1 1.0017120152000001e+07 -1.1375335591990706e+08 -8.7218475626376256e+07 -1.6500835368160451e+07 1.8343061487238280e+01 -2.4322591866744297e+01 1.9872319852385543e+00 1.7749701561584830e+03 6.0014008438589742e-02 9.1075285098670883e-02 -1.6301020863019042e-01 0
759 8 1 2.6424479152000003e+07 8.8703466270792127e+07 1.2019484896590987e+08 9.9156148980588168e+06 -2.3268940257154682e+01 1.8681509455742987e+01 -2.5783955632964770e+00 1.7013869638944338e+03 -7.0067773282874246e-03 1.0349626834268440e-01 -1.2240922445500937e-01 0
760 8 2 2.6424481151999999e+07 8.8703419732904688e+07 1.2019488632891920e+08 9.9156097412669156e+06 -2.3268947273641711e+01 1.8681499948268407e+01 -2.5783963476264069e+00 1.7013869638944338e+03 0.0000000000000000e+00 0.0000000000000000e+00 0.0000000000000000e+00 0
761 8 1 2.6433121151999999e+07 8.8502245190826029e+07 1.2035611698743971e+08 9.8933177711924780e+06 -2.3299221397307541e+01 1.8640403799166798e+01 -2.5817805392168909e+00 1.7013869638944338e+03 -5.6582229415575336e-02 1.0688097911316097e-01 1.7313300654208102e-01 0
762 8 1 4.2840479152000003e+07 -1.1053150941465659e+08 -1.0941201475423570e+08 -4.8902070110845603e+06 2.1211969711561881e+01 -1.8997494112191031e+01 2.5850872761570423e+00 1.6078572511731829e+03 1.7069735641453889e-02 6.2528351389351908e-02 2.3476734032755742e-01 0
763 8 3 4.2840480152000003e+07 -1.1053148820268497e+08 -1.0941203375172785e+08 -4.8902044259972032e+06 2.1211973605136805e+01 -1.8997490258050643e+01 2.5850874484190900e+00 1.6078572511731829e+03 0.0000000000000000e+00 0.0000000000000000e+00 0.0000000000000000e+00 28
764 8 2 4.2840481151999995e+07 -1.1053146708462712e+08 -1.0941205270016794e+08 -4.8902018489641938e+06 2.1211977479754221e+01 -1.8997486418032167e+01 2.5850876188950491e+00 1.6078572511731834e+03 0.0000000000000000e+00 0.0000000000000000e+00 0.0000000000000000e+00 0
765 8 1 4.2849121151999995e+07 -1.1034805033823858e+08 -1.0957604704152855e+08 -4.8678602714471715e+06 2.1245595070139689e+01 -1.8964156696468255e+01 2.5865727838181320e+00 1.6078572511731834e+03 1.2222526736382554e-01 -1.4081677683615718e-01 2.8753737136568848e-02 0
766 8 1 5.2776480152000003e+07 1.3614280311604419e+08 -4.2600579892887369e+07 1.3581389253121236e+07 9.8611611168528199e+00 2.9804364746460699e+01 -3.5980276328168687e-01 1.5850395606172240e+03 -1.2293486607947306e-02 8.1872842479287604e-03 9.6668642196262016e-03 0
767 8 2 5.2776482152000003e+07 1.3614282283835408e+08 -4.2600520284154147e+07 1.3581388533514483e+07 9.8611488361846042e+00 2.9804368589213830e+01 -3.5980398838147198e-01 1.5850395606172240e+03 0.0000000000000000e+00 0.0000000000000000e+00 0.0000000000000000e+00 0
768 8 1 5.2785122152000003e+07 1.3622779393636367e+08 -4.2342938971165963e+07 1.3578256966159148e+07 9.8080820573159571e+00 2.9820918377286990e+01 -3.6509558307617940e-01 1.5850395606172240e+03 3.8976232265495965e-02 -2.4700137899520513e-01 1.7424626189429065e-01 0
769 8 1 6.2712480152000003e+07 -1.6058987870908026e+07 1.5073456861140454e+08 -6.0221351098224605e+06 -2.7931548831737270e+01 -3.7009463277812022e+00 -2.3424575860623236e+00 1.5233928391841039e+03 2.2985914256618942e-01 -9.2787203143596647e-02 -5.6044995565095818e-02 0
770 8 3 6.2712481152000003e+07 -1.6059015802456494e+07 1.5073456491045535e+08 -6.0221374522799272e+06 -2.7931548221341089e+01 -3.7009520571412726e+00 -2.3424573571633531e+00 1.5233928391841039e+03 0.0000000000000000e+00 0.0000000000000000e+00 0.0000000000000000e+00 205
771 8 2 6.2712482152000003e+07 -1.6059043791485829e+07 1.5073456113375938e+08 -6.0221397949954979e+06 -2.7931547618818840e+01 -3.7009578024999894e+00 -2.3424571286595444e+00 1.5233928391835207e+03 0.0000000000000000e+00 0.0000000000000000e+00 0.0000000000000000e+00 0
772 8 1 6.2721122152000003e+07 -1.6300349464996343e+07 1.5070237101864707e+08 -6.0423700710983369e+06 -2.7926233871694148e+01 -3.7504568583554456e+00 -2.3404760115397338e+00 1.5233928391835207e+03 -8.0231259515989861e-02 -8.8749171628081325e-02 -2.5114001467485356e-02 0
773 8 1 7.1352481152000010e+07 -1.2760337228156692e+08 -4.5792131905506745e+07 -9.6402715480382647e+06 1.1983991621582009e+01 -3.0019882478292285e+01 2.0822142530582135e+00 1.4904990550233852e+03 -7.0604098591806372e-02 -1.6177278134837042e-01 5.8919474514986518e-02 0
774 8 2 7.1352483151999995e+07 -1.2760334831357023e+08 -4.5792191945266739e+07 -9.6402673836087473e+06 1.1984005111711806e+01 -3.0019877637179899e+01 2.0822152722201386e+00 1.4904990550233852e+03 0.0000000000000000e+00 0.0000000000000000e+00 0.0000000000000000e+00 0
775 8 1 7.1361123151999995e+07 -1.2749955479886608e+08 -4.6051473163273089e+07 -9.6222580339399856e+06 1.2042265913444032e+01 -2.9998902233911487e+01 2.0866144779381650e+00 1.4904990550233852e+03 2.8933096156106612e-02 1.1443178140061379e-02 9.8505626256358194e-03 0
776 8 1 7.9992481151999995e+07 1.0020833131388785e+08 -1.0377468606282385e+08 1.2533258966670057e+07 2.2538546451796023e+01 1.9142742479245644e+01 1.3563253868324188e+00 1.4509013169810653e+03 -3.2281974197088131e-01 -2.0895776077148662e-01 -9.0209413949687602e-03 0
777 8 3 7.9992482151999995e+07 1.0020835385243207e+08 -1.0377466692007914e+08 1.2533260322995165e+07 2.2538542071729729e+01 1.9142747015194960e+01 1.3563248390086875e+00 1.4509013169810653e+03 0.0000000000000000e+00 0.0000000000000000e+00 0.0000000000000000e+00 55
778 8 2 7.9992483151999995e+07 1.0020837635089971e+08 -1.0377464775628769e+08 1.2533261675020335e+07 2.2538537699158628e+01 1.9142751557187374e+01 1.3563242916087954e+00 1.4509013169930070e+03 0.0000000000000000e+00 0.0000000000000000e+00 0.0000000000000000e+00 0
779 8 1 8.0001123151999995e+07 1.0040294574510176e+08 -1.0360908518961675e+08 1.2544959865554446e+07 2.2500663930909447e+01 1.9181903905043786e+01 1.3515897294252819e+00 1.4509013169930070e+03 2.4461299878021611e-01 1.4922826592400529e-01 2.7841785527690253e-02 0
780 8 1 8.7336482151999995e+07 1.2471313980784383e+08 8.9006137619365841e+07 8.8407485132392477e+06 -1.6181662938529961e+01 2.3551357829849962e+01 -1.9958102543928831e+00 1.4114389358339672e+03 2.4220575133398935e-02 1.2162284762155796e-01 1.1116100612573862e-01 0
781 8 2 8.7336484151999995e+07 1.2471310744450887e+08 8.9006184722074881e+07 8.8407445216180962e+06 -1.6181672095827484e+01 2.3551351294403847e+01 -1.9958109035414553e+00 1.4114389358339672e+03 0.0000000000000000e+00 0.0000000000000000e+00 0.0000000000000000e+00 0
782 8 1 8.7345124151999995e+07 1.2457312696815997e+08 8.9209546339904994e+07 8.8234886088914517e+06 -1.6221208110394230e+01 2.3523086839195621e+01 -1.9986123955019419e+00 1.4114389358339672e+03 1.3461900668431687e-01 3.4281496071903450e-02 1.1866740905770302e-01 0
783 8 1 9.4680482151999995e+07 -5.9663199384578876e+07 1.3733912801384819e+08 -7.5421421857411880e+06 -2.5250205746076940e+01 -1.2885533841923227e+01 -1.7915603116514964e+00 1.3627858183826736e+03 2.7544516199990571e-01 2.3863667778126410e-01 4.1463034322803995e-03 0
784 8 3 9.4680483151999995e+07 -5.9663224634783402e+07 1.3733911512831166e+08 -7.5421439773013480e+06 -2.5250203396639531e+01 -1.2885539250107913e+01 -1.7915600146545283e+00 1.3627858183826736e+03 0.0000000000000000e+00 0.0000000000000000e+00 0.0000000000000000e+00 56
785 8 2 9.4680484151999995e+07 -5.9663249875163123e+07 1.3733910226197374e+08 -7.5421457684134087e+06 -2.5250201047274103e+01 -1.2885544652757067e+01 -1.7915597177696199e+00 1.3627858183826745e+03 0.0000000000000000e+00 0.0000000000000000e+00 0.0000000000000000e+00 0
786 8 1 9.4689124151999995e+07 -5.9881323804570183e+07 1.3722756933199531e+08 -7.5576137503712978e+06 -2.5229861859456804e+01 -1.2932259131980240e+01 -1.7889906606924824e+00 1.3627858183826745e+03 1.8751019266392045e-02 -1.0889863161135536e-01 1.3687366003490892e-01 0
787 8 1 1.0764048315200000e+08 5.0533626912716523e+07 -1.1821617981974171e+08 7.8561701452048346e+06 3.1872055700084360e+01 1.0742619203782386e+01 2.0248194933023491e+00 1.3284364400408615e+03 4.9762057075086852e-02 -2.3067960070350235e-02 -5.1753665921174131e-03 0
788 8 2 1.0764048515200000e+08 5.0533690656821527e+07 -1.1821615833448866e+08 7.8561741948428378e+06 3.1872049423320341e+01 1.0742633887361887e+01 2.0248185174905839e+00 1.3284364400408615e+03 0.0000000000000000e+00 0.0000000000000000e+00 0.0000000000000000e+00 0
789 8 1 1.0764912515199998e+08 5.0808947833379671e+07 -1.1812306806961958e+08 7.8736504057170795e+06 3.1844867511685599e+01 1.0806024321246849e+01 2.0205994960354481e+00 1.3284364400408615e+03 -2.7970952738853006e-03 4.8047243338121470e-03 -4.6664899056329196e-03 0
790 8 1 1.2060048315200000e+08 3.4468317401571281e+07 1.5591554573655507e+08 -5.4426001823340608e+06 -2.5928826520034537e+01 3.9316087644629714e+00 -2.5846785355377704e+00 1.2872857797783304e+03 1.1897720405452576e-01 -1.6331673408611314e-01 -1.4760359042656165e-01 0
791 8 3 1.2060048415200000e+08 3.4468291472744256e+07 1.5591554966816130e+08 -5.4426027670125030e+06 -2.5928827641596079e+01 3.9316036911388021e+00 -2.5846783584413746e+00 1.2872857797783304e+03 0.0000000000000000e+00 0.0000000000000000e+00 0.0000000000000000e+00 115
792 8 2 1.2060048515200000e+08 3.4468265186584286e+07 1.5591555356854099e+08 -5.4426053767529139e+06 -2.5928828786411071e+01 3.9315985693089548e+00 -2.5846781810345463e+00 1.2872857797781596e+03 0.0000000000000000e+00 0.0000000000000000e+00 0.0000000000000000e+00 0
793 8 1 1.2060912515199998e+08 3.4244198330786705e+07 1.5594933318852651e+08 -5.4649303765065474e+06 -2.5938488881170723e+01 3.8877543427572196e+00 -2.5831447204529803e+00 1.2872857797781596e+03 -9.4119846020451647e-02 2.1588937511886026e-02 8.5691422333672967e-02 0
794 8 1 1.3356048415200000e+08 -3.3113731297354862e+07 -1.1310416720310827e+08 4.3577869084985862e+06 3.3983458546861193e+01 -1.1347914746308279e+01 3.4083855858082295e+00 1.2659447069339858e+03 2.0746655460066013e-03 2.5030880561040391e-03 1.4054988741369059e-03 0
795 8 2 1.3356048615200000e+08 -3.3113663330432545e+07 -1.1310418989891942e+08 4.3577937252690392e+06 3.3983463905436686e+01 -1.1347896443390500e+01 3.4083848806152033e+00 1.2659447069339858e+03 0.0000000000000000e+00 0.0000000000000000e+00 0.0000000000000000e+00 0
796 8 1 1.3356912615199998e+08 -3.2819946504866101e+07 -1.1320189408607237e+08 4.3872289818173358e+06 3.4006506552952999e+01 -1.1268806432060567e+01 3.4053286488812531e+00 1.2659447069339858e+03 -1.6316396121071872e-01 -3.1427740039344877e-02 -1.9519986609125597e-01 0
797 8 1 1.4652048415200001e+08 7.5781837418853328e+07 1.2894735016953619e+08 -8.6073560052537546e+06 -2.4591066365458833e+01 1.3195212837026707e+01 -3.2507534597404337e+00 1.1933416273181510e+03 1.1374543853216444e-03 3.0661567690355131e-02 -2.0217301377551369e-01 0
798 8 3 1.4652048515200001e+08 7.5781812827785522e+07 1.2894736336474644e+08 -8.6073592560070381e+06 -2.4591069356448500e+01 1.3195207747676967e+01 -3.2507531200215407e+00 1.1933416273181510e+03 0.0000000000000000e+00 0.0000000000000000e+00 0.0000000000000000e+00 287
799 8 2 1.4652048615199998e+08 7.5781787856854230e+07 1.2894737670485540e+08 -8.6073625236465819e+06 -2.4591072384466163e+01 1.3195202611472924e+01 -3.2507527775463214e+00 1.1933416273164623e+03 0.0000000000000000e+00 0.0000000000000000e+00 0.0000000000000000e+00 0
800 8 1 1.4652912615199998e+08 7.5569209452008560e+07 1.2906119323066035e+08 -8.6354363332518078e+06 -2.4616880285662948e+01 1.3151207790709277e+01 -3.2478125888980314e+00 1.1933416273164623e+03 -4.5074048923233058e-02 -1.9552001105480405e-02 1.6650118405787326e-01 0
801 8 1 1.5904848515199998e+08 -7.6849192469104782e+07 -9.3900386724677771e+07 6.9409603830132233e+06 2.6441385500391792e+01 -2.2350249301186466e+01 3.9069406490363705e+00 1.1665247213061368e+03 2.6871122677762167e-03 -1.7623064408005902e-03 -5.9482765480577370e-03 0
802 8 2 1.5904848715199998e+08 -7.6849139586322546e+07 -9.3900431425162420e+07 6.9409681968934797e+06 2.6441396862385812e+01 -2.2350235418200587e+01 3.9069396228288151e+00 1.1665247213061368e+03 0.0000000000000000e+00 0.0000000000000000e+00 0.0000000000000000e+00 0
803 8 1 1.5905712715199995e+08 -7.6620474097295135e+07 -9.4093278206067011e+07 6.9747049737470979e+06 2.6490403609762257e+01 -2.2290204253883108e+01 3.9024959952622345e+00 1.1665247213061368e+03 -1.3928445292262645e-05 1.1229018501111565e-03 2.1907191917448529e-03 0
804 8 1 1.7157648515199998e+08 1.2764546647477871e+08 8.1568003688199803e+07 -5.8575009449662706e+06 -1.4902974183535230e+01 2.3027574376038761e+01 -3.9849095684799627e+00 1.1365954290031477e+03 -9.1538347264271871e-03 -6.9756817201787460e-02 -1.7642332377673872e-01 0
805 8 3 1.7157648615199998e+08 1.2764545157180212e+08 8.1568026715772569e+07 -5.8575049298757194e+06 -1.4902979046075412e+01 2.3027571268777802e+01 -3.9849093453436000e+00 1.1365954290031477e+03 0.0000000000000000e+00 0.0000000000000000e+00 0.0000000000000000e+00 208
806 8 2 1.7157648715199998e+08 1.2764543645981066e+08 8.1568049940736353e+07 -5.8575089451031433e+06 -1.4902983949333860e+01 2.3027568148839347e+01 -3.9849091219667208e+00 1.1365954934424192e+03 0.0000000000000000e+00 0.0000000000000000e+00 0.0000000000000000e+00 0
807 8 1 1.7158512715199995e+08 1.2751649324619049e+08 8.1766892057291269e+07 -5.8919302150694942e+06 -1.4944975101950574e+01 2.3000688659068128e+01 -3.9829755557256430e+00 1.1365954934424192e+03 5.4520343594448815e-03 1.6415705040845100e-03 3.8481418307573789e-02 0
808 8 1 1.8280848615199998e+08 -1.1790795790216115e+08 1.5162842415086737e+07 -6.4721389433415057e+06 -5.1432015307266821e-01 -3.4007179037127614e+01 4.8724328524309799e+00 1.0985228020819584e+03 1.8906163912471832e-01 1.6122321559153549e-01 1.7521210718239269e-02 0
809 8 2 1.8280848815199998e+08 -1.1790795893078291e+08 1.5162774400726413e+07 -6.4721291984748021e+06 -5.1430160741853337e-01 -3.4007181422074353e+01 4.8724338704280825e+00 1.0985228020819584e+03 0.0000000000000000e+00 0.0000000000000000e+00 0.0000000000000000e+00 0
810 8 1 1.8281712815199998e+08 -1.1791205628338231e+08 1.4868908118948147e+07 -6.4300124071615385e+06 -4.3414729574042354e-01 -3.4017389060050519e+01 4.8768192563569173e+00 1.0985228020819584e+03 -5.2130371559565595e-03 -1.2760453507997919e-02 -1.0905232062376796e-02 0
811 8 1 1.9404048615199998e+08 1.3511152518755811e+08 1.3999914688925404e+07 2.6372690958088646e+06 2.0610104712678989e+00 3.0774430946305149e+01 -4.3621329921571794e+00 1.0645694408589845e+03 1.7759235765551593e-01 1.6612796177606537e-01 -2.9099066991428963e-02 0
812 8 3 1.9404048715199998e+08 1.3511152724856499e+08 1.3999945463355919e+07 2.6372647336758110e+06 2.0610033209668548e+00 3.0774430205408219e+01 -4.3621331317252299e+00 1.0645694408589845e+03 0.0000000000000000e+00 0.0000000000000000e+00 0.0000000000000000e+00 126
813 8 2 1.9404048815199998e+08 1.3511152921744326e+08 1.3999976391192012e+07 2.6372603460653378e+06 2.0609961396711136e+00 3.0774429482735314e+01 -4.3621332749810291e+00 1.0645694408579170e+03 0.0000000000000000e+00 0.0000000000000000e+00 0.0000000000000000e+00 0
814 8 1 1.9404912815199998e+08 1.3512906941607645e+08 1.4265839642059693e+07 2.5995663317395258e+06 1.9992437708448143e+00 3.0767970503426159e+01 -4.3633299376496284e+00 1.0645694408579170e+03 5.5398146459175193e-02 -2.6487241978015736e-02 3.2652578285992068e-03 0
815 8 1 2.0872848715199998e+08 -1.2322500562995526e+08 3.0718684042061377e+07 -8.7822968930437937e+06 -1.5670086010499340e+00 -3.2473662345313741e+01 4.6259409461108021e+00 1.0388007545742266e+03 5.4131482040869996e-02 -5.5127770566609863e-02 7.5568926077902721e-03 0
816 8 3 2.0872848815199998e+08 -1.2322500719695991e+08 3.0718651568398111e+07 -8.7822922671025749e+06 -1.5670006736604190e+00 -3.2473664321526620e+01 4.6259415110989650e+00 1.0388007545742266e+03 0.0000000000000000e+00 0.0000000000000000e+00 0.0000000000000000e+00 123
817 8 2 2.0872848915199998e+08 -1.2322500876395661e+08 3.0718619094732866e+07 -8.7822876411607899e+06 -1.5669927462695634e+00 -3.2473666297737722e+01 4.6259420760869183e+00 1.0388007545742266e+03 0.0000000000000000e+00 0.0000000000000000e+00 0.0000000000000000e+00 0
818 8 1 2.0873712915199998e+08 -1.2323825154887533e+08 3.0437973047771342e+07 -8.7422984360795151e+06 -1.4984500524240234e+00 -3.2490674241157109e+01 4.6308157505832144e+00 1.0388007545742266e+03 -3.4286176990943316e-03 9.2064136981161157e-02 -5.8685799149363980e-03 0
819 8 1 2.1736848815199998e+08 1.0243157572280012e+08 -5.2530794070660837e+07 1.1276105999504369e+07 2.2201028883247758e+01 2.8306892762426475e+01 -3.3005447230107867e+00 1.0121737249969711e+03 1.2127781980811196e-01 1.1052218531056889e-01 -9.7619253923580881e-03 0
820 8 2 2.1736849015199998e+08 1.0243162012484023e+08 -5.2530737456866421e+07 1.1276099398413004e+07 2.2201011314261088e+01 2.8306901772461881e+01 -3.3005466570790034e+00 1.0121737249969711e+03 0.0000000000000000e+00 0.0000000000000000e+00 0.0000000000000000e+00 0
821 8 1 2.1737713015199998e+08 1.0262310893753827e+08 -5.2285998019058511e+07 1.1247546628858648e+07 2.2125097494987557e+01 2.8345706266514284e+01 -3.3088851963244466e+00 1.0121737249969711e+03 1.1956123802842562e-01 2.6142503486832641e-01 -3.4133893640589101e-02 0
822 8 1 2.2600848815199998e+08 4.8895950987176262e+07 1.6383600797267067e+08 -2.1925390711512685e+07 -2.2307693261784721e+01 1.0453646649024215e+01 -2.2999661784695071e+00 9.7980204983906913e+02 2.3751482829790654e-02 -1.1099706228130293e-02 6.3781055031694421e-03 0
823 8 3 2.2600848915199998e+08 4.8895928679482408e+07 1.6383601842631516e+08 -2.1925393011478577e+07 -2.2307694528700331e+01 1.0453642403960043e+01 -2.2999656103728250e+00 9.7980204983906913e+02 0.0000000000000000e+00 0.0000000000000000e+00 0.0000000000000000e+00 247
824 8 2 2.2600849015199998e+08 4.8895905978328027e+07 1.6383602884497705e+08 -2.1925395320527062e+07 -2.2307695834907737e+01 1.0453638113492360e+01 -2.2999650371205629e+00 9.7980204983785484e+02 0.0000000000000000e+00 0.0000000000000000e+00 0.0000000000000000e+00 0
825 8 1 2.2601713015199998e+08 4.8703120270340167e+07 1.6392618983397824e+08 -2.1945245812093135e+07 -2.2318617201397519e+01 1.0416961410221822e+01 -2.2950558976055624e+00 9.7980204983785484e+02 2.0920028136492014e-01 -3.5543764651853155e-01 7.6677491686071913e-03 0
826 8 1 2.3205648915199998e+08 -8.3483621280154914e+07 1.4448524103772095e+08 -2.5320205523721505e+07 -1.7971338439320380e+01 -1.6545550167400929e+01 1.1844838027136642e+00 9.2008652804625024e+02 2.1153317077714465e-01 -2.8601210004116356e-01 -9.9637414613247516e-02 0
827 8 2 2.3205649115199998e+08 -8.3483657222827122e+07 1.4448520794661272e+08 -2.5320203154752508e+07 -1.7971333830584427e+01 -1.6545558143745215e+01 1.1844852005221107e+00 9.2008652804625024e+02 0.0000000000000000e+00 0.0000000000000000e+00 0.0000000000000000e+00 0
828 8 1 2.3206513115199998e+08 -8.3638843459665105e+07 1.4434210547408339e+08 -2.5309943112391856e+07 -1.7951397221783981e+01 -1.6580013324761129e+01 1.1905250410939949e+00 9.2008652804625024e+02 1.3640976573234068e-01 -3.1259775333026174e-01 -1.2058625407300785e-01 0
829 8 1 2.3810448915199998e+08 -1.0917845708151399e+08 -2.3805351703508578e+07 -5.6694638717515618e+06 1.7965498245891702e+01 -3.3952582190025318e+01 5.4492872804482131e+00 8.6338705443485526e+02 2.4766694294079972e-01 -2.9849844592778135e-01 1.2215751669546349e-02 0
830 8 3 2.3810449015199998e+08 -1.0917843911601059e+08 -2.3805385656089574e+07 -5.6694584224640233e+06 1.7965508590307302e+01 -3.3952579934519484e+01 5.4492878176170709e+00 8.6338705443485526e+02 0.0000000000000000e+00 0.0000000000000000e+00 0.0000000000000000e+00 141
831 8 2 2.3810449115199998e+08 -1.0917842111644648e+08 -2.3805419643404827e+07 -5.6694529659687607e+06 1.7965518947455699e+01 -3.3952577680753301e+01 5.4492883559857583e+00 8.6338705443485549e+02 0.0000000000000000e+00 0.0000000000000000e+00 0.0000000000000000e+00 0
832 8 1 2.3811313115199998e+08 -1.0902281279719043e+08 -2.4098685313037284e+07 -5.6223511040618084e+06 1.8054940593586299e+01 -3.3932945913305112e+01 5.4539158746451299e+00 8.6338705443485549e+02 -5.1272719897002064e-02 4.3324487416462776e-02 7.9446875479087839e-02 0
833 8 1 2.4804049015199998e+08 1.5215739299573997e+08 4.9222387397498757e+07 5.1339431663674843e+06 8.5035719528660980e-01 2.6993158601488965e+01 -3.7445467045978043e+00 8.3897494198859135e+02 -6.8977877177138686e-02 -6.5117919847774347e-02 -1.5248628622778543e-01 0
834 8 2 2.4804049215199998e+08 1.5215739469644448e+08 4.9222441383812658e+07 5.1339356772737568e+06 8.5034733595750067e-01 2.6993155412028557e+01 -3.7445470372612193e+00 8.3897494198859135e+02 0.0000000000000000e+00 0.0000000000000000e+00 0.0000000000000000e+00 0
835 8 1 2.4804913215199998e+08 1.5216455778507221e+08 4.9455602658517756e+07 5.1015765986249521e+06 8.0778502376155570e-01 2.6979354359230697e+01 -3.7459785718647920e+00 8.3897494198859135e+02 -1.4572370033902168e-01 9.6261766798296726e-04 -3.6869075946846014e-01 0
836 8 1 2.5797649015199998e+08 5.8614669118802492e+06 1.8851912000857800e+08 -3.8060421785082661e+07 -2.2592252403967009e+01 -1.7278363569579445e+00 -2.8697928653149547e+00 7.8241810612699135e+02 -7.3159129770334896e-02 -1.6619699841313156e-03 -1.2035275701338199e-02 0
837 8 3 2.5797649115199998e+08 5.8614443196278354e+06 1.8851911828073990e+08 -3.8060424654875159e+07 -2.2592252513166365e+01 -1.7278398690831724e+00 -2.8697921562464361e+00 7.8241810612699135e+02 0.0000000000000000e+00 0.0000000000000000e+00 0.0000000000000000e+00 80
838 8 2 2.5797649215199998e+08 5.8614211166555947e+06 1.8851911633583596e+08 -3.8060427533011459e+07 -2.2592252643320741e+01 -1.7278434609316031e+00 -2.8697914351487888e+00 7.8241810612671600e+02 0.0000000000000000e+00 0.0000000000000000e+00 0.0000000000000000e+00 0
839 8 1 2.5798513215199998e+08 5.6662200229152599e+06 1.8850405667174658e+08 -3.8085196057263806e+07 -2.2593180523038171e+01 -1.7581907273098736e+00 -2.8636623382589717e+00 7.8241810612671600e+02 5.9660778772118915e-02 -4.5364769812130550e-02 2.8880176839459176e-01 0
840 8 1 2.6272849115199998e+08 -9.3838821636253253e+07 1.3948366854785180e+08 -3.7684011714405552e+07 -1.7434048220029471e+01 -1.8925582070282307e+01 3.3945534948936884e+00 7.3991338762377882e+02 8.3394472922449798e-03 4.1456691767978046e-02 4.0809972304063968e-01 0
841 8 2 2.6272849315199998e+08 -9.3838856504344776e+07 1.3948363069668052e+08 -3.7684004925296612e+07 -1.7434043349283584e+01 -1.8925589310241996e+01 3.3945554508985820e+00 7.3991338762377882e+02 0.0000000000000000e+00 0.0000000000000000e+00 0.0000000000000000e+00 0
842 8 1 2.6273713315199998e+08 -9.3989395660436392e+07 1.3931997849832693e+08 -3.7654639459901989e+07 -1.7412974422206972e+01 -1.8956863048344513e+01 3.4030062780485273e+00 7.3991338762377882e+02 1.7025590170997293e-02 2.8648171153854256e-02 4.1830417043508922e-01 0
843 8 1 2.6748049115199998e+08 -1.3257624976874559e+08 1.3265440200697580e+07 -5.3949257641875260e+06 5.2023837119176441e+00 -3.2211670557029713e+01 9.5818419899927569e+00 6.9793150500519141e+02 7.2511341835597695e-02 -5.7805509749549233e-02 2.6613355819835094e-01 0
844 8 3 2.6748049215199998e+08 -1.3257624456635816e+08 1.3265407989026716e+07 -5.3949161823454034e+06 5.2023911322502538e+00 -3.2211671299499514e+01 9.5818422919481137e+00 6.9793150500519141e+02 0.0000000000000000e+00 0.0000000000000000e+00 0.0000000000000000e+00 248
845 8 2 2.6748049315199998e+08 -1.3257623935010490e+08 1.3265375750837304e+07 -5.3949065942974156e+06 5.2023985586147861e+00 -3.2211672044870134e+01 9.5818425948557522e+00 6.9793150500519153e+02 0.0000000000000000e+00 0.0000000000000000e+00 0.0000000000000000e+00 0
846 8 1 2.6748913315199998e+08 -1.3253101353814146e+08 1.2987039370160451e+07 -5.3121082551812492e+06 5.2665539632081826e+00 -3.2218025055988605e+01 9.5844336646481896e+00 6.9793150500519153e+02 -1.6644185386263801e-02 -6.1300690597328761e-02 4.2072291096866041e-02 0
847 8 1 2.7352849215199995e+08 2.9956487754312314e+07 -1.1086471510073116e+08 3.1972929463957038e+07 3.7514835185668062e+01 2.9601351371129798e+00 -1.0698540959856291e+00 6.7953724580646553e+02 8.5797352218541215e-04 -1.2908383117294550e-01 -1.5464654305918743e-01 0
848 8 2 2.7352849415199995e+08 2.9956562783977840e+07 -1.1086470918044353e+08 3.1972927324243840e+07 3.7514830492000392e+01 2.9601525076895236e+00 -1.0698591055886786e+00 6.7953724580646553e+02 0.0000000000000000e+00 0.0000000000000000e+00 0.0000000000000000e+00 0
849 8 1 2.7353713415199995e+08 3.0280603049129825e+07 -1.1083880946137741e+08 3.1963590302716166e+07 3.7494458336588131e+01 3.0351325341918804e+00 -1.0914824061477562e+00 6.7953724580646553e+02 -4.9130238784869849e-02 -1.4874147847805483e-01 -1.4921562736470917e-01 0
850 8 1 2.7957649215199995e+08 1.7233688435421169e+08 -3.7487012166084019e+06 -2.7842296700204932e+06 8.4856291469753931e+00 2.3604560753050226e+01 -7.4619663725147198e+00 6.5624143126028775e+02 2.8087159506273624e-02 -1.1344045218003669e-01 4.3847247507363560e-02 0
851 8 3 2.7957649315199995e+08 1.7233689283983862e+08 -3.7486776120476467e+06 -2.7842371319868150e+06 8.4856246834598767e+00 2.3604560850141066e+01 -7.4619663004032351e+00 6.5624143126028775e+02 0.0000000000000000e+00 0.0000000000000000e+00 0.0000000000000000e+00 272
852 8 2 2.7957649415199995e+08 1.7233690119435149e+08 -3.7486539001478869e+06 -2.7842446241791141e+06 8.4856201911126821e+00 2.3604560968803845e+01 -7.4619662337728769e+00 6.5624143126025399e+02 0.0000000000000000e+00 0.0000000000000000e+00 0.0000000000000000e+00 0
853 8 1 2.7958513415199995e+08 1.7241005039691794e+08 -3.5447069366634381e+06 -2.8487133012103448e+06 8.4470706709313852e+00 2.3605376515291585e+01 -7.4613363592225639e+00 6.5624143126025399e+02 3.2623370386186984e-02 3.4932649002005343e-02 -2.0675277766990647e-02 0
854 8 1 2.9080849315199995e+08 7.2169336786505744e+07 1.8385640626860788e+08 -6.2649390540692881e+07 -2.0086367039430005e+01 4.8714679252479556e+00 -2.0765717912912875e+00 6.3040741051212717e+02 5.5306835747417994e-02 -1.3629564112178836e-02 -1.2917763867317325e-01 0
855 8 2 2.9080849515199995e+08 7.2169296613769591e+07 1.8385641601153824e+08 -6.2649394693834580e+07 -2.0086369192477978e+01 4.8714624402067725e+00 -2.0765699222539422e+00 6.3040741051212717e+02 0.0000000000000000e+00 0.0000000000000000e+00 0.0000000000000000e+00 0
856 8 1 2.9081713515199995e+08 7.1995710231698588e+07 1.8389840306643897e+08 -6.2667301370932482e+07 -2.0095660362381484e+01 4.8477613162365873e+00 -2.0684934908966115e+00 6.3040741051212717e+02 9.7507743297282345e-02 -1.3256204921325265e-02 -1.4939076822824260e-01 0
857 8 1 3.0204049315199995e+08 -1.1718493732299680e+08 3.0301454219020646e+07 -1.9461956749772903e+07 1.7905064073969721e+00 -3.3309014021899543e+01 1.1742116812777915e+01 6.0009999999999900e+02 -2.6239946105402383e-03 7.1732996456368547e-02 -9.1809152404041111e-03 0
858 8 3 3.0204049415199995e+08 -1.1718493553248617e+08 3.0301420910005596e+07 -1.9461945007655412e+07 1.7905148480740738e+00 -3.3309016204472300e+01 1.1742118214596685e+01 6.0009999999999900e+02 0.0000000000000000e+00 0.0000000000000000e+00 0.0000000000000000e+00 207
859 8 4 3.0204049515199995e+08 -1.1718493370928903e+08 3.0301387502563123e+07 -1.9461933227907274e+07 1.7905233111479730e+00 -3.3309018399507103e+01 1.1742119622382347e+01 6.0010000000000002e+02 0.0000000000000000e+00 0.0000000000000000e+00 0.0000000000000000e+00 0
860 9 0 0.0000000000000000e+00 -1.9500328646873634e+07 1.4581848347052613e+08 -7.6372048832368055e+03 -2.9221758446504509e+01 -5.9161171118904186e+00 -3.4548230047585236e+00 1.6041443649797241e+03 0.0000000000000000e+00 0.0000000000000000e+00 0.0000000000000000e+00 0
861 9 2 1.0008480152000001e+07 -9.4527717783220589e+07 -1.0065943631152721e+08 -1.2426575492324263e+07 2.2199310809546983e+01 -2.2658630364100059e+01 2.2079703720108927e+00 1.6041443649797241e+03 0.0000000000000000e+00 0.0000000000000000e+00 0.0000000000000000e+00 0
862 9 1 1.0017120152000001e+07 -9.4335740172650471e+07 -1.0085501967652526e+08 -1.2407475544781158e+07 2.2239935715161518e+01 -2.2615284206638378e+01 2.2133122257587088e+00 1.6041443649797241e+03 9.4011436825185875e-03 -5.8693894134636153e-02 -2.0789264782527664e-01 0
863 9 1 4.0248479152000003e+07 -9.5353215801996619e+07 -9.8452104590563834e+07 -8.8775672141960580e+06 2.1458060106983538e+01 -2.3556484667051997e+01 2.3197811567998436e+00 1.5171087441161321e+03 -2.7696899846758088e-02 2.2985896814291237e-02 -6.3751909719167782e-03 0
864 9 2 4.0248481151999995e+07 -9.5353172885866731e+07 -9.8452151703522995e+07 -8.8775625746328440e+06 2.1458069875550947e+01 -2.3556474581010757e+01 2.3197820662721660e+00 1.5171087441161321e+03 0.0000000000000000e+00 0.0000000000000000e+00 0.0000000000000000e+00 0
865 9 1 4.0257121152000003e+07 -9.5167592996558443e+07 -9.8655491306279287e+07 -8.8575026993890591e+06 2.1500221709088244e+01 -2.3512865436599522e+01 2.3237058670323307e+00 1.5171087441161321e+03 -1.1080455108507277e-02 1.2604491019278306e-03 -9.4482838292247358e-03 0
866 9 1 7.0488479152000010e+07 -9.3244152129152104e+07 -1.0126868981859368e+08 -8.4931222056003567e+06 2.1825630056736298e+01 -2.3002047269698750e+01 2.3582800470469656e+00 1.5115292587690251e+03 6.1386873031160660e-04 -8.9919997403651293e-05 -3.4965557251423864e-04 0
867 9 3 7.0488480152000010e+07 -9.3244130303519726e+07 -1.0126871282063834e+08 -8.4931198473201003e+06 2.1825634773569679e+01 -2.3002042146936237e+01 2.3582804766786429e+00 1.5115292587690251e+03 0.0000000000000000e+00 0.0000000000000000e+00 0.0000000000000000e+00 296
868 9 2 7.0488481152000010e+07 -9.3244108670736641e+07 -1.0126873552883586e+08 -8.4931175110001210e+06 2.1825639465974991e+01 -2.3002037069050214e+01 2.3582809047193929e+00 1.5115292587690137e+03 0.0000000000000000e+00 0.0000000000000000e+00 0.0000000000000000e+00 0
869 9 1 7.0497121152000010e+07 -9.3055359231610939e+07 -1.0146728182180084e+08 -8.4727259428988863e+06 2.1866344048179972e+01 -2.2957741269645478e+01 2.3619877729431527e+00 1.5115292587690137e+03 2.3917976879878712e-02 -2.5755493604108531e-02 3.3100599480229689e-03 0
870 9 1 7.7832480152000010e+07 1.0683765337503926e+08 -1.1208697617182733e+08 1.0278207740512172e+07 2.2041625183208716e+01 1.8245901037594447e+01 1.5656695629001269e+00 1.4835763882691651e+03 1.7293952466781357e-01 -1.4055547673971696e-02 -2.1909428898903854e-01 0
871 9 2 7.7832482152000010e+07 1.0683769745828196e+08 -1.1208693968001737e+08 1.0278210871850561e+07 2.2041617595879806e+01 1.8245908997713506e+01 1.5656688329689081e+00 1.4835763882691651e+03 0.0000000000000000e+00 0.0000000000000000e+00 0.0000000000000000e+00 0
872 9 1 7.7841122152000010e+07 1.0702799536897837e+08 -1.1192914655840567e+08 1.0291724623917151e+07 2.2008816882294195e+01 1.8280266486614149e+01 1.5625140091964351e+00 1.4835763882691651e+03 6.8032329263207153e-02 1.2482137041970102e-02 -1.6011856133144645e-01 0
873 9 1 8.5176480152000010e+07 1.4560411871527806e+08 7.1969178055711433e+07 9.3363342504703496e+06 -1.2173042131572096e+01 2.4062447558009588e+01 -1.5652312505121535e+00 1.4535851925508530e+03 1.5577706529639740e-01 -1.3113573150163740e-01 2.0362695890338511e-02 0
874 9 3 8.5176481152000010e+07 1.4560410654223371e+08 7.1969202118157834e+07 9.3363326852389593e+06 -1.2173046619243859e+01 2.4062445339843517e+01 -1.5652315382677622e+00 1.4535851925508530e+03 0.0000000000000000e+00 0.0000000000000000e+00 0.0000000000000000e+00 197
875 9 2 8.5176482151999995e+07 1.4560409439928359e+08 7.1969226175090358e+07 9.3363311226225868e+06 -1.2173051099557135e+01 2.4062443121950643e+01 -1.5652318254786972e+00 1.4535851925505651e+03 0.0000000000000000e+00 0.0000000000000000e+00 0.0000000000000000e+00 0
876 9 1 8.5185122151999995e+07 1.4549875177368125e+08 7.2177042809808865e+07 9.3227967842259221e+06 -1.2211811614783210e+01 2.4043249961118310e+01 -1.5677162993286027e+00 1.4535851925505651e+03 -2.8354704229274590e-02 -4.1800554387236157e-02 -3.3533063933735080e-01 0
877 9 1 9.7704481152000010e+07 -1.3059492300665264e+08 2.5223333370108780e+07 -1.6463982582580857e+07 -5.1163676700489207e+00 -3.2614158424543128e+01 8.4690755325332723e-01 1.3998542334517874e+03 -3.0420998274546022e-03 -8.3106339453321819e-03 4.8220719029084553e-03 0
878 9 2 9.7704483151999995e+07 -1.3059493323937355e+08 2.5223268141789280e+07 -1.6463980888763938e+07 -5.1163532713067434e+00 -3.2614161205537833e+01 8.4690936848942888e-01 1.3998542334517874e+03 0.0000000000000000e+00 0.0000000000000000e+00 0.0000000000000000e+00 0
879 9 1 9.7713123151999995e+07 -1.3063886976456045e+08 2.4941430078115523e+07 -1.6456629717448708e+07 -5.0541326680153587e+00 -3.2626109418294291e+01 8.5475039134591568e-01 1.3998542334517874e+03 5.0968747560425735e-03 -3.1085169211547961e-03 -3.0862802400686264e-02 0
880 9 1 1.1023248115200001e+08 1.3131312135576898e+08 -8.8946615367936999e+07 2.2802734677433155e+07 1.7217260098289042e+01 2.1572821767870977e+01 1.8792510256650399e+00 1.3572215046596152e+03 -4.4071997616379290e-02 -2.3885787884655941e-02 2.8724311290745635e-01 0
881 9 3 1.1023248215200000e+08 1.3131313857302693e+08 -8.8946593795113847e+07 2.2802736556683812e+07 1.7217255862208358e+01 2.1572824637233648e+01 1.8792502900628349e+00 1.3572215046596152e+03 0.0000000000000000e+00 0.0000000000000000e+00 0.0000000000000000e+00 105
882 9 2 1.1023248315200000e+08 1.3131315581133381e+08 -8.8946572060455307e+07 2.2802738424876105e+07 1.7217251617534014e+01 2.1572827529413420e+01 1.8792495507362645e+00 1.3572215042786761e+03 0.0000000000000000e+00 0.0000000000000000e+00 0.0000000000000000e+00 0
883 9 1 1.1024112315200000e+08 1.3146175471522982e+08 -8.8760075820939228e+07 2.2818947681831922e+07 1.7180638270329986e+01 2.1597588020687880e+01 1.8728929215861321e+00 1.3572215042786761e+03 -1.5458537317745613e-03 -1.4576565654265581e-02 -2.6068644984449961e-02 0
884 9 1 1.1887248215200000e+08 1.0763687771984394e+08 1.1926427873265560e+08 1.3943557977391383e+07 -2.1673456100911864e+01 1.7174189446130033e+01 -3.2261509550262102e+00 1.3270052966255960e+03 -1.5611966209046005e-01 1.0554176459163943e-01 2.2255492661679210e-01 0
885 9 2 1.1887248415200000e+08 1.0763683437292501e+08 1.1926431308102688e+08 1.3943551525088605e+07 -2.1673462913940241e+01 1.7174181897126257e+01 -3.2261518376034024e+00 1.3270052966255960e+03 0.0000000000000000e+00 0.0000000000000000e+00 0.0000000000000000e+00 0
886 9 1 1.1888112415200000e+08 1.0744944856575002e+08 1.1941255705622062e+08 1.3915661111382363e+07 -2.1702874409886107e+01 1.7141544556071761e+01 -3.2299613837189667e+00 1.3270052966255960e+03 -1.3746539835788305e-01 1.1262534316108774e-01 2.3115024955358099e-01 0
887 9 1 1.2751248215200000e+08 -1.1769316580082956e+08 8.1720467828667983e+07 -1.4162608506196378e+07 -1.7114070848998068e+01 -2.6325316188817119e+01 -1.9343545250409082e+00 1.2963452160274658e+03 2.0343271437038835e-02 1.7587980989855315e-02 -2.8304485452042578e-02 0
888 9 3 1.2751248315200000e+08 -1.1769318291489775e+08 8.1720441503350034e+07 -1.4162610440550582e+07 -1.7114065616026377e+01 -2.6325319822339868e+01 -1.9343538953312001e+00 1.2963452160274658e+03 0.0000000000000000e+00 0.0000000000000000e+00 0.0000000000000000e+00 226
889 9 2 1.2751248415200000e+08 -1.1769320001788007e+08 8.1720415216637805e+07 -1.4162612373063928e+07 -1.7114060384083857e+01 -2.6325323449611410e+01 -1.9343532657499301e+00 1.2963452160238867e+03 0.0000000000000000e+00 0.0000000000000000e+00 0.0000000000000000e+00 0
890 9 1 1.2752112415200000e+08 -1.1784087008926025e+08 8.1492828921261579e+07 -1.4179301671172848e+07 -1.7068816022375643e+01 -2.6356675511373076e+01 -1.9289089926185612e+00 1.2963452160238867e+03 1.0077587886645226e-01 2.4686395473296113e-01 4.9414150012952338e-02 0
891 9 1 1.3485648315200001e+08 -8.2655068091389745e+07 -1.1972021002800496e+08 -6.7577726666806992e+06 2.4174413464342560e+01 -1.7341686524814921e+01 3.7983746076998042e+00 1.2407259125423066e+03 -9.1358725958459480e-02 1.6192583108456748e-01 3.3780184545127467e-01 0
892 9 2 1.3485648515200001e+08 -8.2655019742555812e+07 -1.1972024471136765e+08 -6.7577650699309194e+06 2.4174420566429170e+01 -1.7341676237923963e+01 3.7983751883571668e+00 1.2407259125423066e+03 0.0000000000000000e+00 0.0000000000000000e+00 0.0000000000000000e+00 0
893 9 1 1.3486512515199998e+08 -8.2446020321420148e+07 -1.1986988474001974e+08 -6.7249362896248130e+06 2.4205061811069179e+01 -1.7297210499736050e+01 3.8008774545800197e+00 1.2407259125423066e+03 -4.5796250258158408e-02 8.3482479223838515e-02 3.6491186447359708e-01 0
894 9 1 1.4220048315200001e+08 1.1252820434847255e+08 -8.6439069440951154e+07 2.2290626355187390e+07 1.8306870695622564e+01 2.5134623917677388e+01 2.1313571151071149e+00 1.1826269419037117e+03 1.4383218744684112e-01 3.1540711053062076e-01 2.4264217725704907e-02 0
895 9 3 1.4220048415200001e+08 1.1252822265534070e+08 -8.6439044306325346e+07 2.2290628486544006e+07 1.8306865656128835e+01 2.5134627788787320e+01 2.1313561168376713e+00 1.1826269419037117e+03 0.0000000000000000e+00 0.0000000000000000e+00 0.0000000000000000e+00 102
896 9 2 1.4220048515200001e+08 1.1252824095910703e+08 -8.6439019221355110e+07 2.2290630619690504e+07 1.8306860622107248e+01 2.5134631648859166e+01 2.1313551198940259e+00 1.1826269419037117e+03 0.0000000000000000e+00 0.0000000000000000e+00 0.0000000000000000e+00 0
897 9 1 1.4220912515200001e+08 1.1268622404353786e+08 -8.6221711632680789e+07 2.2309008256448809e+07 1.8263287030552327e+01 2.5168037353787767e+01 2.1227261606474506e+00 1.1826269419037117e+03 -3.8068892774431426e-03 -1.9198723426484682e-01 -3.7706246894118661e-01 0
898 9 1 1.5343248415200001e+08 -2.0458367356201906e+07 1.4419706940997753e+08 -1.3985156539926196e+07 -2.9492128425923621e+01 -4.2840670697127647e+00 -4.2553651429868777e+00 1.1297297905340436e+03 -5.0654066737962862e-02 4.4518774587015787e-02 1.7621913715844947e-01 0
899 9 2 1.5343248615200001e+08 -2.0458426340456910e+07 1.4419706084183121e+08 -1.3985165050655279e+07 -2.9492126692192212e+01 -4.2840792895842821e+00 -4.2553639578249749e+00 1.1297297905340436e+03 0.0000000000000000e+00 0.0000000000000000e+00 0.0000000000000000e+00 0
900 9 1 1.5344112615200001e+08 -2.0713205825712088e+07 1.4415981836837253e+08 -1.4021909258305505e+07 -2.9484590529272726e+01 -4.3368608877708636e+00 -4.2502374696787273e+00 1.1297297905340436e+03 -2.0793241483585528e-01 -1.3593811648638621e-01 1.9713935654534032e-01 0
901 9 1 1.6466448415200001e+08 -1.0755815764340128e+08 -1.1577247704178105e+08 -3.4004970579251996e+06 1.9512916023301731e+01 -2.0721338270199468e+01 4.6460770042277986e+00 1.0865286417776183e+03 7.6358075714950792e-03 4.5843692166075501e-03 -1.8138666655718241e-02 0
902 9 3 1.6466448515200001e+08 -1.0755813813048349e+08 -1.1577249776311734e+08 -3.4004924118481474e+06 1.9512919638005819e+01 -2.0721334379436264e+01 4.6460771185081429e+00 1.0865286417776183e+03 0.0000000000000000e+00 0.0000000000000000e+00 0.0000000000000000e+00 169
903 9 2 1.6466448615199998e+08 -1.0755811868919650e+08 -1.1577251842844521e+08 -3.4004877786169136e+06 1.9512923241109526e+01 -2.0721330499595457e+01 4.6460772319487376e+00 1.0865286417768466e+03 0.0000000000000000e+00 0.0000000000000000e+00 0.0000000000000000e+00 0
904 9 1 1.6467312615199998e+08 -1.0738939219810629e+08 -1.1595140544143495e+08 -3.3603414230530798e+06 1.9544125183497684e+01 -2.0687693283052418e+01 4.6470586392505462e+00 1.0865286417768466e+03 -1.0475118754544993e-02 2.9530102123324544e-02 1.4656092844053642e-02 0
905 9 1 1.7330448515200001e+08 1.0778386294786718e+08 -1.2182101630161792e+08 2.4555742600524902e+07 2.0410209122888432e+01 1.8911732786389571e+01 2.7846032625288908e-01 1.0595626868118218e+03 5.5156607169746234e-02 9.5867426338191494e-02 -2.1156879525340824e-01 0
906 9 2 1.7330448715199998e+08 1.0778390376827893e+08 -1.2182097847814517e+08 2.4555743157444086e+07 2.0410202696206817e+01 1.8911740050042908e+01 2.7845886210132559e-01 1.0595626868118218e+03 0.0000000000000000e+00 0.0000000000000000e+00 0.0000000000000000e+00 0
907 9 1 1.7331312715199998e+08 1.0796012791313471e+08 -1.2165744554335681e+08 2.4558121715694558e+07 2.0382415430672118e+01 1.8943099431858318e+01 2.7213312517249072e-01 1.0595626868118218e+03 4.3852298142955673e-02 1.3773881654151773e-01 -2.3338218730975741e-01 0
908 9 1 1.8194448515200001e+08 1.1925481455705753e+08 1.0239829882164009e+08 -1.3820301979282144e+06 -1.9364769758950093e+01 2.2083522155736848e+01 -4.7711815395582073e+00 1.0309320731509463e+03 -2.5141577328808003e-02 -1.2382597599843398e-03 2.3416422129269712e-02 0
909 9 3 1.8194448615199998e+08 1.1925479519228579e+08 1.0239832090516046e+08 -1.3820349691097208e+06 -1.9364773833727714e+01 2.2083518656923179e+01 -4.7711814923359981e+00 1.0309320731509463e+03 0.0000000000000000e+00 0.0000000000000000e+00 0.0000000000000000e+00 76
910 9 2 1.8194448715199998e+08 1.1925477587889974e+08 1.0239834296895127e+08 -1.3820397341435156e+06 -1.9364777898685304e+01 2.2083515159293647e+01 -4.7711814443329219e+00 1.0309320731500284e+03 0.0000000000000000e+00 0.0000000000000000e+00 0.0000000000000000e+00 0
911 9 1 1.8195312715199998e+08 1.1908731217659263e+08 1.0258901386438945e+08 -1.4232609617039193e+06 -1.9399960019661538e+01 2.2053256592162334e+01 -4.7707673486093265e+00 1.0309320731500284e+03 1.3549961786261486e-02 1.0428328122800723e-02 4.9591685460342899e-02 0
912 9 1 1.9188048615199998e+08 -1.3578045812727925e+08 9.1820946171921507e+07 -2.8420163924583726e+07 -1.7958501922415984e+01 -2.2662150563360477e+01 5.9599331082085538e-02 9.9120588739593313e+02 -1.3261772255467041e-01 -1.0855292291657116e-01 -3.0657892712779033e-01 0
913 9 2 1.9188048815199998e+08 -1.3578049404427519e+08 9.1820900847615167e+07 -2.8420163805383429e+07 -1.7958494094528760e+01 -2.2662155856933268e+01 5.9600969534416473e-02 9.9120588739593313e+02 0.0000000000000000e+00 0.0000000000000000e+00 0.0000000000000000e+00 0
914 9 1 1.9188912815199998e+08 -1.3593550930669576e+08 9.1625001111470222e+07 -2.8419618279142573e+07 -1.7924663949327076e+01 -2.2684995888394074e+01 6.6677836996849468e-02 9.9120588739593313e+02 -7.8542360943669939e-02 -9.1557796961660734e-02 -3.1742256053195783e-01 0
915 9 1 2.0181648615199998e+08 -1.1989688881172864e+08 -1.5217417291567370e+08 -7.6821798631655090e+06 1.7739116104715411e+01 -1.7090936618664358e+01 3.4795233176587201e+00 9.4473554506449841e+02 -7.4683694896588992e-02 3.1039762663164362e-02 1.0982715281809018e-02 0
916 9 3 2.0181648715199998e+08 -1.1989687107261150e+08 -1.5217419000660893e+08 -7.6821763836421287e+06 1.7739118287893703e+01 -1.7090933847755139e+01 3.4795234575419642e+00 9.4473554506449841e+02 0.0000000000000000e+00 0.0000000000000000e+00 0.0000000000000000e+00 258
917 9 2 2.0181648815199998e+08 -1.1989685336405642e+08 -1.5217420709530577e+08 -7.6821729087312045e+06 1.7739120466077246e+01 -1.7090931081259868e+01 3.4795235970214629e+00 9.4473554198825832e+02 0.0000000000000000e+00 0.0000000000000000e+00 0.0000000000000000e+00 0
918 9 1 2.0182512815199998e+08 -1.1974350591965644e+08 -1.5232176929339272e+08 -7.6521046110893162e+06 1.7757968156885862e+01 -1.7066982503895151e+01 3.4807296365297367e+00 9.4473554198825832e+02 -1.2646144998842482e-01 1.0949474531131378e-01 -1.9619077385585162e-01 0
919 9 1 2.0916048715199998e+08 3.9250689049287535e+07 -1.9152929053034276e+08 1.0710768368410308e+07 2.2043099038559991e+01 6.9916399935589277e+00 8.9337343908542133e-01 8.8476389356109087e+02 -1.6601625926452851e-01 3.3594918385708335e-02 -3.5227873850682601e-01 0
920 9 2 2.0916048915199998e+08 3.9250733135484144e+07 -1.9152927654705602e+08 1.0710770155156806e+07 2.2043097650745892e+01 6.9916467655901071e+00 8.9337306037746589e-01 8.8476389356109087e+02 0.0000000000000000e+00 0.0000000000000000e+00 0.0000000000000000e+00 0
921 9 1 2.0916912915199998e+08 3.9441159554622456e+07 -1.9146874233671412e+08 1.0718481828360856e+07 2.2037086801158750e+01 7.0209019162038349e+00 8.9173619548412586e-01 8.8476389356109087e+02 -1.4996707600927461e-01 1.4090131695680661e-02 -3.5352445815594918e-01 0
922 9 1 2.1650448715199998e+08 1.4528049542726204e+08 -5.0730969429648764e+07 2.4967543296517688e+06 1.3184933156698528e+00 3.0021424019774070e+01 -2.8046425171306013e+00 8.2463179985948170e+02 -1.4316999144147241e-01 1.8128217736990979e-01 -1.6828229283708920e-01 0
923 9 3 2.1650448815199998e+08 1.4528049674575272e+08 -5.0730939408223882e+07 2.4967515250092121e+06 1.3184880266707595e+00 3.0021425866656337e+01 -2.8046426080259681e+00 8.2463179985948170e+02 0.0000000000000000e+00 0.0000000000000000e+00 0.0000000000000000e+00 73
924 9 2 2.1650448915199998e+08 1.4528049805614853e+08 -5.0730909356241412e+07 2.4967487192914807e+06 1.3184827334987619e+00 3.0021427717284968e+01 -2.8046426992345048e+00 8.2463179985948238e+02 0.0000000000000000e+00 0.0000000000000000e+00 0.0000000000000000e+00 0
925 9 1 2.1651312915199998e+08 1.4529169223452726e+08 -5.0471455370210946e+07 2.4725132230508579e+06 1.2727505066852525e+00 3.0037355623366004e+01 -2.8054247945245767e+00 8.2463179985948238e+02 4.5689100581487625e-02 -4.6442259228604545e-02 -4.0271107392983972e-02 0
926 9 1 2.2644048815199998e+08 -9.9523814889549255e+07 8.0156081681318521e+07 -5.9384935407033358e+06 -2.6033976108332112e+01 -2.2318979253013655e+01 2.6978825579738075e+00 7.9779998316692240e+02 1.4519453468373875e-01 -2.0222290643068960e-02 5.1636084160458486e-02 0
927 9 2 2.2644049015199998e+08 -9.9523866957488745e+07 8.0156037043349937e+07 -5.9384881449374771e+06 -2.6033963490503780e+01 -2.2318989415356537e+01 2.6978833108673586e+00 7.9779998316692240e+02 0.0000000000000000e+00 0.0000000000000000e+00 0.0000000000000000e+00 0
928 9 1 2.2644913015199998e+08 -9.9748564843562067e+07 7.9963011551928714e+07 -5.9151644065472484e+06 -2.5979426884697716e+01 -2.2362810598171571e+01 2.7011274043228819e+00 7.9779998316692240e+02 -1.2406076966555922e-02 1.6833650268873894e-02 6.6887540021708224e-03 0
929 9 1 2.3637648815199998e+08 -7.8765292676394016e+07 -1.6215187385590354e+08 1.8360457694083735e+07 2.1656608866527804e+01 -1.3636639703392440e+01 1.1288659099355589e+00 7.6105937706788404e+02 2.2636070609595760e-01 -1.9854149366165363e-01 5.1489179278537189e-02 0
930 9 3 2.3637648915199998e+08 -7.8765271019784302e+07 -1.6215188749254140e+08 1.8360458822949439e+07 2.1656610623458597e+01 -1.3636636086448208e+01 1.1288655003889456e+00 7.6105937706788404e+02 0.0000000000000000e+00 0.0000000000000000e+00 0.0000000000000000e+00 150
931 9 2 2.3637649015199998e+08 -7.8765248932411820e+07 -1.6215190116362545e+08 1.8360459946998425e+07 2.1656612427463863e+01 -1.3636632432023376e+01 1.1288650862720679e+00 7.6105937706764109e+02 0.0000000000000000e+00 0.0000000000000000e+00 0.0000000000000000e+00 0
932 9 1 2.3638513015199998e+08 -7.8578070284981012e+07 -1.6226958665211964e+08 1.8370198054509245e+07 2.1671771121980861e+01 -1.3605377176160376e+01 1.1253263992099500e+00 7.6105937706764109e+02 1.4311765768792131e-02 -1.5843890340765544e-02 -4.7867204102372291e-03 0
933 9 1 2.4501648915199998e+08 1.1583284950429067e+08 -1.4678571521786824e+08 1.6830959435532294e+07 1.7148406949123995e+01 1.5886978013738497e+01 -9.1356650115053462e-01 7.2472575733961230e+02 -1.9439056660917509e-01 -1.4903225978274173e-01 2.2218002320689759e-01 0
934 9 2 2.4501649115199998e+08 1.1583288380109985e+08 -1.4678568344390640e+08 1.6830957608398620e+07 1.7148402302922527e+01 1.5886983901496880e+01 -9.1356717626137718e-01 7.2472575733961230e+02 0.0000000000000000e+00 0.0000000000000000e+00 0.0000000000000000e+00 0
935 9 1 2.4502513115199998e+08 1.1598095924306542e+08 -1.4664831004783857e+08 1.6823051789662648e+07 1.7128315206748404e+01 1.5912410495876911e+01 -9.1648335800600911e-01 7.2472575733961230e+02 -2.1543011747861326e-01 -1.3229357619965676e-01 2.1333954961456889e-01 0
936 9 1 2.5365648915199998e+08 1.1928446356253508e+08 5.7504477971948870e+07 3.8350430190436291e+06 -2.2664885090162510e+01 2.3821832547294854e+01 -2.4694501539605098e+00 6.8955776105391624e+02 -5.5006535621702386e-03 1.9802672106686098e-02 -2.1721187836251408e-02 0
937 9 3 2.5365649015199998e+08 1.1928444089764664e+08 5.7504501793779731e+07 3.8350405495933709e+06 -2.2664891898958910e+01 2.3821829264919351e+01 -2.4694503728659769e+00 6.8955776105391624e+02 0.0000000000000000e+00 0.0000000000000000e+00 0.0000000000000000e+00 281
938 9 2 2.5365649115199998e+08 1.1928441820997736e+08 5.7504525629748106e+07 3.8350380780867613e+06 -2.2664898713342421e+01 2.3821825981596660e+01 -2.4694505919658267e+00 6.8955776105460006e+02 0.0000000000000000e+00 0.0000000000000000e+00 0.0000000000000000e+00 0
939 9 1 2.5366513115199998e+08 1.1908833931924911e+08 5.7710223464763962e+07 3.8136938641381767e+06 -2.2723736727608298e+01 2.3793387275057786e+01 -2.4713385422117482e+00 6.8955776105460006e+02 6.9305366474267565e-03 -3.7046694746884053e-02 2.6073091618769230e-02 0
940 9 1 2.6359249015200001e+08 -1.0481313589363955e+08 -8.6696433768647447e+07 -1.3988634963489212e+06 1.1501447772525143e+01 -3.0095681549537410e+01 2.0748100688166251e+00 6.8097536814241982e+02 8.0863395967880204e-04 -2.5322338699551701e-02 -6.6777131719744972e-03 0
941 9 2 2.6359249215200001e+08 -1.0481311289073300e+08 -8.6696493960001275e+07 -1.3988593467286443e+06 1.1501458824960835e+01 -3.0095672407484855e+01 2.0748102163251168e+00 6.8097536814241982e+02 0.0000000000000000e+00 0.0000000000000000e+00 0.0000000000000000e+00 0
942 9 1 2.6360113215200001e+08 -1.0471353422158194e+08 -8.6956349898102403e+07 -1.3809302471497362e+06 1.1549135896316153e+01 -3.0056158322733573e+01 2.0754427491675016e+00 6.8097536814241982e+02 5.5924601719653563e-02 -1.0742945974885944e-01 -7.7746338509763271e-02 0
943 9 1 2.7352849015200001e+08 1.0116514647135238e+08 -1.7326656341609964e+08 9.8555913364472669e+06 1.9027260016429317e+01 9.1575074761996298e+00 2.9924757361906609e-02 6.6010664940279537e+02 -1.6449389962825356e-02 -6.7127208215524157e-03 -2.7997740384027081e-02 0
944 9 3 2.7352849115200001e+08 1.0116516549861152e+08 -1.7326655425859076e+08 9.8555913663719445e+06 1.9027258360157077e+01 9.1575103129134057e+00 2.9924596006524772e-02 6.6010664940279537e+02 0.0000000000000000e+00 0.0000000000000000e+00 0.0000000000000000e+00 23
945 9 2 2.7352849215200001e+08 1.0116518478395523e+08 -1.7326654477894539e+08 9.8555913960926197e+06 1.9027256694297275e+01 9.1575131991038567e+00 2.9924432283427792e-02 6.6010664940272943e+02 0.0000000000000000e+00 0.0000000000000000e+00 0.0000000000000000e+00 0
946 9 1 2.7353713215200001e+08 1.0132951843274578e+08 -1.7318731800893107e+08 9.8558439210141804e+06 1.9012936428664403e+01 9.1820141438315002e+00 2.8530455090891395e-02 6.6010664940272943e+02 4.3313306960976357e-02 4.8473277585106819e-02 -1.4056745091212181e-02 0
947 9 1 2.8087249115200001e+08 1.8094091780566567e+08 -4.0019923484838583e+07 4.4706205121303322e+06 2.3676252892273431e-01 2.5136944674143646e+01 -1.5640069923751112e+00 6.2996690698745260e+02 9.5296648555121849e-02 2.2349550858194708e-01 -8.6878629137865315e-02 0
948 9 2 2.8087249315200001e+08 1.8094091827918321e+08 -4.0019873210947670e+07 4.4706173841161672e+06 2.3675498884125848e-01 2.5136946341833283e+01 -1.5640071786725582e+00 6.2996690698745260e+02 0.0000000000000000e+00 0.0000000000000000e+00 0.0000000000000000e+00 0
949 9 1 2.8088113315200001e+08 1.8094282309140325e+08 -3.9802658920209527e+07 4.4571008879920831e+06 2.0416973185752849e-01 2.5144133834831042e+01 -1.5648110609888357e+00 6.2996690698745260e+02 3.0109066767388695e-02 1.7821992443097337e-01 -7.4425501315816808e-02 0
950 9 1 2.8821649115200001e+08 6.9967440034448087e+07 1.2854147488620287e+08 -8.9082471826290637e+06 -2.9740166922100869e+01 1.2584795310805012e+01 -1.3694700178124144e+00 6.0009999999997740e+02 1.3909193671849954e-01 6.0449836569376691e-02 -1.1633605795154378e-02 0
951 9 3 2.8821649215200001e+08 6.9967410294279754e+07 1.2854148747099544e+08 -8.9082485520988926e+06 -2.9740169868009207e+01 1.2584789898694728e+01 -1.3694696427395627e+00 6.0009999999997740e+02 0.0000000000000000e+00 0.0000000000000000e+00 0.0000000000000000e+00 288
952 9 4 2.8821649315199995e+08 6.9967380558831915e+07 1.2854150007408664e+08 -8.9082499227528870e+06 -2.9740172808219018e+01 1.2584784481713553e+01 -1.3694692672701299e+00 6.0010000000000002e+02 0.0000000000000000e+00 0.0000000000000000e+00 0.0000000000000000e+00 0
953 10 0 0.0000000000000000e+00 -1.9500328646873634e+07 1.4581848347052613e+08 -7.6372048832368055e+03 -2.9387955019699529e+01 -4.3165004742263280e+00 -3.9414815997245487e+00 1.6933847074613082e+03 0.0000000000000000e+00 0.0000000000000000e+00 0.0000000000000000e+00 0
954 10 2 1.0008480152000001e+07 -1.1395612838994744e+08 -8.7217210703082532e+07 -1.6519804049845833e+07 1.8276742150298297e+01 -2.4355282855331321e+01 1.9770104290039796e+00 1.6933847074613082e+03 0.0000000000000000e+00 0.0000000000000000e+00 0.0000000000000000e+00 0
955 10 1 1.0017120152000001e+07 -1.1379803014304124e+08 -8.7427496894524470e+07 -1.6502695539619701e+07 1.8320064159671510e+01 -2.4322063002477904e+01 1.9832917678190207e+00 1.6933847074613082e+03 -1.0042052743253331e-01 3.3355279073175793e-02 9.0307588818487966e-02 0
956 10 1 3.1608479152000006e+07 -6.2702529564560741e+07 1.2415853471557769e+08 -7.3454296464577401e+06 -2.6820938488879577e+01 -1.4837435960940779e+01 -4.2105332579120160e+00 1.6489460247650427e+03 1.0668637061675627e-01 -9.0255909798280229e-02 -6.2736895124398534e-02 0
957 10 2 3.1608481152000003e+07 -6.2702583206431456e+07 1.2415850504069364e+08 -7.3454380675235176e+06 -2.6820932330110431e+01 -1.4837448156036245e+01 -4.2105325364289703e+00 1.6489460247650427e+03 0.0000000000000000e+00 0.0000000000000000e+00 0.0000000000000000e+00 0
958 10 1 3.1617121152000006e+07 -6.2934200976098470e+07 1.2403008196417633e+08 -7.3818035810223082e+06 -2.6794274979682982e+01 -1.4890108288404765e+01 -4.2074077410030633e+00 1.6489460247650427e+03 8.6121922393661413e-02 -9.8308179510104787e-02 -9.0117548646368104e-02 0
959 10 1 5.3208479152000010e+07 1.3228146922032203e+08 7.4380433746314168e+07 2.3813067333886571e+07 -1.3053874035067622e+01 2.5690952821668148e+01 -1.0378277389923714e+00 1.5855075840504571e+03 2.9141203207435479e-02 1.1849418924986027e-01 1.7090844408443001e-01 0
960 10 3 5.3208480152000003e+07 1.3228145616644560e+08 7.4380459437265575e+07 2.3813066296058398e+07 -1.3053878877913325e+01 2.5690950098587987e+01 -1.0378286107925918e+00 1.5855075840504571e+03 0.0000000000000000e+00 0.0000000000000000e+00 0.0000000000000000e+00 7
961 10 2 5.3208481152000003e+07 1.3228144313347517e+08 7.4380485118776485e+07 2.3813065261460710e+07 -1.3053883709845502e+01 2.5690947378992089e+01 -1.0378294811728241e+00 1.5855075840504571e+03 0.0000000000000000e+00 0.0000000000000000e+00 0.0000000000000000e+00 0
962 10 1 5.3217121152000003e+07 1.3216847688196017e+08 7.4602353170515195e+07 2.3804065880967077e+07 -1.3095704374086488e+01 2.5667386922217169e+01 -1.0453597539733681e+00 1.5855075840504571e+03 8.9687616798921538e-02 -2.9992161795415728e-01 8.7827019745122213e-03 0
963 10 1 6.1848480152000003e+07 -7.6558913320394292e+07 1.2486785550906324e+08 -6.6838184229874443e+06 -2.3687274958348468e+01 -1.7588701592796127e+01 -4.3172635711347294e+00 1.5505992534057561e+03 -6.3800964806254093e-02 1.3472766444381700e-02 4.1215565577508856e-02 0
964 10 2 6.1848482152000003e+07 -7.6558960694937676e+07 1.2486782033164962e+08 -6.6838270575140072e+06 -2.3687268511568888e+01 -1.7588712107511448e+01 -4.3172630083117109e+00 1.5505992534057561e+03 0.0000000000000000e+00 0.0000000000000000e+00 0.0000000000000000e+00 0
965 10 1 6.1857122152000003e+07 -7.6763498258138269e+07 1.2471565768098791e+08 -6.7211176852346985e+06 -2.3659375248648441e+01 -1.7634117696866170e+01 -4.3148243069680712e+00 1.5505992534057561e+03 -1.7512064131384639e-01 -2.5422994376101410e-01 7.2468371671123549e-02 0
966 10 1 7.0488480152000010e+07 -7.4927260417224541e+07 -1.1550050470900686e+08 -1.5195197077441707e+07 2.5930677978299173e+01 -2.0324800902318742e+01 3.1131267902081565e+00 1.4882651211484294e+03 1.8169102373795287e-01 -2.6966067619092393e-01 -3.0652666506199893e-02 0
967 10 3 7.0488481152000010e+07 -7.4927234486544758e+07 -1.1550052503380483e+08 -1.5195193964314545e+07 2.5930681720237637e+01 -2.0324795134112456e+01 3.1131275490707675e+00 1.4882651211484294e+03 0.0000000000000000e+00 0.0000000000000000e+00 0.0000000000000000e+00 60
968 10 2 7.0488482151999995e+07 -7.4927208623754948e+07 -1.1550054531137012e+08 -1.5195190859304024e+07 2.5930685454887602e+01 -2.0324789371047299e+01 3.1131283066347950e+00 1.4882651211486473e+03 0.0000000000000000e+00 0.0000000000000000e+00 0.0000000000000000e+00 0
969 10 1 7.0497122151999995e+07 -7.4703027996108159e+07 -1.1567593611999740e+08 -1.5168265127628408e+07 2.5962959633670469e+01 -2.0274926255784983e+01 3.1196774880091263e+00 1.4882651211486473e+03 2.1714428036969588e-01 -1.8910161533694639e-01 -2.8557329126345808e-02 0
970 10 1 7.9128481151999995e+07 1.5558240065663746e+08 -8.9559770731247097e+07 1.9035671925934207e+07 1.6770225845755530e+01 1.9881090969993569e+01 3.0747082178947358e+00 1.4586690912948652e+03 -2.6658435016207183e-02 1.7433129330402100e-02 -1.4783573592885568e-02 0
971 10 2 7.9128483151999995e+07 1.5558243419708207e+08 -8.9559730969061196e+07 1.9035678075349770e+07 1.6770218826489462e+01 1.9881095010576882e+01 3.0747073590800329e+00 1.4586690912948652e+03 0.0000000000000000e+00 0.0000000000000000e+00 0.0000000000000000e+00 0
972 10 1 7.9137123151999995e+07 1.5572719788155222e+08 -8.9387882967141494e+07 1.9062227515704531e+07 1.6739892183246511e+01 1.9898527434109656e+01 3.0709960008674360e+00 1.4586690912948652e+03 3.5715461226422045e-02 -1.2614702792200816e-01 -9.4748415812983766e-02 0
973 10 1 8.7768481151999995e+07 1.7547692976785594e+08 9.9780645880064815e+07 2.7091971148652386e+07 -1.0695848642617788e+01 1.8768605505708031e+01 -1.0402979481545209e+00 1.4033014746690869e+03 2.8846106646498432e-01 -2.3521497746317072e-01 4.6133859337706216e-02 0
974 10 3 8.7768482151999995e+07 1.7547691907200593e+08 9.9780664648669496e+07 2.7091970108354226e+07 -1.0695851398986592e+01 1.8768603938366418e+01 -1.0402983737116873e+00 1.4033014746690869e+03 0.0000000000000000e+00 0.0000000000000000e+00 0.0000000000000000e+00 204
975 10 2 8.7768483151999995e+07 1.7547690838784307e+08 9.9780683452651918e+07 2.7091969082879256e+07 -1.0695854157420129e+01 1.8768602379054425e+01 -1.0402987978392431e+00 1.4033014746701315e+03 0.0000000000000000e+00 0.0000000000000000e+00 0.0000000000000000e+00 0
976 10 1 8.7777123151999995e+07 1.7538439334438694e+08 9.9942785644393548e+07 2.7082965019080553e+07 -1.0719663150563264e+01 1.8755049403276224e+01 -1.0439750386461624e+00 1.4033014746701315e+03 -3.0400008571861697e-01 -1.8644882477718905e-01 -1.8526245365567037e-01 0
977 10 1 9.1224482151999995e+07 1.2202069534300260e+08 1.5251943897064266e+08 2.0322858289262146e+07 -1.9856283814998463e+01 1.1154469659665871e+01 -2.8286865024496537e+00 1.3732107988170014e+03 -2.1795331651965369e-01 -9.3094973137463288e-02 -1.5727225133494271e-01 0
978 10 2 9.1224484151999995e+07 1.2202065563043079e+08 1.5251946127957657e+08 2.0322852631888438e+07 -1.9856288091590084e+01 1.1154464314150450e+01 -2.8286872147269215e+00 1.3732107988170014e+03 0.0000000000000000e+00 0.0000000000000000e+00 0.0000000000000000e+00 0
979 10 1 9.1233124151999995e+07 1.2184901751334719e+08 1.5261573605265930e+08 2.0298399484560639e+07 -1.9874754810575059e+01 1.1131358339673575e+01 -2.8317632070988124e+00 1.3732107988170014e+03 -2.1356692156932408e-01 -1.1171430046752788e-01 -1.4748118865616253e-01 0
980 10 1 9.4680482151999995e+07 4.1400358694581851e+07 1.7186039927999842e+08 7.9841288526690248e+06 -2.6188222418195856e+01 -8.2482780107719733e-01 -4.2333665761389501e+00 1.3438166094464109e+03 -2.9302831996808654e-01 -1.8150734597188450e-01 -1.7578160869815218e-01 0
981 10 3 9.4680483151999995e+07 4.1400332506358981e+07 1.7186039845516855e+08 7.9841246193023622e+06 -2.6188223409742992e+01 -8.2483191717050819e-01 -4.2333667673604927e+00 1.3438166094464109e+03 0.0000000000000000e+00 0.0000000000000000e+00 0.0000000000000000e+00 184
982 10 2 9.4680484151999995e+07 4.1400306309280314e+07 1.7186039762173703e+08 7.9841203845590083e+06 -2.6188224403154369e+01 -8.2483603561942398e-01 -4.2333669588888387e+00 1.3438166094464113e+03 0.0000000000000000e+00 0.0000000000000000e+00 0.0000000000000000e+00 0
983 10 1 9.4689124151999995e+07 4.1174003095759898e+07 1.7185311735472196e+08 7.9475369651563633e+06 -2.6196772404071897e+01 -8.6041689426470036e-01 -4.2350161865135814e+00 1.3438166094464113e+03 -4.6200111772113570e-02 4.8731066456952341e-02 1.2158294652560531e-01 0
984 10 1 1.0332048315200000e+08 -1.1974172238241555e+08 -1.2308141795211995e+07 -1.8665944823211752e+07 5.2600766932244438e+00 -3.6268273352629151e+01 3.7937741097788752e-01 1.3125962394275946e+03 7.6318783404296014e-02 1.8865312391981248e-01 -9.7513299116599075e-02 0
985 10 2 1.0332048515200000e+08 -1.1974171186224459e+08 -1.2308214331756750e+07 -1.8665944064454190e+07 5.2600942775051163e+00 -3.6268271545151670e+01 3.7938015210448917e-01 1.3125962394275946e+03 0.0000000000000000e+00 0.0000000000000000e+00 0.0000000000000000e+00 0
986 10 1 1.0332912515199998e+08 -1.1969593648817360e+08 -1.2621538175910287e+07 -1.8662615061296105e+07 5.3360564771616374e+00 -3.6260362512536055e+01 3.9122273198567897e-01 1.3125962394275946e+03 3.1213060547493759e-02 1.8346585874306848e-01 -2.1032913934851000e-01 0
987 10 1 1.1196048315200000e+08 1.0017593808483429e+08 -1.2175471521760468e+08 1.1335845142272620e+07 2.5205224736117099e+01 1.3369622524597702e+01 3.8368039550412893e+00 1.2763353027833236e+03 6.3389875016137021e-02 4.7605269352805686e-02 1.5221658915939016e-02 0
988 10 3 1.1196048415200000e+08 1.0017596329005729e+08 -1.2175470184798014e+08 1.1335848979076376e+07 2.5205221370384233e+01 1.3369626615338259e+01 3.8368035741770923e+00 1.2763353027833236e+03 0.0000000000000000e+00 0.0000000000000000e+00 0.0000000000000000e+00 240
989 10 2 1.1196048515200000e+08 1.0017598849445826e+08 -1.2175468831259222e+08 1.1335852819330722e+07 2.5205218005115693e+01 1.3369630741566809e+01 3.8368031945533829e+00 1.2763353027834316e+03 0.0000000000000000e+00 0.0000000000000000e+00 0.0000000000000000e+00 0
990 10 1 1.1196912515199998e+08 1.0039363590256841e+08 -1.2163902211489570e+08 1.1368988574020820e+07 2.5176120669960891e+01 1.3404940725242383e+01 3.8335093242006271e+00 1.2763353027834316e+03 9.1123887585253263e-02 3.4619351198610211e-02 5.4822204670927924e-02 0
991 10 1 1.2319248415200000e+08 1.4802569525643998e+08 1.1870181165445365e+08 2.4787028684303030e+07 -1.5162493967668455e+01 1.7888076839379419e+01 -1.5647776001641962e+00 1.2588127290763782e+03 -4.5473699161492406e-03 -4.9952719437150782e-03 2.0886950639269927e-02 0
992 10 2 1.2319248615200000e+08 1.4802566493144649e+08 1.1870184743060277e+08 2.4787025554746896e+07 -1.5162499575179737e+01 1.7888072342714732e+01 -1.5647785391467712e+00 1.2588127290763782e+03 0.0000000000000000e+00 0.0000000000000000e+00 0.0000000000000000e+00 0
993 10 1 1.2320112615199998e+08 1.4789455631243801e+08 1.1885631641748910e+08 2.4773488347026985e+07 -1.5186714670248477e+01 1.7868633003230453e+01 -1.5688340665271019e+00 1.2588127290763782e+03 7.8476394883264980e-02 -3.3362777310978330e-02 1.3162756686820268e-01 0
994 10 1 1.3442448415200001e+08 -1.0204968667920426e+08 9.6935863065189153e+07 -8.7843835622410625e+06 -1.5935997181705050e+01 -2.7138348169862411e+01 -3.1250233877253075e+00 1.2239927385405419e+03 9.0062415105125526e-02 9.5348128366203364e-02 -5.7871569361966878e-03 0
995 10 3 1.3442448515200001e+08 -1.0204970261519898e+08 9.6935835926838756e+07 -8.7843866872642376e+06 -1.5935992352883973e+01 -2.7138352756704876e+01 -3.1250229720628777e+00 1.2239927385405419e+03 0.0000000000000000e+00 0.0000000000000000e+00 0.0000000000000000e+00 182
996 10 2 1.3442448615199998e+08 -1.0204971855465437e+08 9.6935808797314852e+07 -8.7843898123100679e+06 -1.5935987522435289e+01 -2.7138357341791568e+01 -3.1250225561109537e+00 1.2239927385407407e+03 0.0000000000000000e+00 0.0000000000000000e+00 0.0000000000000000e+00 0
997 10 1 1.3443312615199998e+08 -1.0218722509440047e+08 9.6701162252423346e+07 -8.8113744701776188e+06 -1.5894211769120552e+01 -2.7177964902275544e+01 -3.1214234205718983e+00 1.2239927385407407e+03 -4.2309418106780555e-01 -1.4538691371832990e-01 -1.2171898342198921e-01 0
998 10 1 1.4047248515199998e+08 -7.3253186722488150e+07 -9.7047750085874215e+07 -1.5651903812545447e+07 2.6922363233183692e+01 -2.3828017259826307e+01 1.4319922189981975e+00 1.1607386454655696e+03 -9.0542358474009446e-02 8.7069401608496369e-02 -4.4453269417339031e-01 0
999 10 2 1.4047248715199998e+08 -7.3253132877751246e+07 -9.7047797741894647e+07 -1.5651900948558759e+07 2.6922373785816340e+01 -2.3828003279412222e+01 1.4319944737647696e+00 1.1607386454655696e+03 0.0000000000000000e+00 0.0000000000000000e+00 0.0000000000000000e+00 0
1000 10 1 1.4048112715199995e+08 -7.3020326875392675e+07 -9.7253410645513102e+07 -1.5639486455758881e+07 2.6967876228719014e+01 -2.3767560479268969e+01 1.4417285322552269e+00 1.1607386454655696e+03 -1.4011147628007772e-01 1.2505974347701646e-01 -4.1402829790448309e-01 0
1001 10 1 1.4652048515199998e+08 1.0615929828548230e+08 -1.0853386286570041e+08 9.8656546818783245e+04 2.2724179163590467e+01 1.6121342825193626e+01 2.7272036113120439e+00 1.0964257964957912e+03 -3.4954945120624448e-01 -9.7658776328838778e-02 -2.3081192730453981e-01 0
1002 10 3 1.4652048615199998e+08 1.0615932100965941e+08 -1.0853384674435556e+08 9.8659274022387282e+04 2.2724175137531780e+01 1.6121346941306196e+01 2.7272036075704738e+00 1.0964257964957912e+03 0.0000000000000000e+00 0.0000000000000000e+00 0.0000000000000000e+00 194
1003 10 2 1.4652048715199998e+08 1.0615934371414419e+08 -1.0853383054592358e+08 9.8662004463576595e+04 2.2724171110476526e+01 1.6121351075854953e+01 2.7272036056267899e+00 1.0964257964957922e+03 0.0000000000000000e+00 0.0000000000000000e+00 0.0000000000000000e+00 0
1004 10 1 1.4652912715199995e+08 1.0635553022542383e+08 -1.0839438854349263e+08 1.2222489287781162e+05 2.2689366778034941e+01 1.6156878204761210e+01 2.7271674306526137e+00 1.0964257964957922e+03 -2.8419779084629275e-02 -1.5742581899290928e-01 -1.1238408707836360e-01 0
1005 10 1 1.5904848615199998e+08 2.2469785503338102e+07 1.2617698564830536e+08 6.3279245374960937e+06 -3.2479044904019425e+01 -2.0909583695256830e+00 -2.5743818377479051e+00 1.0532220275279903e+03 -3.3410716995994856e-02 -1.5116737632071506e-02 -7.9256399409211531e-02 0
1006 10 2 1.5904848815199998e+08 2.2469720545245599e+07 1.2617698146637277e+08 6.3279193887316342e+06 -3.2479047726786405e+01 -2.0909742205331074e+00 -2.5743826326942991e+00 1.0532220275279903e+03 0.0000000000000000e+00 0.0000000000000000e+00 0.0000000000000000e+00 0
1007 10 1 1.5905712815199995e+08 2.2189049084908739e+07 1.2615861948860386e+08 6.3056618967163125e+06 -3.2491175529393331e+01 -2.1595000985096759e+00 -2.5778134877092231e+00 1.0532220275279903e+03 -1.4189685945046374e-01 -1.9067409792982848e-01 -1.3567665348577108e-03 0
1008 10 1 1.7157648615199998e+08 7.0255708114796549e+07 -1.4299627058438146e+08 7.6783280100881262e+05 2.6744665237764355e+01 4.4603654147944694e+00 2.2935821457234042e+00 1.0121908707684821e+03 -1.0802703395959216e-03 -1.5899081210537090e-02 3.0382324854226539e-02 0
1009 10 3 1.7157648715199998e+08 7.0255734859460577e+07 -1.4299626612401372e+08 7.6783509459094133e+05 2.6744662932380397e+01 4.4603701070998909e+00 2.2935821205275624e+00 1.0121908707684821e+03 0.0000000000000000e+00 0.0000000000000000e+00 0.0000000000000000e+00 66
1010 10 2 1.7157648815199998e+08 7.0255761672909990e+07 -1.4299626148198804e+08 7.6783739937173971e+05 2.6744660634949330e+01 4.4603748420468889e+00 2.2935820973298684e+00 1.0121908707685117e+03 0.0000000000000000e+00 0.0000000000000000e+00 0.0000000000000000e+00 0
1011 10 1 1.7158512815199998e+08 7.0486749434886098e+07 -1.4295754879383752e+08 7.8765300057143392e+05 2.6724722017939278e+01 4.5008851725913201e+00 2.2933617356612270e+00 1.0121908707685117e+03 -2.0442461987007238e-01 6.4147158580973154e-02 -6.2896313616980365e-02 0
1012 10 1 1.8151248715199998e+08 1.6969136023879561e+08 3.2882774950897276e+07 1.3318074339322200e+07 -9.3253236337357972e+00 2.2274521934241999e+01 -1.4530243193898704e-01 9.8489616259279080e+02 1.6506399024460622e-02 5.2569168352710567e-03 -6.5245276271683472e-03 0
1013 10 2 1.8151248915199998e+08 1.6969134158813974e+08 3.2882819499939378e+07 1.3318074048716659e+07 -9.3253322784802712e+00 2.2274520259063046e+01 -1.4530311041404001e-01 9.8489616259279080e+02 0.0000000000000000e+00 0.0000000000000000e+00 0.0000000000000000e+00 0
1014 10 1 1.8152112915199998e+08 1.6961060937159568e+08 3.3075240023423593e+07 1.3316805965165446e+07 -9.3626824272260354e+00 2.2267259633887775e+01 -1.4823506158833508e-01 9.8489616259279080e+02 -2.3048350739876958e-01 2.4505754535501359e-01 -8.7093661206765302e-02 0
1015 10 1 1.9144848715199998e+08 -9.6116144702400953e+07 5.5495688581282355e+07 -6.5576259206135347e+06 -2.1682059755371849e+01 -3.3342791417955105e+01 -2.1813163942478373e+00 9.2459772883732251e+02 -1.7338717434800072e-01 -5.8933491154893609e-02 2.2413227967405611e-02 0
1016 10 3 1.9144848815199998e+08 -9.6116166384456024e+07 5.5495655238488324e+07 -6.5576281019296078e+06 -2.1682050473768445e+01 -3.3342796776979448e+01 -2.1813157610005662e+00 9.2459772883732251e+02 0.0000000000000000e+00 0.0000000000000000e+00 0.0000000000000000e+00 279
1017 10 2 1.9144848915199998e+08 -9.6116188085775152e+07 5.5495621897057116e+07 -6.5576302851702003e+06 -2.1682041183759747e+01 -3.3342802130949700e+01 -2.1813151269005973e+00 9.2459772875156568e+02 0.0000000000000000e+00 0.0000000000000000e+00 0.0000000000000000e+00 0
1018 10 1 1.9145712915199998e+08 -9.6303174322947830e+07 5.5207340443248287e+07 -6.5764531935151462e+06 -2.1601791018504517e+01 -3.3388971776673941e+01 -2.1758374436049506e+00 9.2459772875156568e+02 6.8856834212473513e-03 4.7718794106383161e-02 9.9966275075397668e-02 0
1019 10 1 2.0268048815199998e+08 4.5134125198812880e+07 -1.9147348104258886e+08 -3.2454702965853396e+06 2.3905121930363173e+01 8.2331944948518148e-04 3.5402396029097161e-01 8.6938912671165542e+02 2.2172563676917503e-01 6.6762187992930211e-02 -3.2580038260817218e-01 0
1020 10 2 2.0268049015199998e+08 4.5134173009055063e+07 -1.9147348104093558e+08 -3.2454695885373070e+06 2.3905120357406105e+01 8.2999243594011408e-04 3.5402407339789826e-01 8.6938912671165542e+02 0.0000000000000000e+00 0.0000000000000000e+00 0.0000000000000000e+00 0
1021 10 1 2.0268913015199998e+08 4.5340683856074378e+07 -1.9147334936582226e+08 -3.2424087108674333e+06 2.3898312090906742e+01 2.9646891209370745e-02 3.5451228880525093e-01 8.6938912671165542e+02 2.2455672318958278e-01 1.4413202688525012e-01 -3.1311537249851096e-01 0
1022 10 1 2.1391248815199998e+08 2.1884790674683502e+08 -3.5952513914577715e+07 -1.0811440377690829e+07 3.1724323989733083e+00 2.1991565239041883e+01 -8.4677738703131700e-01 8.1169165927481299e+02 -4.2625768896731812e-03 -5.6432230229486804e-03 5.5813411610522159e-03 0
1023 10 3 2.1391248915199998e+08 2.1884790991926607e+08 -3.5952491923012301e+07 -1.0811441224468147e+07 3.1724297460027500e+00 2.1991565674873929e+01 -8.4677725597027853e-01 8.1169165927481299e+02 0.0000000000000000e+00 0.0000000000000000e+00 0.0000000000000000e+00 231
1024 10 2 2.1391249015199998e+08 2.1884791316520774e+08 -3.5952470093228169e+07 -1.0811442076430231e+07 3.1724271106201716e+00 2.1991566100138474e+01 -8.4677712566240948e-01 8.1169165914131543e+02 0.0000000000000000e+00 0.0000000000000000e+00 0.0000000000000000e+00 0
1025 10 1 2.1392113015199998e+08 2.1887522390820098e+08 -3.5762446723203860e+07 -1.0818753337790221e+07 3.1495034849786849e+00 2.1995321820895558e+01 -8.4564434911650266e-01 8.1169165914131543e+02 1.1226233909240053e-03 -4.8619973641759399e-04 -3.8918908780790841e-03 0
1026 10 1 2.2255248915199998e+08 1.4613668451648906e+08 1.4091837460477546e+08 -1.0458707869582616e+07 -1.9528183784229608e+01 1.5249037151884679e+01 1.2252016004943920e+00 7.9581002290571064e+02 2.8439796518098349e-02 6.7377962015508483e-02 1.2797938469468434e-01 0
1027 10 2 2.2255249115199998e+08 1.4613664546011692e+08 1.4091840510284525e+08 -1.0458705419179091e+07 -1.9528188401744394e+01 1.5249032699252965e+01 1.2252019309606212e+00 7.9581002290571064e+02 0.0000000000000000e+00 0.0000000000000000e+00 0.0000000000000000e+00 0
1028 10 1 2.2256113115199998e+08 1.4596783575866956e+08 1.4105007361019063e+08 -1.0448113508359073e+07 -1.9548129033245505e+01 1.5229784004585696e+01 1.2266291434860357e+00 7.9581002290571064e+02 1.6227411428291125e-02 3.5580315282117407e-02 9.0284789490655742e-02 0
1029 10 1 2.3119248915199998e+08 -7.2479459630514517e+07 1.5592220778370708e+08 6.5597896989694079e+06 -2.5000474997825130e+01 -1.4750358097621234e+01 2.0700206238004650e+00 7.8201275791087699e+02 1.4851052274873253e-02 3.3732478895884668e-02 3.8796235068333722e-03 0
1030 10 3 2.3119249015199998e+08 -7.2479484630988523e+07 1.5592219303334698e+08 6.5597917689899420e+06 -2.5000473109780632e+01 -1.4750362159296133e+01 2.0700204529220572e+00 7.8201275791087699e+02 0.0000000000000000e+00 0.0000000000000000e+00 0.0000000000000000e+00 87
1031 10 2 2.3119249115199998e+08 -7.2479509617731288e+07 1.5592217830696759e+08 6.5597938222145494e+06 -2.5000471216173626e+01 -1.4750366218402196e+01 2.0700202810692949e+00 7.8201275791283445e+02 0.0000000000000000e+00 0.0000000000000000e+00 0.0000000000000000e+00 0
1032 10 1 2.3120113115199998e+08 -7.2695443138352603e+07 1.5579458356200525e+08 6.5776724127578596e+06 -2.4984130807014687e+01 -1.4785452014303710e+01 2.0685415716387956e+00 7.8201275791283445e+02 2.4452761370970535e-01 -3.3785083701719915e-01 -2.1354619574830916e-01 0
1033 10 1 2.3594449015199998e+08 -1.5425547085836938e+08 4.1566727082773961e+07 9.9271727281060740e+06 -7.0697356799313367e+00 -3.1273547039454790e+01 -9.0464329809620703e-01 7.2664330346301324e+02 5.1122646118930540e-02 -3.4146674150491241e-01 -3.1015808436131731e-01 0
1034 10 2 2.3594449215199998e+08 -1.5425548499783072e+08 4.1566664535677321e+07 9.9271709188188389e+06 -7.0697256963632160e+00 -3.1273549729692732e+01 -9.0464394059265163e-01 7.2664330346301324e+02 0.0000000000000000e+00 0.0000000000000000e+00 0.0000000000000000e+00 0
1035 10 1 2.3595313215199998e+08 -1.5431638107223925e+08 4.1296410964873061e+07 9.9193428069155719e+06 -7.0265834037755042e+00 -3.1285135045748859e+01 -9.0741873692882491e-01 7.2664330346301324e+02 4.7683604096049520e-02 -3.4882985656031318e-01 -2.9218411177309139e-01 0
1036 10 1 2.4069649015199998e+08 -1.3000645810755043e+08 -1.0941987244818668e+08 -1.5113760320066789e+06 1.6146347791325013e+01 -2.8744713672377536e+01 -3.6034393803942124e+00 6.7171334000384888e+02 1.2902101262262822e-01 -3.4596002143762988e-01 -2.6367274678217933e-01 0
1037 10 3 2.4069649115199998e+08 -1.3000644196120091e+08 -1.0941990119289881e+08 -1.5113796354460316e+06 1.6146351307381163e+01 -2.8744710713090015e+01 -3.6034393395186304e+00 6.7171334000384888e+02 0.0000000000000000e+00 0.0000000000000000e+00 0.0000000000000000e+00 30
1038 10 2 2.4069649215199998e+08 -1.3000642584211539e+08 -1.0941992991038559e+08 -1.5113832362525144e+06 1.6146354820937717e+01 -2.8744707752036547e+01 -3.6034392984951533e+00 6.7171334000384888e+02 0.0000000000000000e+00 0.0000000000000000e+00 0.0000000000000000e+00 0
1039 10 1 2.4070513215199998e+08 -1.2986679018865865e+08 -1.0966817368177420e+08 -1.5425154161226428e+06 1.6176702894364379e+01 -2.8719122583209430e+01 -3.6030826638818061e+00 6.7171334000384888e+02 7.5585798486369783e-04 7.8181355227092374e-03 -6.9227213720743121e-03 0
1040 10 1 2.5322449115199998e+08 1.5433066933330747e+08 -2.4044345292631915e+08 -2.4430808272127647e+07 2.0737167153787656e+01 3.3236246266187139e+00 6.8328714065371621e-01 6.3639879184251447e+02 -2.0797858233856634e-02 7.4001711193453321e-02 2.1008593680930474e-01 0
1041 10 2 2.5322449315199998e+08 1.5433071080763996e+08 -2.4044344627906719e+08 -2.4430806905553088e+07 2.0737165416525748e+01 3.3236273332303776e+00 6.8328741566519557e-01 6.3639879184251447e+02 0.0000000000000000e+00 0.0000000000000000e+00 0.0000000000000000e+00 0
1042 10 1 2.5323313315199998e+08 1.5450984749094030e+08 -2.4041467964170718e+08 -2.4424898171607025e+07 2.0729658910344451e+01 3.3353148033077895e+00 6.8447487526042972e-01 6.3639879184251447e+02 -1.9395156177639011e-02 7.3116667158355533e-02 1.9767262683231115e-01 0
1043 10 1 2.6575249115199998e+08 3.3758603124880564e+08 -1.1918135898495953e+08 7.0557632698218031e+06 8.3637122697048234e+00 1.3818516789755273e+01 3.3843148118627591e+00 6.0010000000017487e+02 -1.2639864071364495e-02 1.8918172942125194e-02 5.7342412085752553e-03 0
1044 10 3 2.6575249215199998e+08 3.3758603961251742e+08 -1.1918134516644260e+08 7.0557666541365990e+06 8.3637112938818561e+00 1.3818517134259752e+01 3.3843147914674323e+00 6.0010000000017487e+02 0.0000000000000000e+00 0.0000000000000000e+00 0.0000000000000000e+00 72
1045 10 4 2.6575249315199998e+08 3.3758604799169588e+08 -1.1918133136036432e+08 7.0557700235006437e+06 8.3637103189536397e+00 1.3818517477529943e+01 3.3843147700055911e+00 6.0010000000000002e+02 0.0000000000000000e+00 0.0000000000000000e+00 0.0000000000000000e+00 0
1046 11 0 0.0000000000000000e+00 -1.9500328646873634e+07 1.4581848347052613e+08 -7.6372048832368055e+03 -2.9257695945988687e+01 -5.7653073192678592e+00 -3.5394091657555644e+00 1.7198914144935457e+03 0.0000000000000000e+00 0.0000000000000000e+00 0.0000000000000000e+00 0
1047 11 2 1.0008480152000001e+07 -9.6911325310740039e+07 -9.9434384127998456e+07 -1.2985933183526475e+07 2.1717228105003766e+01 -2.2900306351773700e+01 2.2001791585212245e+00 1.7198914144935457e+03 0.0000000000000000e+00 0.0000000000000000e+00 0.0000000000000000e+00 0
1048 11 1 1.0017120152000001e+07 -9.6723511581372827e+07 -9.9632061053707302e+07 -1.2966899930475282e+07 2.1758157668624882e+01 -2.2858228684594369e+01 2.2056649385755556e+00 1.7198914144935457e+03 1.1254506868518569e-02 2.2349097892203065e-03 -1.5293033431552703e-03 0
1049 11 1 4.0248479152000003e+07 -1.1038490275826041e+08 -8.3154567503405809e+07 -1.4237649226201570e+07 1.8396983674994011e+01 -2.5858132883970089e+01 1.7631586397091097e+00 1.7158175386823436e+03 -2.9418177820305339e-03 -4.0317983262650527e-04 2.6529393745715430e-03 0
1050 11 2 4.0248481151999995e+07 -1.1038486596428221e+08 -8.3154619219663262e+07 -1.4237645699882887e+07 1.8396994600469682e+01 -2.5858124653644971e+01 1.7631600488972594e+00 1.7158175386823436e+03 0.0000000000000000e+00 0.0000000000000000e+00 0.0000000000000000e+00 0
1051 11 1 4.0257121152000003e+07 -1.1022571214192058e+08 -8.3377879687998921e+07 -1.4222385708730372e+07 1.8444155643655911e+01 -2.5822524157524541e+01 1.7692440942617247e+00 1.7158175386823436e+03 5.7491979008696036e-02 2.3829586608522819e-02 -8.7150788917356517e-02 0
1052 11 1 7.0488479152000010e+07 -1.2200454626585820e+08 -3.9324316432064109e+07 -1.0039180396358568e+07 1.2761639290788812e+01 -3.1380531606951696e+01 8.6951450596154145e-01 1.5980675922071205e+03 1.4645473581250237e-01 -6.6700348728385359e-02 2.4810023910355358e-01 0
1053 11 3 7.0488480152000010e+07 -1.2200453350421514e+08 -3.9324347812594421e+07 -1.0039179526843753e+07 1.2761646907857406e+01 -3.1380529151828831e+01 8.6951513273430325e-01 1.5980675922071205e+03 0.0000000000000000e+00 0.0000000000000000e+00 0.0000000000000000e+00 99
1054 11 2 7.0488481152000010e+07 -1.2200452096364892e+08 -3.9324378719831601e+07 -1.0039178664520986e+07 1.2761654424728659e+01 -3.1380526720733133e+01 8.6951574919906660e-01 1.5980675922071212e+03 0.0000000000000000e+00 0.0000000000000000e+00 0.0000000000000000e+00 0
1055 11 1 7.0497121152000010e+07 -1.2189397600039834e+08 -3.9595414607114926e+07 -1.0031642656073876e+07 1.2827453193211843e+01 -3.1359235786094956e+01 8.7493044158409505e-01 1.5980675922071212e+03 -2.6173518705199644e-01 -1.3032566916578850e-01 9.3592738613979348e-02 0
1056 11 1 7.9128480152000010e+07 1.1223961103333274e+08 -8.5895384983045071e+07 8.4786437460843381e+06 2.0055121593939216e+01 2.1798475790460724e+01 1.3989870415918944e+00 1.5239982451809874e+03 -2.9513523327783781e-01 -1.8053511438872760e-01 -2.2181871362015024e-01 0
1057 11 2 7.9128482152000010e+07 1.1223965114356534e+08 -8.5895341386085540e+07 8.4786465440576244e+06 2.0055111098681213e+01 2.1798483822329583e+01 1.3989862487741755e+00 1.5239982451809874e+03 0.0000000000000000e+00 0.0000000000000000e+00 0.0000000000000000e+00 0
1058 11 1 7.9137122152000010e+07 1.1241273136896208e+08 -8.5706852726738796e+07 8.4907189848275054e+06 2.0009748055152009e+01 2.1833134685753361e+01 1.3955597012238696e+00 1.5239982451809874e+03 -1.3485927845595438e-01 -2.9440261168776510e-01 -2.3531774325691873e-01 0
1059 11 1 8.7768480152000010e+07 6.4255083493876338e+07 1.1719878149024384e+08 1.9260763534815754e+06 -2.9175012558487964e+01 1.0531524548927344e+01 -2.2750306759571925e+00 1.4536154363417315e+03 -3.1445270521799190e-01 -3.2870327094595482e-02 1.0607204098398347e-02 0
1060 11 3 8.7768481152000010e+07 6.4255054318862051e+07 1.1719879202176511e+08 1.9260740784508504e+06 -2.9175016128797477e+01 1.0531518036819419e+01 -2.2750307829788605e+00 1.4536154363417315e+03 0.0000000000000000e+00 0.0000000000000000e+00 0.0000000000000000e+00 177
1061 11 2 8.7768482151999995e+07 6.4255025185614966e+07 1.1719880259634058e+08 1.9260718060656905e+06 -2.9175019684092874e+01 1.0531511531542721e+01 -2.2750308892346665e+00 1.4536154363417320e+03 0.0000000000000000e+00 0.0000000000000000e+00 0.0000000000000000e+00 0
1062 11 1 8.7777122151999995e+07 6.4002819887347475e+07 1.1728955165411113e+08 1.9064115569771796e+06 -2.9205821010837951e+01 1.0475198757349739e+01 -2.2759512657933314e+00 1.4536154363417320e+03 9.5339979960939514e-02 -1.3117831303409205e-01 -3.1688975943349751e-01 0
1063 11 1 9.5112481152000010e+07 -1.0686500801508553e+08 -1.7299486996279206e+07 -8.5902417668773085e+06 4.1263781682102119e+00 -3.7984054994377352e+01 1.4236162652297757e+00 1.4057743443887584e+03 -4.8041460922595078e-02 -2.5965859562355281e-01 1.8783542958644905e-01 0
1064 11 2 9.5112483151999995e+07 -1.0686499976230706e+08 -1.7299562964385457e+07 -8.5902389196430035e+06 4.1264003159760714e+00 -3.7984051409051808e+01 1.4236180455565890e+00 1.4057743443887584e+03 0.0000000000000000e+00 0.0000000000000000e+00 0.0000000000000000e+00 0
1065 11 1 9.5121123151999995e+07 -1.0682893444126160e+08 -1.7627677844681650e+07 -8.5779056554164570e+06 4.2220410701921232e+00 -3.7968419401207370e+01 1.4313018123865124e+00 1.4057743443887584e+03 3.4585187733015998e-02 -2.7995253802695946e-01 1.8841017012280681e-01 0
1066 11 1 1.0245648115200001e+08 7.5211031547586963e+07 -1.3322920915639660e+08 1.2055354410342559e+07 2.6770428956266517e+01 8.0531009310427901e+00 2.3541621961247921e+00 1.3683233261902731e+03 -3.1523307191919606e-02 -4.1609710031483033e-02 4.5656698861632879e-02 0
1067 11 3 1.0245648215200000e+08 7.5211058318014488e+07 -1.3322920110329324e+08 1.2055356764504530e+07 2.6770426194734554e+01 8.0531058228337269e+00 2.3541617534870145e+00 1.3683233261902731e+03 0.0000000000000000e+00 0.0000000000000000e+00 0.0000000000000000e+00 155
1068 11 2 1.0245648315200000e+08 7.5211085153447345e+07 -1.3322919286911975e+08 1.2055359118004540e+07 2.6770423439547276e+01 8.0531107552130461e+00 2.3541613096758356e+00 1.3683233261901819e+03 0.0000000000000000e+00 0.0000000000000000e+00 0.0000000000000000e+00 0
1069 11 1 1.0246512315200000e+08 7.5442278469333142e+07 -1.3315943150379378e+08 1.2075682546937520e+07 2.6746539854681188e+01 8.0953422540289317e+00 2.3503357339401068e+00 1.3683233261901819e+03 4.5414725597028277e-02 -1.3956822605224700e-01 1.9799178009096852e-01 0
1070 11 1 1.1628048215200000e+08 7.2508434540863767e+07 1.2402484573103440e+08 1.2238163182646938e+07 -2.8898057711720277e+01 7.7494267135798136e+00 -2.4821132928300198e+00 1.2824218393119154e+03 -1.9838411906346970e-01 2.3556376594648910e-02 2.1896479284631248e-01 0
1071 11 2 1.1628048415200000e+08 7.2508376744742036e+07 1.2402486122987682e+08 1.2238158218419276e+07 -2.8898064132191024e+01 7.7494157314331726e+00 -2.4821143764940730e+00 1.2824218393119154e+03 0.0000000000000000e+00 0.0000000000000000e+00 0.0000000000000000e+00 0
1072 11 1 1.1628912415200000e+08 7.2258577728908837e+07 1.2409161109242120e+08 1.2216692528467473e+07 -2.8925772897488276e+01 7.7019255811894132e+00 -2.4867950984259872e+00 1.2824218393119154e+03 -4.0893126798196532e-02 -1.4884787024058484e-02 -1.1846290387501304e-02 0
1073 11 1 1.3010448215200000e+08 5.1319027209807917e+07 -1.4641922999395847e+08 -1.2376859587650867e+06 2.7770495494279700e+01 1.8129701080049379e+00 2.7748611067347597e+00 1.2716985254032995e+03 -1.0652788121637271e-02 -1.0425398287267391e-02 -7.3267022292369428e-03 0
1074 11 3 1.3010448315200000e+08 5.1319054980302453e+07 -1.4641922818098578e+08 -1.2376831839039633e+06 2.7770493670912654e+01 1.8129753102844630e+00 2.7748611507097287e+00 1.2716985254032995e+03 0.0000000000000000e+00 0.0000000000000000e+00 0.0000000000000000e+00 136
1075 11 2 1.3010448415200000e+08 5.1319082869676553e+07 -1.4641922621564654e+08 -1.2376803904216811e+06 2.7770491857971567e+01 1.8129805543333677e+00 2.7748611974597450e+00 1.2716985254032984e+03 0.0000000000000000e+00 0.0000000000000000e+00 0.0000000000000000e+00 0
1076 11 1 1.3011312415200000e+08 5.1558951784718581e+07 -1.4640336797714782e+08 -1.2137039595971291e+06 2.7754710964651718e+01 1.8578978626978611e+00 2.7752372265333927e+00 1.2716985254032984e+03 -2.7766959144365388e-01 1.2199702303060543e-01 3.5845478551154758e-01 0
1077 11 1 1.4133648315200001e+08 1.4827943641001225e+08 5.7833340763943873e+07 2.6223016406951793e+07 -1.5136759220638847e+01 2.2469888954571822e+01 5.1415072700260994e-02 1.1847016122766127e+03 -9.2062293577817991e-02 1.5711162005979129e-01 4.9156818897691792e-03 0
1078 11 2 1.4133648515200001e+08 1.4827940613648447e+08 5.7833385703718036e+07 2.6223016509780280e+07 -1.5136768598057879e+01 2.2469885297100838e+01 5.1413414316302551e-02 1.1847016122766127e+03 0.0000000000000000e+00 0.0000000000000000e+00 0.0000000000000000e+00 0
1079 11 1 1.4134512515199998e+08 1.4814844944729215e+08 5.8027457157664202e+07 2.6223429762379505e+07 -1.5177280211856342e+01 2.2454051052141399e+01 4.4245766990837682e-02 1.1847016122766127e+03 -7.3474449750016976e-02 8.3650310858703433e-02 -5.3837631413316475e-02 0
1080 11 1 1.5256848315200001e+08 -1.2150638786988111e+08 -2.2193778376448441e+07 -2.4151582835469384e+07 8.6620703175800084e-01 -3.4690206707586796e+01 -3.9223771714871751e+00 1.1065383701762969e+03 -5.8798548061020209e-02 1.8771819098628528e-01 -3.9338713411732601e-01 0
1081 11 3 1.5256848415200001e+08 -1.2150638700367004e+08 -2.2193813066654343e+07 -2.4151586757845744e+07 8.6621512069998519e-01 -3.4690205230098002e+01 -3.9223755636641431e+00 1.1065383701762969e+03 0.0000000000000000e+00 0.0000000000000000e+00 0.0000000000000000e+00 10
1082 11 2 1.5256848515200001e+08 -1.2150638611285929e+08 -2.2193847718309689e+07 -2.4151590672937356e+07 8.6622322105133931e-01 -3.4690203752557899e+01 -3.9223739541169467e+00 1.1065383701762983e+03 0.0000000000000000e+00 0.0000000000000000e+00 0.0000000000000000e+00 0
1083 11 1 1.5257712515200001e+08 -1.2149860015752982e+08 -2.2493515706409298e+07 -2.4185419969055828e+07 9.3606603468847105e-01 -3.4677360037349558e+01 -3.9084812667040589e+00 1.1065383701762983e+03 -1.5854585680042513e-01 -8.2679033229047821e-02 -3.6690846454160058e-03 0
1084 11 1 1.6120848415200001e+08 3.7771321820703037e+07 -1.7397397356041425e+08 -1.6743755907770878e+07 2.2714286925075641e+01 1.8379910398382349e+00 3.1157865445313351e+00 1.0398915196327969e+03 -2.7190486897307214e-01 9.2249175711214854e-02 -3.8727313872909080e-01 0
1085 11 2 1.6120848615200001e+08 3.7771367249275044e+07 -1.7397396988442409e+08 -1.6743749676197022e+07 2.2714285171561720e+01 1.8379991164842873e+00 3.1157873218508589e+00 1.0398915196327969e+03 0.0000000000000000e+00 0.0000000000000000e+00 0.0000000000000000e+00 0
1086 11 1 1.6121712615200001e+08 3.7967585895992793e+07 -1.7395793886684710e+08 -1.6716814776769856e+07 2.2706691805170042e+01 1.8728817602139975e+00 3.1191419811318788e+00 1.0398915196327969e+03 -2.5688313359668535e-01 -7.8443337137995478e-02 -4.0016202887888103e-01 0
1087 11 1 1.6984848415200001e+08 1.4313348982378957e+08 -3.3066980895985145e+07 7.0774375644491110e+06 -5.0020694367078526e+00 2.7585687660213331e+01 2.0547746437604797e+00 9.7459683045701615e+02 -1.5033891940035291e-01 2.9646879970664373e-02 -4.4988385354470710e-03 0
1088 11 3 1.6984848515200001e+08 1.4313348482171714e+08 -3.3066953310296852e+07 7.0774396192236030e+06 -5.0020754077032210e+00 2.7585689039643896e+01 2.0547743485161325e+00 9.7459683045701615e+02 0.0000000000000000e+00 0.0000000000000000e+00 0.0000000000000000e+00 34
1089 11 2 1.6984848615199998e+08 1.4313347980783138e+08 -3.3066925727195248e+07 7.0774416727598757e+06 -5.0020813822263550e+00 2.7585690420316350e+01 2.0547740529804774e+00 9.7459683045718668e+02 0.0000000000000000e+00 0.0000000000000000e+00 0.0000000000000000e+00 0
1090 11 1 1.6985712615199998e+08 1.4309003883714822e+08 -3.2828533965660620e+07 7.0951838843031796e+06 -5.0537129109928500e+00 2.7597577212621442e+01 2.0522174683262056e+00 9.7459683045718668e+02 1.9717115179518849e-01 -6.8845815856697287e-02 3.2825051480647065e-02 0
1091 11 1 1.7719248515200001e+08 -7.2890097138308197e+07 3.1105145727112759e+07 -2.1212281935885353e+06 -2.4243883813913399e+01 -4.0100388987027316e+01 -5.2446308947072016e+00 9.3130564679120971e+02 2.3728644401722870e-01 -7.7842572052181175e-02 3.1059774095051042e-02 0
1092 11 2 1.7719248715199998e+08 -7.2890145626036897e+07 3.1105065526318375e+07 -2.1212386828491744e+06 -2.4243844985227931e+01 -4.0100405556767363e+01 -5.2446297647227214e+00 9.3130564679120971e+02 0.0000000000000000e+00 0.0000000000000000e+00 0.0000000000000000e+00 0
1093 11 1 1.7720112715199998e+08 -7.3098887647608027e+07 3.0758290165052183e+07 -2.1665310611974485e+06 -2.4076048905333039e+01 -4.0171509906815942e+01 -5.2397015277765089e+00 9.3130564679120971e+02 8.2471020771204273e-02 -8.7478278157963399e-02 -7.3997884981330305e-03 0
1094 11 1 1.8453648515200001e+08 3.4061554015328318e+07 -1.5265041065053958e+08 -1.1782145611002622e+07 2.6145869192207385e+01 -1.9966740865243935e+00 1.4665356515207033e+00 8.8088771398357608e+02 3.7147809956729938e-01 -1.9903272245932832e-01 -2.6071876980541628e-02 0
1095 11 3 1.8453648615199998e+08 3.4061580161196873e+07 -1.5265041264721102e+08 -1.1782144144466771e+07 2.6145868020705620e+01 -1.9966688363189038e+00 1.4665360567517216e+00 8.8088771398357608e+02 0.0000000000000000e+00 0.0000000000000000e+00 0.0000000000000000e+00 94
1096 11 2 1.8453648715199998e+08 3.4061606482624024e+07 -1.5265041450283855e+08 -1.1782142653244579e+07 2.6145866861567299e+01 -1.9966635402366983e+00 1.4665364669964440e+00 8.8088771398357540e+02 0.0000000000000000e+00 0.0000000000000000e+00 0.0000000000000000e+00 0
1097 11 1 1.8454512715199998e+08 3.4287462967678219e+07 -1.5266746978667232e+08 -1.1769456664683936e+07 2.6135717819491376e+01 -1.9513273541040239e+00 1.4700336084235619e+00 8.8088771398357540e+02 -2.3204808735211693e-01 6.8686426851045035e-02 -2.5243521584014224e-02 0
1098 11 1 1.9188048615199998e+08 1.5686683697315305e+08 -6.0438231247207873e+07 3.9182261205669767e+06 3.9903405843259505e+00 2.2856107541098257e+01 2.2277947716991142e+00 8.5909990161633289e+02 2.1129294888175769e-02 4.7371786032662476e-03 -1.4478721300991024e-02 0
1099 11 2 1.9188048815199998e+08 1.5686684495382541e+08 -6.0438185534989506e+07 3.9182305761562926e+06 3.9903318272093342e+00 2.2856110915070960e+01 2.2277945529633869e+00 8.5909990161633289e+02 0.0000000000000000e+00 0.0000000000000000e+00 0.0000000000000000e+00 0
1100 11 1 1.9188912815199998e+08 1.5690115794270700e+08 -6.0240645824506477e+07 3.9374746313392250e+06 3.9524839685631625e+00 2.2870667639776119e+01 2.2268469684518091e+00 8.5909990161633289e+02 -1.8755842114432153e-02 1.6597353147336372e-01 -2.4228825350013732e-02 0
1101 11 1 1.9922448615199998e+08 2.9367806929227870e+07 9.5216811489590377e+07 9.6113212272097208e+06 -4.1582312623916529e+01 3.1809106323759906e+00 -2.1278641819089752e+00 8.1503479344435016e+02 -3.4611835884719333e-01 8.8435721024936825e-02 3.8890532714174423e-03 0
1102 11 3 1.9922448715199998e+08 2.9367765346913382e+07 9.5216814670494705e+07 9.6113190993449092e+06 -4.1582316509092280e+01 3.1808980357828620e+00 -2.1278654534269523e+00 8.1503479344435016e+02 0.0000000000000000e+00 0.0000000000000000e+00 0.0000000000000000e+00 135
1103 11 2 1.9922448815199998e+08 2.9367723705637485e+07 9.5216817842824519e+07 9.6113169675589278e+06 -4.1582320403092531e+01 3.1808854245664704e+00 -2.1278667267024023e+00 8.1503479344402103e+02 0.0000000000000000e+00 0.0000000000000000e+00 0.0000000000000000e+00 0
1104 11 1 1.9923312815199998e+08 2.9008307918996550e+07 9.5243830101887628e+07 9.5928847318036258e+06 -4.1615723306197246e+01 3.0719031147008979e+00 -2.1388554393361687e+00 8.1503479344402103e+02 -1.3714919278213281e-01 2.7772061892739092e-01 4.3388567240275996e-02 0
1105 11 1 2.0527248715199998e+08 -1.1028963735842209e+08 -6.4341443976303831e+07 -1.1878862404459408e+07 6.1130164918283061e+00 -3.1628717928116039e+01 -2.4571983269466005e+00 7.5948449132429516e+02 1.3867779858765439e-02 4.2451031007706391e-01 -3.3948947591610185e-02 0
1106 11 2 2.0527248915199998e+08 -1.1028962513237524e+08 -6.4341507233731456e+07 -1.1878867318854555e+07 6.1130303733145723e+00 -3.1628709829845153e+01 -2.4571968318260025e+00 7.5948449132429516e+02 0.0000000000000000e+00 0.0000000000000000e+00 0.0000000000000000e+00 0
1107 11 1 2.0528112915199998e+08 -1.1023654971861629e+08 -6.4614628050057866e+07 -1.1900069600709803e+07 6.1729183762053248e+00 -3.1593689412150592e+01 -2.4507392199096931e+00 7.5948449132429516e+02 -2.6473464512963846e-01 3.3706315574897561e-01 -4.6595263565568167e-02 0
1108 11 1 2.1132048715199998e+08 -6.1733149209797308e+06 -1.6129637629453883e+08 -1.5282076561991254e+07 2.2235157243933283e+01 9.8806329111198049e-02 1.1830088143078170e+00 7.0681391169119615e+02 -6.0930331001416262e-03 2.7607972087584404e-01 5.2870412603993645e-02 0
1109 11 3 2.1132048815199998e+08 -6.1732926858224347e+06 -1.6129637619572997e+08 -1.5282075378982203e+07 2.2235157436148906e+01 9.8811351330229391e-02 1.1830092901395410e+00 7.0681391169119615e+02 0.0000000000000000e+00 0.0000000000000000e+00 0.0000000000000000e+00 129
1110 11 2 2.1132048915199998e+08 -6.1732703364661895e+06 -1.6129637605674314e+08 -1.5282074185746500e+07 2.2235157635537149e+01 9.8816392536489384e-02 1.1830097681025067e+00 7.0681391169119718e+02 0.0000000000000000e+00 0.0000000000000000e+00 0.0000000000000000e+00 0
1111 11 1 2.1132912915199998e+08 -5.9811514741483424e+06 -1.6129533481955579e+08 -1.5271835223987093e+07 2.2236792666067458e+01 1.4221191894371923e-01 1.1871199263162593e+00 7.0681391169119718e+02 -1.1554394229748169e-02 -2.3607267171064372e-02 -2.2512330926004676e-02 0
1112 11 1 2.2125648815199998e+08 2.2094520067778833e+07 6.4107836407446176e+07 5.4505116801154427e+06 -5.0728636611914993e+01 1.3188746938915648e+01 -1.0519540146429580e+00 6.8492560943201750e+02 -5.7482147667635528e-02 -1.6923986789416159e-02 -1.2913351246551608e-01 0
1113 11 2 2.2125649015199998e+08 2.2094418610487185e+07 6.4107862784885943e+07 5.4505095762028219e+06 -5.0728655240454763e+01 1.3188692887577877e+01 -1.0519586101393412e+00 6.8492560943201750e+02 0.0000000000000000e+00 0.0000000000000000e+00 0.0000000000000000e+00 0
1114 11 1 2.2126513015199998e+08 2.1655777496804822e+07 6.4220803241460770e+07 5.4413348939975332e+06 -5.0808393781513971e+01 1.2954802060756510e+01 -1.0718099921408315e+00 6.8492560943201750e+02 -6.1601579488266875e-02 -3.6876311695259831e-02 7.5005280437144328e-02 0
1115 11 1 2.3119248815199998e+08 -3.8470670683026791e+07 -1.6169165510473621e+08 -1.1230804463729989e+07 2.0084043534180331e+01 -7.9850146042039434e+00 3.4839847384464706e-01 6.7123233957361322e+02 -5.3986231896565760e-03 -1.9252239883429972e-04 1.1882043254496243e-03 0
1116 11 3 2.3119248915199998e+08 -3.8470650598982751e+07 -1.6169166308974844e+08 -1.1230804115331354e+07 2.0084044638613381e+01 -7.9850099622869823e+00 3.4839879626363401e-01 6.7123233957361322e+02 0.0000000000000000e+00 0.0000000000000000e+00 0.0000000000000000e+00 103
1117 11 2 2.3119249015199998e+08 -3.8470630159033395e+07 -1.6169167102391523e+08 -1.1230803752807291e+07 2.0084045778535625e+01 -7.9850052545485681e+00 3.4839912466204154e-01 6.7123233957397053e+02 0.0000000000000000e+00 0.0000000000000000e+00 0.0000000000000000e+00 0
1118 11 1 2.3120113015199998e+08 -3.8297062849366225e+07 -1.6176048821380088e+08 -1.1227781553149479e+07 2.0093564266212560e+01 -7.9449001704583697e+00 3.5118378215003171e-01 6.7123233957397053e+02 8.6296062054360724e-03 6.0464261781483924e-03 9.9951763930724736e-03 0
1119 11 1 2.5884048915199998e+08 6.9380670785800904e+07 -1.2219835594375047e+08 -3.4369555234014695e+06 1.7653158458595193e+01 2.1209763505889473e+01 2.2031199462402453e+00 6.3352284181576545e+02 4.3847231765609257e-02 8.0718110422270187e-02 2.2305042642431713e-02 0
1120 11 3 2.5884049015199998e+08 6.9380688438957676e+07 -1.2219833473398408e+08 -3.4369533202814455e+06 1.7653155143178502e+01 2.1209769345244691e+01 2.2031201104781295e+00 6.3352284181576545e+02 0.0000000000000000e+00 0.0000000000000000e+00 0.0000000000000000e+00 130
1121 11 2 2.5884049115199998e+08 6.9380706092111111e+07 -1.2219831352421187e+08 -3.4369511171612577e+06 1.7653151827760279e+01 2.1209775184600112e+01 2.2031202747159435e+00 6.3352284181576545e+02 0.0000000000000000e+00 0.0000000000000000e+00 0.0000000000000000e+00 0
1122 11 1 2.5884913115199998e+08 6.9533105411365986e+07 -1.2201484309180681e+08 -3.4179100354858465e+06 1.7624449237327394e+01 2.1260234863435240e+01 2.2045366352679401e+00 6.3352284181576545e+02 4.3253585423150380e-02 -1.7729314234181715e-02 -9.6090642828160742e-04 0
1123 11 1 2.8130449015200001e+08 9.1199483329338267e+07 -8.4231909949946225e+07 -3.0343415973127086e+05 1.3360475392010704e+01 2.8987055877367638e+01 2.4061479389965426e+00 6.0010000000000002e+02 7.1430518701885631e-02 2.0096865562774204e-02 -7.5239264809726612e-05 0
1124 11 3 2.8130449115200001e+08 9.1199496689810470e+07 -8.4231880962887481e+07 -3.0343175358332612e+05 1.3360469066487276e+01 2.8987061719624300e+01 2.4061479600424094e+00 6.0010000000000002e+02 0.0000000000000000e+00 0.0000000000000000e+00 0.0000000000000000e+00 170
1125 11 4 2.8130449215200001e+08 9.1199510050276354e+07 -8.4231851975822896e+07 -3.0342934743536031e+05 1.3360462740961413e+01 2.8987067561880341e+01 2.4061479810881137e+00 6.0010000000000002e+02 0.0000000000000000e+00 0.0000000000000000e+00 0.0000000000000000e+00 0
1126 12 0 0.0000000000000000e+00 -1.9500328646873634e+07 1.4581848347052613e+08 -7.6372048832368055e+03 -2.9411787760496512e+01 -4.3182058259427718e+00 -3.9451343943137887e+00 1.6012324016759778e+03 0.0000000000000000e+00 0.0000000000000000e+00 0.0000000000000000e+00 0
1127 12 2 1.0008480152000001e+07 -1.1443644538769445e+08 -8.7155583837118447e+07 -1.6583956677420061e+07 1.8158409050286195e+01 -2.4383682736550412e+01 1.9611888054053634e+00 1.6012324016759778e+03 0.0000000000000000e+00 0.0000000000000000e+00 0.0000000000000000e+00 0
1128 12 1 1.0017120152000001e+07 -1.1427937010701968e+08 -8.7366116540390074e+07 -1.6566984957364257e+07 1.8201599606139446e+01 -2.4350726164709549e+01 1.9674490091101624e+00 1.6012324016759778e+03 -1.4942256564470405e-01 2.0783031603270385e-01 -1.9206192313327322e-01 0
1129 12 1 3.8520479152000003e+07 -1.6152038167037955e+08 -6.4501267134025633e+07 -1.6022164784465384e+07 7.5554874521010129e+00 -2.3810130506847862e+01 9.7277952269544521e-01 1.4243864775614607e+03 -1.2249069686501622e-01 1.4030026296803050e-01 1.6649179705329317e-01 0
1130 12 2 3.8520481151999995e+07 -1.6152036655939662e+08 -6.4501314754283346e+07 -1.6022162838905543e+07 7.5554954983218678e+00 -2.3810127293682743e+01 9.7278032084781008e-01 1.4243864775614607e+03 0.0000000000000000e+00 0.0000000000000000e+00 0.0000000000000000e+00 0
1131 12 1 3.8529121152000003e+07 -1.6145493694949844e+08 -6.4706974230060831e+07 -1.6013743125366151e+07 7.5902437147838766e+00 -2.3796226053544007e+01 9.7622699489920184e-01 1.4243864775614607e+03 -6.9406038965437358e-02 1.1021361122040961e-01 -4.9134015091985075e-02 0
1132 12 1 6.7032479152000010e+07 -1.7475626185314766e+08 -3.3944975528965876e+07 -1.6147975519069996e+07 6.3190754134050198e-01 -2.4191857491110294e+01 2.6242840847990140e-01 1.3685719495694773e+03 -1.7256678865544939e-02 7.0423843108369929e-03 2.4753752530753341e-02 0
1133 12 3 6.7032480152000003e+07 -1.7475626122123805e+08 -3.3944999720822923e+07 -1.6147975256641401e+07 6.3191160186003381e-01 -2.4191856702387284e+01 2.6242878368344996e-01 1.3685719495694773e+03 0.0000000000000000e+00 0.0000000000000000e+00 0.0000000000000000e+00 161
1134 12 2 6.7032481152000003e+07 -1.7475626035103211e+08 -3.3945024153814241e+07 -1.6147974970775811e+07 6.3191570318362322e-01 -2.4191855937817849e+01 2.6242916256225729e-01 1.3685719495694789e+03 0.0000000000000000e+00 0.0000000000000000e+00 0.0000000000000000e+00 0
1135 12 1 6.7041121152000003e+07 -1.7475064907182568e+08 -3.4154012295377240e+07 -1.6145693581746379e+07 6.6698798651665125e-01 -2.4185022344736673e+01 2.6566976430345468e-01 1.3685719495694789e+03 3.5169601123134185e-03 -5.9285727506252349e-02 -3.7617043766227085e-02 0
1136 12 1 7.4376480152000010e+07 -7.8998269689508259e+07 -1.6405386419516981e+08 -8.1477907776164757e+06 2.2764400963793662e+01 -7.9502475324647914e+00 1.4811313140140527e+00 1.3339129181022656e+03 1.1899364974280491e-01 -1.3404313610949772e-01 -2.5043163575172239e-01 0
1137 12 2 7.4376482151999995e+07 -7.8998224160702959e+07 -1.6405388009565762e+08 -8.1477878153534969e+06 2.2764404426728319e+01 -7.9502403410667331e+00 1.4811316711771927e+00 1.3339129181022656e+03 0.0000000000000000e+00 0.0000000000000000e+00 0.0000000000000000e+00 0
1138 12 1 7.4385122152000010e+07 -7.8801475124939591e+07 -1.6412243592704698e+08 -8.1349841748071462e+06 2.2779348625829453e+01 -7.9191608605628563e+00 1.4826737082978347e+00 1.3339129181022656e+03 1.0158052993468807e-01 -8.8422092827038612e-02 -2.2004766420447580e-01 0
1139 12 1 8.1720480152000010e+07 9.7943385947837904e+07 -1.0817905244530268e+08 2.5056304365696078e+06 1.8200409023023695e+01 2.4724429575572508e+01 1.2629835304467991e+00 1.2995306080112239e+03 -1.4531868483907766e-02 -1.4583291678602398e-01 -2.2965475826579221e-02 0
1140 12 3 8.1720481152000010e+07 9.7943404148244798e+07 -1.0817902772087084e+08 2.5056316995530827e+06 1.8200404842222333e+01 2.4724434193291522e+01 1.2629834234916975e+00 1.2995306080112239e+03 0.0000000000000000e+00 0.0000000000000000e+00 0.0000000000000000e+00 263
1141 12 2 8.1720482151999995e+07 9.7943422355976269e+07 -1.0817900299728954e+08 2.5056329630124047e+06 1.8200400658403449e+01 2.4724438810440219e+01 1.2629833163726543e+00 1.2995306080111734e+03 0.0000000000000000e+00 0.0000000000000000e+00 0.0000000000000000e+00 0
1142 12 1 8.1729122151999995e+07 9.8100517630219400e+07 -1.0796521154194866e+08 2.5165411395471869e+06 1.8164229974028146e+01 2.4764318041802245e+01 1.2620567102289120e+00 1.2995306080111734e+03 3.8759429785739069e-01 9.8870366655052111e-02 -1.1234060630620183e-02 0
1143 12 1 8.6472481152000010e+07 1.1824721860735659e+08 4.3836582879751652e+07 5.4301218378764605e+06 -1.3011222040640526e+01 3.3182280486251528e+01 -3.6415736639923912e-01 1.2576148104655192e+03 2.1419487922067573e-01 1.4858190063560650e-01 -1.8542131052589103e-01 0
1144 12 2 8.6472483151999995e+07 1.1824719258489695e+08 4.3836649244306713e+07 5.4301211095610131e+06 -1.3011237645657136e+01 3.3182274701158178e+01 -3.6415808300928815e-01 1.2576148104655192e+03 0.0000000000000000e+00 0.0000000000000000e+00 0.0000000000000000e+00 0
1145 12 1 8.6481123151999995e+07 1.1813448434352416e+08 4.4123235893576801e+07 5.4269614120300617e+06 -1.3078623884979191e+01 3.3157199634182959e+01 -3.6725315354850047e-01 1.2576148104655192e+03 2.5132443984308517e-01 2.2160161129029798e-02 -1.8802953882417608e-01 0
1146 12 1 9.1224481152000010e+07 -2.9744315269284691e+06 1.4130037355063361e+08 -2.9703291855682479e+05 -3.1186778989124164e+01 5.0321462323892803e+00 -1.5943909750921443e+00 1.2171896200430388e+03 3.4153766953606085e-01 1.8659745107746620e-01 2.0719975347296166e-02 0
1147 12 3 9.1224482151999995e+07 -2.9744627137073264e+06 1.4130037858277652e+08 -2.9703451294778974e+05 -3.1186778849295422e+01 5.0321395898594350e+00 -1.5943909611285914e+00 1.2171896200430388e+03 0.0000000000000000e+00 0.0000000000000000e+00 0.0000000000000000e+00 260
1148 12 2 9.1224483151999995e+07 -2.9744938679986447e+06 1.4130038357929695e+08 -2.9703610627955332e+05 -3.1186778714918635e+01 5.0321329442259408e+00 -1.5943909474108127e+00 1.2171896200430383e+03 0.0000000000000000e+00 0.0000000000000000e+00 0.0000000000000000e+00 0
1149 12 1 9.1233123151999995e+07 -3.2439422612353833e+06 1.4134361333775380e+08 -3.1081111500283278e+05 -3.1185516523303303e+01 4.9747626416339710e+00 -1.5942675687335324e+00 1.2171896200430383e+03 9.5617650765068493e-02 -3.9104786860803369e-02 1.1071005420887763e-01 0
1150 12 1 1.0375248215200000e+08 -1.5320279078733695e+08 -7.9002589782003745e+07 -5.7004175113494331e+06 1.3481684661225351e+01 -2.2065827646110495e+01 6.3488219989085048e-01 1.1811696740045934e+03 3.0777503932195294e-02 -1.0475178865337008e-01 -4.9005468634855401e-02 0
1151 12 2 1.0375248415200000e+08 -1.5320276382395977e+08 -7.9002633913654864e+07 -5.7004162415847406e+06 1.3481692587832640e+01 -2.2065823558569200e+01 6.3488249482653492e-01 1.1811696740045934e+03 0.0000000000000000e+00 0.0000000000000000e+00 0.0000000000000000e+00 0
1152 12 1 1.0376112415200000e+08 -1.5308613409400296e+08 -7.9193206277262881e+07 -5.6949253538675262e+06 1.3515927364206574e+01 -2.2048141560769423e+01 6.3615618437913846e-01 1.1811696740045934e+03 1.9519226678970916e-01 -2.1226089502944412e-01 -2.3778705187764493e-01 0
1153 12 1 1.1628048215200000e+08 1.4145851707447916e+08 -4.0385516332452945e+07 5.3283133618831409e+04 9.5889114927924286e+00 3.0036408119903417e+01 4.1465001772927718e-01 1.1215655859950341e+03 -1.1308579458332396e-02 -1.0308542738784916e-02 3.5815448073128410e-03 0
1154 12 3 1.1628048315200000e+08 1.4145852666338769e+08 -4.0385486296044044e+07 5.3283548268847211e+04 9.5889055960852616e+00 3.0036409803375523e+01 4.1465001550815789e-01 1.1215655859950341e+03 0.0000000000000000e+00 0.0000000000000000e+00 0.0000000000000000e+00 45
1155 12 2 1.1628048415200000e+08 1.4145853622663808e+08 -4.0385456359308705e+07 5.3283960713884029e+04 9.5888997070260658e+00 3.0036411479980515e+01 4.1465001329890711e-01 1.1215655859951714e+03 0.0000000000000000e+00 0.0000000000000000e+00 0.0000000000000000e+00 0
1156 12 1 1.1628912415200000e+08 1.4154116419638687e+08 -4.0125879067133121e+07 5.6866452071893742e+04 9.5379416456504309e+00 3.0050908675490160e+01 4.1463017919203937e-01 1.1215655859951714e+03 4.3965336548378905e-02 5.3427626423824148e-02 -1.0603730463904515e-03 0
1157 12 1 1.2751248315200000e+08 -2.9665611262226272e+07 1.7629573690471691e+08 2.3584334378217584e+06 -2.5628010206746122e+01 -1.9981587864200292e+00 -5.3303714777203262e-02 1.0971265709195065e+03 1.1023810135040547e-01 3.8983819823137371e-03 2.0266963193961308e-02 0
1158 12 2 1.2751248515200000e+08 -2.9665662518245205e+07 1.7629573290839118e+08 2.3584333312142198e+06 -2.5628008829007062e+01 -1.9981669739914418e+00 -5.3303824308167047e-02 1.0971265709195065e+03 0.0000000000000000e+00 0.0000000000000000e+00 0.0000000000000000e+00 0
1159 12 1 1.2752112515199998e+08 -2.9887062741464421e+07 1.7627831596785524e+08 2.3579707424202119e+06 -2.5622035769031129e+01 -2.0335296944646144e+00 -5.3776873529665856e-02 1.0971265709195065e+03 2.1452616713020248e-01 8.5508064825644117e-02 2.4853908182490236e-02 0
1160 12 1 1.3874448315200001e+08 -1.5840573708992311e+08 -2.9101891104605362e+07 7.7048416102240561e+04 1.0400881352648906e+01 -2.5823885529211683e+01 -3.0833157123357846e-01 1.0660571630098748e+03 -1.6121534089168769e-02 -6.6705528523233401e-03 -2.0659296742991788e-03 0
1161 12 3 1.3874448415200001e+08 -1.5840572668903929e+08 -2.9101916928490378e+07 7.7048107770668707e+04 1.0400886384700453e+01 -2.5823884604735788e+01 -3.0833157368115927e-01 1.0660571630098748e+03 0.0000000000000000e+00 0.0000000000000000e+00 0.0000000000000000e+00 59
1162 12 2 1.3874448515200001e+08 -1.5840571645602337e+08 -2.9101942592741340e+07 7.7047801746965139e+04 1.0400891376172204e+01 -2.5823883673844765e+01 -3.0833157593854921e-01 1.0660568890197812e+03 0.0000000000000000e+00 0.0000000000000000e+00 0.0000000000000000e+00 0
1163 12 1 1.3875312515200001e+08 -1.5831566491368976e+08 -2.9325026343234420e+07 7.4383726602024894e+04 1.0444375424410358e+01 -2.5815861977674761e+01 -3.0835236657427323e-01 1.0660568890197812e+03 -3.4040910760277476e-01 -2.6219177991125359e-01 -4.0800157558954643e-02 0
1164 12 1 1.4349648415200001e+08 -5.6838835661215410e+07 -1.2336177749181125e+08 -2.1258185499943113e+06 3.0835292962438661e+01 -9.0175180126753833e+00 -6.5084408857591858e-01 1.0192906963789195e+03 -3.4351005272229279e-01 1.1390467970915484e-01 -1.9329272658455851e-01 0
1165 12 2 1.4349648615200001e+08 -5.6838773990623593e+07 -1.2336179552683419e+08 -2.1258198516822606e+06 3.0835298980762190e+01 -9.0175049506283411e+00 -6.5084386348554657e-01 1.0192906963789195e+03 0.0000000000000000e+00 0.0000000000000000e+00 0.0000000000000000e+00 0
1166 12 1 1.4350512615200001e+08 -5.6572244833116971e+07 -1.2343946287622802e+08 -2.1314389369735182e+06 3.0861248809199530e+01 -8.9610337811395091e+00 -6.4986975006203185e-01 1.0192906963789195e+03 -3.7082141412885650e-01 3.7004672354939171e-02 -1.7483072202057398e-01 0
1167 12 1 1.4824848415200001e+08 8.7277639538875788e+07 -7.9414277572473332e+07 -4.7654739027447663e+06 2.1636869813816865e+01 2.7673348247672681e+01 -2.1144460639940066e-01 9.7341831551027485e+02 -3.1228411905102960e-01 7.1904527791889147e-02 -1.3571801917398041e-01 0
1168 12 3 1.4824848515200001e+08 8.7277661175742030e+07 -7.9414249899121940e+07 -4.7654741141891796e+06 2.1636862781370912e+01 2.7673354646521826e+01 -2.1144422241864200e-01 9.7341831551027485e+02 0.0000000000000000e+00 0.0000000000000000e+00 0.0000000000000000e+00 81
1169 12 2 1.4824848615199998e+08 8.7277682766874149e+07 -7.9414222259540647e+07 -4.7654743260428924e+06 2.1636855747768205e+01 2.7673361042576570e+01 -2.1144383844638406e-01 9.7341831551027701e+02 0.0000000000000000e+00 0.0000000000000000e+00 0.0000000000000000e+00 0
1170 12 1 1.4825712615199998e+08 8.7464362478346854e+07 -7.9174885778768629e+07 -4.7672868642396070e+06 2.1576012958915445e+01 2.7728579586172639e+01 -2.0812466173132393e-01 9.7341831551027701e+02 6.2629921168523048e-02 5.2811581453839143e-02 2.8253197055331143e-02 0
1171 12 1 1.5688848515199998e+08 -2.0757823678252425e+07 1.3333045660452060e+08 3.3719044204423758e+06 -3.0770045857339774e+01 -7.3389897104758761e-01 9.4569609806675259e-01 9.5490425631163669e+02 8.4301179056829975e-02 -5.8732529683481474e-04 -5.5203092993151140e-02 0
1172 12 2 1.5688848715199998e+08 -2.0757885218341772e+07 1.3333045513670829e+08 3.3719063118342045e+06 -3.0770043616928859e+01 -7.3391336150440001e-01 9.4569573413445951e-01 9.5490425631163669e+02 0.0000000000000000e+00 0.0000000000000000e+00 0.0000000000000000e+00 0
1173 12 1 1.5689712715199995e+08 -2.1023696416056629e+07 1.3332384563843238e+08 3.3800703273956925e+06 -3.0760306831684989e+01 -7.9605456577265021e-01 9.4412225157077401e-01 9.5490425631163669e+02 2.3332988780190278e-01 9.1957891681120896e-02 -1.2438294487844158e-01 0
1174 12 1 1.6552848515199998e+08 -1.3067733624363489e+08 -4.0827931576278709e+07 1.2412929813205202e+06 1.2730771272731625e+01 -2.6531392660459840e+01 -1.0361579669699621e+00 9.2666261417755584e+02 -2.1513240418570830e-02 -1.0107270863871540e-02 1.9153560050694803e-02 0
1175 12 3 1.6552848615199998e+08 -1.3067732351286028e+08 -4.0827958107670255e+07 1.2412919451625231e+06 1.2730778030180982e+01 -2.6531390549207874e+01 -1.0361580311583791e+00 9.2666261417755584e+02 0.0000000000000000e+00 0.0000000000000000e+00 0.0000000000000000e+00 290
1176 12 2 1.6552848715199998e+08 -1.3067731077512424e+08 -4.0827984691203699e+07 1.2412909079370347e+06 1.2730784791939479e+01 -2.6531388433913904e+01 -1.0361580953806759e+00 9.2666261380861613e+02 0.0000000000000000e+00 0.0000000000000000e+00 0.0000000000000000e+00 0
1177 12 1 1.6553712715199995e+08 -1.3056706457728174e+08 -4.1057136916470326e+07 1.2323361112957494e+06 1.2789168034401969e+01 -2.6513088629493183e+01 -1.0367109046185827e+00 9.2666261380861613e+02 5.0755837781846440e-02 -5.1843219030515836e-03 -4.2942097834245588e-02 0
1178 12 1 1.7676048615199998e+08 8.7771069748243198e+07 7.5361893866767466e+07 3.1001898103518487e+05 -1.8068071254867526e+01 3.0345811488410071e+01 1.4058700284627053e+00 9.1446282865989951e+02 8.9002496337444517e-03 3.1053023960213481e-02 -1.2705384423234208e-03 0
1179 12 2 1.7676048815199998e+08 8.7771033612085715e+07 7.5361954558377385e+07 3.1002179277518304e+05 -1.8068086301849942e+01 3.0345798568779653e+01 1.4058699753145292e+00 9.1446282865989951e+02 0.0000000000000000e+00 0.0000000000000000e+00 0.0000000000000000e+00 0
1180 12 1 1.7676912815199998e+08 8.7614644827395409e+07 7.5623900976513028e+07 3.2216750498945871e+05 -1.8132987276385407e+01 3.0289926712974040e+01 1.4056360365170737e+00 9.1446282865989951e+02 3.2448654431670082e-02 8.8277353247438808e-02 2.2683409169038665e-01 0
1181 12 1 1.8799248615199998e+08 -1.4632348187042874e+08 2.2260518544756435e+07 1.4636252579692053e+07 -6.0511025026896437e-01 -2.6967359285363507e+01 2.9730584501450369e-01 8.4461216887878368e+02 9.9251845617515599e-02 -3.6408843564316756e-02 2.3334202611212271e-01 0
1182 12 3 1.8799248715199998e+08 -1.4632348247553602e+08 2.2260491577396750e+07 1.4636252876997603e+07 -6.0510434773077160e-01 -2.6967360183329298e+01 2.9730525460318047e-01 8.4461216887878368e+02 0.0000000000000000e+00 0.0000000000000000e+00 0.0000000000000000e+00 149
1183 12 2 1.8799248815199998e+08 -1.4632348304402789e+08 2.2260464142739180e+07 1.4636253147675075e+07 -6.0509836910093118e-01 -2.6967361100428509e+01 2.9730465872701684e-01 8.4461216887878368e+02 0.0000000000000000e+00 0.0000000000000000e+00 0.0000000000000000e+00 0
1184 12 1 1.8800112815199998e+08 -1.4632849073657984e+08 2.2027432736827761e+07 1.4638799817283187e+07 -5.5408436729069666e-01 -2.6975081197575438e+01 2.9220154052140740e-01 8.4461216887878368e+02 -1.7561849116430833e-01 -1.6077656612789832e-02 -1.5362904878346176e-01 0
1185 12 1 1.9663248715199998e+08 4.9933297488055758e+07 -8.4864106229910821e+07 -8.0702632949963873e+06 3.0465234198967401e+01 2.4017406414136232e+01 -3.2884428097903515e+00 7.8656318603187424e+02 -2.9675769923246464e-01 -7.6366162003038930e-03 -6.7832076213385342e-02 0
1186 12 2 1.9663248915199998e+08 4.9933358418510288e+07 -8.4864058195074737e+07 -8.0702698718797741e+06 3.0465220454366779e+01 2.4017429773743235e+01 -3.2884405883764054e+00 7.8656318603187424e+02 0.0000000000000000e+00 0.0000000000000000e+00 0.0000000000000000e+00 0
1187 12 1 1.9664112915199998e+08 5.0196320853674620e+07 -8.4656111822264001e+07 -8.0986404749827646e+06 3.0405648544466729e+01 2.4118285303601592e+01 -3.2788209361880933e+00 7.8656318603187424e+02 1.6008411911362087e-02 1.5825465501087361e-03 -7.6610532640578348e-03 0
1188 12 1 2.0527248715199998e+08 -6.9712529348487884e+07 1.0214643123994410e+08 1.2006128497893339e+07 -2.9341530660589143e+01 -1.3134060533276017e+01 3.7334078776507931e+00 7.5324621490011248e+02 -2.8261713335600336e-01 -3.6144677615785367e-02 1.4289060285851954e-01 0
1189 12 3 2.0527248815199998e+08 -6.9712558690016076e+07 1.0214641810588007e+08 1.2006132231300795e+07 -2.9341525837323776e+01 -1.3134067600573870e+01 3.7334070469717013e+00 7.5324621490011248e+02 0.0000000000000000e+00 0.0000000000000000e+00 0.0000000000000000e+00 192
1190 12 2 2.0527248915199998e+08 -6.9712588182435796e+07 1.0214640476104526e+08 1.2006135981127338e+07 -2.9341521010075038e+01 -1.3134074729145528e+01 3.7334062150368745e+00 7.5324628925690411e+02 0.0000000000000000e+00 0.0000000000000000e+00 0.0000000000000000e+00 0
1191 12 1 2.0528112915199998e+08 -6.9965918753853157e+07 1.0203266277821621e+08 1.2038361591134448e+07 -2.9299798479138083e+01 -1.3195063866829690e+01 3.7262240263431683e+00 7.5324628925690411e+02 3.4245281608029893e-01 -2.6600937117858148e-01 -2.9092888998726779e-02 0
1192 12 1 2.1002448815199998e+08 -1.3717621578597957e+08 -1.3494980359755604e+07 1.9120830816030607e+07 2.0811539777752133e+00 -2.9678313398750131e+01 -7.2885309218152750e-01 7.0340861364514296e+02 5.9888618195602657e-02 -4.2709581078603182e-01 4.7865629342458471e-02 0
1193 12 2 2.1002449015199998e+08 -1.3717621162365812e+08 -1.3495039716380956e+07 1.9120829358322542e+07 2.0811674889468001e+00 -2.9678312069559077e+01 -7.2885497548774525e-01 7.0340861364514296e+02 0.0000000000000000e+00 0.0000000000000000e+00 0.0000000000000000e+00 0
1194 12 1 2.1003313015199998e+08 -1.3715797820812145e+08 -1.3751435370734241e+07 1.9114496909773961e+07 2.1395279468052832e+00 -2.9672515794500267e+01 -7.3698896401362901e-01 7.0340861364514296e+02 1.4785745647182838e-01 -4.0508343966917326e-01 2.9410147678600781e-02 0
1195 12 1 2.1477648815199998e+08 -5.8006254781992637e+07 -1.2928520175226752e+08 7.0425904466014579e+06 2.8021466199923349e+01 -1.4671742577611653e+01 -3.8772790649505953e+00 6.5359055465340850e+02 1.6173883879018872e-01 -3.5698567921543389e-01 1.4816927591102804e-02 0
1196 12 3 2.1477648915199998e+08 -5.8006226760525145e+07 -1.2928521642400707e+08 7.0425865693222368e+06 2.8021468895511038e+01 -1.4671736569643992e+01 -3.8772793922242590e+00 6.5359055465340850e+02 0.0000000000000000e+00 0.0000000000000000e+00 0.0000000000000000e+00 93
1197 12 2 2.1477649015199998e+08 -5.8006198747191921e+07 -1.2928523109803620e+08 7.0425826931553381e+06 2.8021471588874466e+01 -1.4671730562013103e+01 -3.8772797191925599e+00 6.5359055465340884e+02 0.0000000000000000e+00 0.0000000000000000e+00 0.0000000000000000e+00 0
1198 12 1 2.1478513015199998e+08 -5.7763992771004237e+07 -1.2941177055416998e+08 7.0090708016178999e+06 2.8044709178420010e+01 -1.4619804467323281e+01 -3.8801001910003792e+00 6.5359055465340884e+02 6.7318249110730366e-02 -7.8281295031767617e-02 -3.1689264286393792e-02 0
1199 12 1 2.2600848915199998e+08 1.7541394282482159e+08 9.1056874729602505e+06 -2.4866465495853629e+07 8.5144770895888455e-01 2.5734635379956373e+01 -7.8402481560702064e-02 6.3781168317689981e+02 -8.2675343407823138e-03 -2.5104107926975988e-03 -8.8939920681250853e-03 0
1200 12 2 2.2600849115199998e+08 1.7541394452770865e+08 9.1057389422304742e+06 -2.4866465652657408e+07 8.5143936958246780e-01 2.5734634947060510e+01 -7.8401299380926409e-02 6.3781168317689981e+02 0.0000000000000000e+00 0.0000000000000000e+00 0.0000000000000000e+00 0
1201 12 1 2.2601713115199998e+08 1.7542114534540275e+08 9.3280780443832390e+06 -2.4867120979710214e+07 8.1541823646754608e-01 2.5732742301279430e+01 -7.3295025245944598e-02 6.3781168317689981e+02 1.0584549059500194e-01 -1.9809680897119181e-01 -1.2488180634221432e-01 0
1202 12 1 2.3724048915199998e+08 -1.0358727123566093e+07 1.5408909688844582e+08 -2.7977416973875868e+06 -2.6230735212977073e+01 -8.9052712036941557e+00 3.6182885414655894e+00 6.0010000000020034e+02 4.3896753717672286e-02 3.2257704311254146e-02 2.1666983279494154e-02 0
1203 12 3 2.3724049015199998e+08 -1.0358753354301067e+07 1.5408908798317188e+08 -2.7977380790990018e+06 -2.6230734839940247e+01 -8.9052767527189154e+00 3.6182886422172236e+00 6.0010000000020034e+02 0.0000000000000000e+00 0.0000000000000000e+00 0.0000000000000000e+00 24
1204 12 4 2.3724049115199998e+08 -1.0358779413096145e+07 1.5408907922701976e+08 -2.7977344872855595e+06 -2.6230734456886324e+01 -8.9052822605470698e+00 3.6182887405267294e+00 6.0010000000000002e+02 0.0000000000000000e+00 0.0000000000000000e+00 0.0000000000000000e+00 0
1205 13 0 0.0000000000000000e+00 -1.9500328646873634e+07 1.4581848347052613e+08 -7.6372048832368055e+03 -2.9215710942967011e+01 -4.3491922282203976e+00 -3.9076381021854689e+00 1.7233038454040218e+03 0.0000000000000000e+00 0.0000000000000000e+00 0.0000000000000000e+00 0
1206 13 2 1.0008480152000001e+07 -1.1002336336886178e+08 -8.8037568868001297e+07 -1.5968798559354464e+07 1.9232115465387174e+01 -2.4102632114262249e+01 2.1007963200210344e+00 1.7233038454040218e+03 0.0000000000000000e+00 0.0000000000000000e+00 0.0000000000000000e+00 0
1207 13 1 1.0017120152000001e+07 -1.0985700688931282e+08 -8.8245662577605799e+07 -1.5950619953662122e+07 1.9276317988312009e+01 -2.4067193918213736e+01 2.1072130766804489e+00 1.7233038454040218e+03 3.9347739994061881e-01 -2.3048646371880119e-01 2.0298736030573028e-02 0
1208 13 1 2.6424479152000003e+07 1.5335377306080529e+08 1.0031020221032017e+08 2.1016832277729247e+07 -1.1378032952177682e+01 2.0901995851512030e+01 -1.1587448202952151e+00 1.5565029262445496e+03 2.1807970047213954e-01 -2.7377643645356675e-01 6.8968181976802271e-03 0
1209 13 2 2.6424481151999999e+07 1.5335375030473292e+08 1.0031024401430754e+08 2.1016829960238721e+07 -1.1378039438688631e+01 2.0901991608620602e+01 -1.1587457092587701e+00 1.5565029262445496e+03 0.0000000000000000e+00 0.0000000000000000e+00 0.0000000000000000e+00 0
1210 13 1 2.6433121151999999e+07 1.5325532302606860e+08 1.0049075799833018e+08 2.1006801811132953e+07 -1.1406048685318027e+01 2.0883648105465316e+01 -1.1625846376040296e+00 1.5565029262445496e+03 3.6535871445068735e-01 -2.0256300903695554e-01 5.1235841037579867e-02 0
1211 13 1 4.2840479152000003e+07 -5.4805235089188874e+07 -6.6366717148839749e+07 -7.7880359934181739e+06 3.5967272152078763e+01 -2.8907196660444828e+01 4.0997409013498380e+00 1.4233516526003150e+03 1.6309756566098316e-01 -1.4169159089290598e-01 2.8272099669717679e-02 0
1212 13 3 4.2840480152000003e+07 -5.4805199121911153e+07 -6.6366746056029536e+07 -7.7880318936764793e+06 3.5967283420331043e+01 -2.8907183015081959e+01 4.0997425026121972e+00 1.4233516526003150e+03 0.0000000000000000e+00 0.0000000000000000e+00 0.0000000000000000e+00 235
1213 13 2 4.2840481151999995e+07 -5.4805163282302566e+07 -6.6366774871729404e+07 -7.7880278086245665e+06 3.5967294640748761e+01 -2.8907169403078232e+01 4.0997440973271138e+00 1.4233516526003148e+03 0.0000000000000000e+00 0.0000000000000000e+00 0.0000000000000000e+00 0
1214 13 1 4.2849121151999995e+07 -5.4493986026776105e+07 -6.6616022817136124e+07 -7.7525463378089396e+06 3.6064389933905908e+01 -2.8789034845764199e+01 4.1135494805572659e+00 1.4233516526003148e+03 8.4365483740943464e-02 4.6126584271290759e-02 -1.1198869848127191e-03 0
1215 13 1 5.5368480152000003e+07 1.5356352185289836e+08 1.3003491700223164e+08 2.2181588363840885e+07 -9.5860710443573982e+00 1.8269098593954695e+01 -6.4498673591474620e-01 1.3923951479772238e+03 1.1372736732874172e-02 7.5197292765671733e-02 9.5727819487417237e-02 0
1216 13 2 5.5368482152000003e+07 1.5356350268075144e+08 1.3003495354042460e+08 2.2181587073866710e+07 -9.5860759571256704e+00 1.8269094433907203e+01 -6.4498744554295606e-01 1.3923951479772238e+03 0.0000000000000000e+00 0.0000000000000000e+00 0.0000000000000000e+00 0
1217 13 1 5.5377122152000003e+07 1.5348058733410877e+08 1.3019272086300342e+08 2.2176001142563753e+07 -9.6072874262469803e+00 1.8251117175895040e+01 -6.4805179242554733e-01 1.3923951479772238e+03 -1.8327899238610248e-02 -6.4975781880914430e-03 2.2352759471316735e-02 0
1218 13 1 6.7896480152000010e+07 -6.6891196856620379e+07 1.4786305322362146e+08 -2.5645320094844778e+06 -1.6954273304585172e+01 -2.0198872488853663e+01 -2.4415301635643880e+00 1.3474642303845405e+03 2.5474475781030542e-01 1.0862303687423640e-01 7.4227186939855319e-02 0
1219 13 3 6.7896481152000010e+07 -6.6891213810892604e+07 1.4786303302474672e+08 -2.5645344510145970e+06 -1.6954271228496165e+01 -2.0198877078049460e+01 -2.4415300839694813e+00 1.3474642303845405e+03 0.0000000000000000e+00 0.0000000000000000e+00 0.0000000000000000e+00 47
1220 13 2 6.7896482151999995e+07 -6.6891230687164232e+07 1.4786301293379685e+08 -2.5645368794129333e+06 -1.6954269155690167e+01 -2.0198881650619523e+01 -2.4415300041946648e+00 1.3474642303842047e+03 0.0000000000000000e+00 0.0000000000000000e+00 0.0000000000000000e+00 0
1221 13 1 6.7905122152000010e+07 -6.7037637979443751e+07 1.4768832326917216e+08 -2.5856287178269615e+06 -1.6936295765108746e+01 -2.0238544920713700e+01 -2.4408388460973010e+00 1.3474642303842047e+03 7.4979907203616233e-02 2.7359982106826330e-01 4.1718140770387477e-02 0
1222 13 1 9.7272481152000010e+07 -1.2203696876319282e+08 1.5783493520490673e+08 -5.9082892228425518e+06 -1.2941003351348234e+01 -1.6359533400608033e+01 -1.6936699334401011e+00 1.1295465387755385e+03 -1.0976966153800977e-01 2.9367237583329858e-01 2.6482571755198973e-02 0
1223 13 3 9.7272482151999995e+07 -1.2203698170419513e+08 1.5783491884537208e+08 -5.9082909165124325e+06 -1.2941001314646567e+01 -1.6359536034749517e+01 -1.6936698348353612e+00 1.1295465387755385e+03 0.0000000000000000e+00 0.0000000000000000e+00 0.0000000000000000e+00 43
1224 13 2 9.7272483151999995e+07 -1.2203699464519539e+08 1.5783490248583475e+08 -5.9082926101822145e+06 -1.2940999277944531e+01 -1.6359538668890924e+01 -1.6936697362305853e+00 1.1295465387755385e+03 0.0000000000000000e+00 0.0000000000000000e+00 0.0000000000000000e+00 0
1225 13 1 9.7281123151999995e+07 -1.2214872881985730e+08 1.5769345776111931e+08 -5.9229222324669193e+06 -1.2923388420619686e+01 -1.6382294808409867e+01 -1.6928164600803237e+00 1.1295465387755385e+03 -2.6053811938676327e-02 1.5923695405213348e-01 2.0790385350192616e-02 0
1226 13 1 1.0980048215200000e+08 5.9452154476378210e+07 -5.9660868198526792e+07 3.6851931140742735e+06 3.6458920814055375e+01 2.9303710490005830e+01 4.0457293740616667e+00 1.0985796466795309e+03 -3.0060571229886358e-02 2.0170356035669280e-02 1.4368448982945420e-02 0
1227 13 2 1.0980048415200000e+08 5.9452227394193359e+07 -5.9660809591079503e+07 3.6852012055313732e+06 3.6458894479332805e+01 2.9303736917150321e+01 4.0457277416803654e+00 1.0985796466795309e+03 0.0000000000000000e+00 0.0000000000000000e+00 0.0000000000000000e+00 0
1228 13 1 1.0980912415200000e+08 5.9766740166551530e+07 -5.9407133069240771e+07 3.7201257489557415e+06 3.6344918034567058e+01 2.9417569122241886e+01 4.0386480597274490e+00 1.0985796466795309e+03 -1.1701783085591269e-01 2.2055035457609498e-01 -1.0059091208537524e-01 0
1229 13 1 1.2232848215200000e+08 -5.9224047078942999e+07 2.0151030294829413e+08 -2.7069556122681224e+06 -1.9723522292851232e+01 -1.5857362204413925e+00 -2.0250332463332446e+00 1.0545333458898733e+03 -3.5765435712592640e-03 1.5716802804840854e-03 -9.2823464406910656e-03 0
1230 13 3 1.2232848315200000e+08 -5.9224066802464828e+07 2.0151030136255649e+08 -2.7069576373013458e+06 -1.9723521444767872e+01 -1.5857391060514430e+00 -2.0250332075698600e+00 1.0545333458898733e+03 0.0000000000000000e+00 0.0000000000000000e+00 0.0000000000000000e+00 160
1231 13 2 1.2232848415200000e+08 -5.9224086748269871e+07 2.0151029964268866e+08 -2.7069596848484045e+06 -1.9723520596399027e+01 -1.5857420255770929e+00 -2.0250331695210289e+00 1.0545333458911882e+03 0.0000000000000000e+00 0.0000000000000000e+00 0.0000000000000000e+00 0
1232 13 1 1.2233712415200000e+08 -5.9394466286606826e+07 2.0149649114722836e+08 -2.7244545217214818e+06 -1.9716184452168658e+01 -1.6106665945462495e+00 -2.0246972555258194e+00 1.0545333458911882e+03 -2.1065776693206451e-01 1.0135928094516727e-01 3.0121950439131052e-02 0
1233 13 1 1.2967248315200000e+08 -1.7213480320062178e+08 1.2458508481497717e+08 -1.3790930216088364e+07 -9.1199170351259014e+00 -1.8113998988066019e+01 -7.4536015856663784e-01 1.0197619686621036e+03 -1.2548705982696551e-01 -2.6479419267750257e-02 8.5005660405471375e-02 0
1234 13 2 1.2967248515200000e+08 -1.7213482144045106e+08 1.2458504858697583e+08 -1.3790931706808299e+07 -9.1199123029703610e+00 -1.8114002413032217e+01 -7.4535977944036202e-01 1.0197619686621036e+03 0.0000000000000000e+00 0.0000000000000000e+00 0.0000000000000000e+00 0
1235 13 1 1.2968112515199998e+08 -1.7221352914449432e+08 1.2442847970657232e+08 -1.3797364537881821e+07 -9.0994607544542756e+00 -1.8128791831841784e+01 -7.4372125444573489e-01 1.0197619686621036e+03 -1.0550859524507541e-01 2.9848837028123346e-03 9.1692618054098202e-02 0
1236 13 1 1.3701648315200001e+08 -1.6200748253681824e+08 -3.7402155307279527e+07 -1.1256010961900458e+07 1.4434047498825059e+01 -2.2615306148538767e+01 1.4968057755935500e+00 9.7633818908941464e+02 -3.1312081236145822e-01 1.4831774222608243e-01 8.0499903658205947e-04 0
1237 13 3 1.3701648415200001e+08 -1.6200746810276842e+08 -3.7402177922585100e+07 -1.1256009465094524e+07 1.4434052144351856e+01 -2.2615305076040308e+01 1.4968060983570335e+00 9.7633818908941464e+02 0.0000000000000000e+00 0.0000000000000000e+00 0.0000000000000000e+00 44
1238 13 2 1.3701648515200001e+08 -1.6200745362240672e+08 -3.7402200568027131e+07 -1.1256007964949051e+07 1.4434056800610634e+01 -2.2615304004551774e+01 1.4968064219110291e+00 9.7633818908934666e+02 0.0000000000000000e+00 0.0000000000000000e+00 0.0000000000000000e+00 0
1239 13 1 1.3702512515200001e+08 -1.6188256994134593e+08 -3.7597556675227180e+07 -1.1243063509338835e+07 1.4474206977315301e+01 -2.2606006849953886e+01 1.4995954601319950e+00 9.7633818908934666e+02 -3.1542910133155230e-02 -2.5341930772672555e-01 3.9945199925090946e-01 0
1240 13 1 1.4565648415200001e+08 9.7760104875483200e+07 -5.2946462747285947e+07 1.0977785276095277e+07 2.3869155549068584e+01 3.2185779198245520e+01 9.1081496530832071e-02 9.1264246374219329e+02 2.6772778042511663e-01 -5.8226034733388152e-02 -2.4808671378306216e-01 0
1241 13 2 1.4565648615200001e+08 9.7760152613775596e+07 -5.2946398375717603e+07 1.0977785458256179e+07 2.3869136939528861e+01 3.2185789277085590e+01 9.1079406808411312e-02 9.1264246374219329e+02 0.0000000000000000e+00 0.0000000000000000e+00 0.0000000000000000e+00 0
1242 13 1 1.4566512615200001e+08 9.7966034566055447e+07 -5.2668125472509481e+07 1.0978533401225002e+07 2.3788711774462204e+01 3.2229187007787985e+01 8.2057410380375562e-02 9.1264246374219329e+02 5.3258178224869432e-02 1.4309130112770251e-02 -4.0178077134890959e-02 0
1243 13 1 1.5429648415200001e+08 5.7760332967379451e+07 1.8777861157007453e+08 -9.9231803701378964e+06 -1.9279867010957126e+01 1.4234312705857430e+01 -3.4863465858403346e+00 8.7817421820005188e+02 -1.2585359449310274e-01 -8.6100514008893278e-02 -2.4074394644388647e-01 0
1244 13 3 1.5429648515200001e+08 5.7760313687511973e+07 1.8777862580438560e+08 -9.9231838564843871e+06 -1.9279868018004681e+01 1.4234309431949180e+01 -3.4863464128302870e+00 8.7817421820005188e+02 0.0000000000000000e+00 0.0000000000000000e+00 0.0000000000000000e+00 159
1245 13 2 1.5429648615199998e+08 5.7760294258905374e+07 1.8777863997775939e+08 -9.9231873507783692e+06 -1.9279869046280805e+01 1.4234306141260316e+01 -3.4863462401783631e+00 8.7817421820004540e+02 0.0000000000000000e+00 0.0000000000000000e+00 0.0000000000000000e+00 0
1246 13 1 1.5430512615199998e+08 5.7593678652010806e+07 1.8790150220167118e+08 -9.9533029204928279e+06 -1.9288552750495388e+01 1.4206025414346840e+01 -3.4848499633953258e+00 8.7817421820004540e+02 -1.1375492186458116e-02 2.8722811233157308e-01 1.4122112350390462e-02 0
1247 13 1 1.6423248515199998e+08 -1.3395858062214264e+08 2.0524921398639888e+08 -3.2247061161008906e+07 -1.5890185796153116e+01 -8.7999158148815528e+00 -8.8220851753107177e-01 8.4281340565063010e+02 3.4714696013613986e-03 -9.0056991466218161e-03 6.9586478522082061e-05 0
1248 13 2 1.6423248715199998e+08 -1.3395861240251182e+08 2.0524919638656369e+08 -3.2247062925425369e+07 -1.5890183442609160e+01 -8.7999194209437199e+00 -8.8220795097633020e-01 8.4281340565063010e+02 0.0000000000000000e+00 0.0000000000000000e+00 0.0000000000000000e+00 0
1249 13 1 1.6424112715199995e+08 -1.3409585965184702e+08 2.0517309779664320e+08 -3.2254674628541872e+07 -1.5880011678421477e+01 -8.8154935646386150e+00 -8.7976032730692399e-01 8.4281340565063010e+02 5.4894463066231428e-02 9.5047166732293922e-02 2.6149524137410635e-02 0
1250 13 1 1.7416848515199998e+08 -2.1353103893559188e+08 5.5458067865489207e+07 -2.5849993333435193e+07 1.8248019932122133e+00 -1.9113171455725052e+01 2.1355135015546129e+00 7.9126153193551795e+02 -9.3983588792593123e-02 3.0111580958848300e-01 -1.5839466629601208e-02 0
1251 13 3 1.7416848615199998e+08 -2.1353103711078861e+08 5.5458048752317451e+07 -2.5849991197921537e+07 1.8248045789404110e+00 -1.9113172127287680e+01 2.1355138145819583e+00 7.9126153193551795e+02 0.0000000000000000e+00 0.0000000000000000e+00 0.0000000000000000e+00 185
1252 13 2 1.7416848715199998e+08 -2.1353103528211176e+08 5.5458029633597218e+07 -2.5849989061017118e+07 1.8248071675286173e+00 -1.9113172798894233e+01 2.1355141279558718e+00 7.9126153125132873e+02 0.0000000000000000e+00 0.0000000000000000e+00 0.0000000000000000e+00 0
1253 13 1 1.7417712715199998e+08 -2.1351517241331872e+08 5.5292866772965379e+07 -2.5831526534969293e+07 1.8471558718223413e+00 -1.9118968749109435e+01 2.1382187881072459e+00 7.9126153125132873e+02 3.8493125548984728e-03 -3.1070886998898203e-02 -2.3434099669637005e-02 0
1254 13 1 2.0181648615199998e+08 -1.4682385698192468e+08 1.8100609044177806e+08 -2.9166452472623970e+07 -1.4101394913553611e+01 -9.6476629615176588e+00 -1.1615971267600221e-01 7.6415400356611758e+02 3.1747946717777364e-02 -2.1982474914713300e-02 4.2025490042551593e-02 0
1255 13 3 2.0181648715199998e+08 -1.4682387108331883e+08 1.8100608079411417e+08 -2.9166452588783532e+07 -1.4101393409925489e+01 -9.6476648152070617e+00 -1.1615941398138223e-01 7.6415400356611758e+02 0.0000000000000000e+00 0.0000000000000000e+00 0.0000000000000000e+00 214
1256 13 2 2.0181648815199998e+08 -1.4682388518471146e+08 1.8100607114644843e+08 -2.9166452704942793e+07 -1.4101391906297248e+01 -9.6476666688963331e+00 -1.1615911528676635e-01 7.6415400356611758e+02 0.0000000000000000e+00 0.0000000000000000e+00 0.0000000000000000e+00 0
1257 13 1 2.0182512815199998e+08 -1.4694566507551038e+08 1.8092264613201681e+08 -2.9167445171425737e+07 -1.4088396166820733e+01 -9.6636776250767067e+00 -1.1357854780970869e-01 7.6415400356611758e+02 2.8993302944385489e-02 -5.6521998961253910e-03 -1.1634858178794909e-01 0
1258 13 1 2.1304848715199998e+08 -1.6988234349795762e+08 -1.9442415114141393e+07 -2.0484736439012416e+07 1.5132046616133314e+01 -2.2793738556330979e+01 1.9976386078768482e+00 7.1795814740211267e+02 5.5133131029562354e-02 -1.6745654757614581e-01 -1.3232009320090043e-01 0
1259 13 2 2.1304848915199998e+08 -1.6988231323385561e+08 -1.9442460701617405e+07 -2.0484732443734143e+07 1.5132055444594023e+01 -2.2793737545944552e+01 1.9976396724294416e+00 7.1795814740211267e+02 0.0000000000000000e+00 0.0000000000000000e+00 0.0000000000000000e+00 0
1260 13 1 2.1305712915199998e+08 -1.6975140745269486e+08 -1.9639379662106749e+07 -2.0467452962883342e+07 1.5170215871578383e+01 -2.2789346396946197e+01 2.0022409613116716e+00 7.1795814740211267e+02 1.7455113565713994e-02 -6.4839290101143931e-03 -3.2300307307661036e-02 0
1261 13 1 2.2428048715199998e+08 1.1089070832579748e+08 8.0237100632863075e+07 1.3564581925619908e+07 -5.9440922941464489e+00 3.3194619622099914e+01 -6.2761822374786547e-01 6.9956089015846396e+02 5.1096833557283686e-02 -8.3357686398267600e-02 6.5518607413695140e-02 0
1262 13 3 2.2428048815199998e+08 1.1089070238170236e+08 8.0237133827480584e+07 1.3564581298001342e+07 -5.9440979496127406e+00 3.3194615529977760e+01 -6.2761891554645965e-01 6.9956089015846396e+02 0.0000000000000000e+00 0.0000000000000000e+00 0.0000000000000000e+00 54
1263 13 2 2.2428048915199998e+08 1.1089069634725338e+08 8.0237167156807855e+07 1.3564580656631963e+07 -5.9441036445945299e+00 3.3194611424258454e+01 -6.2761961255638066e-01 6.9956089015835266e+02 0.0000000000000000e+00 0.0000000000000000e+00 0.0000000000000000e+00 0
1264 13 1 2.2428912915199998e+08 1.1083912842755729e+08 8.0523815819244266e+07 1.3559132228906075e+07 -5.9928888008359849e+00 3.3159240709111586e+01 -6.3358739137553000e-01 6.9956089015835266e+02 -1.0757646946685547e-02 1.0766011127512583e-02 2.1315486670400556e-03 0
1265 13 1 2.3680848815199998e+08 -8.9779037039218202e+07 2.2657966256393450e+08 -1.1092256426322611e+07 -1.4479287008772024e+01 -4.4550520273138021e+00 -1.9897532465644128e+00 6.5970172150371081e+02 2.4402412948625901e-01 7.1508424324436465e-02 -1.8763754749453194e-03 0
1266 13 2 2.3680849015199998e+08 -8.9779065997790515e+07 2.2657965365382633e+08 -1.1092260405828893e+07 -1.4479285367788902e+01 -4.4550561687408781e+00 -1.9897530438199134e+00 6.5970172150371081e+02 0.0000000000000000e+00 0.0000000000000000e+00 0.0000000000000000e+00 0
1267 13 1 2.3681713015199998e+08 -8.9904136385844901e+07 2.2654108468744227e+08 -1.1109448086644826e+07 -1.4472191862922589e+01 -4.4729443974485612e+00 -1.9888765683070952e+00 6.5970172150371081e+02 1.9819153267569062e-01 5.4673273189129901e-02 -4.0259707880568457e-03 0
1268 13 1 2.4933648815199998e+08 -1.3004398777959892e+08 2.1032730186109673e+07 -1.9458290442357242e+07 1.7708926931308650e+01 -2.8144763017924021e+01 2.2243704142947016e+00 6.2323111192002671e+02 2.2555019047469742e-02 -3.7001550511173174e-02 4.3035473240962477e-03 0
1269 13 3 2.4933648915199998e+08 -1.3004397007066838e+08 2.1032702041346118e+07 -1.9458288217986286e+07 1.7708934240162161e+01 -2.8144764200024436e+01 2.2243715079077044e+00 6.2323111192002671e+02 0.0000000000000000e+00 0.0000000000000000e+00 0.0000000000000000e+00 193
1270 13 2 2.4933649015199998e+08 -1.3004395237594791e+08 2.1032673921461612e+07 -1.9458285995191120e+07 1.7708941544016263e+01 -2.8144765380929542e+01 2.2243726008170905e+00 6.2323111192017177e+02 0.0000000000000000e+00 0.0000000000000000e+00 0.0000000000000000e+00 0
1271 13 1 2.4934513015199998e+08 -1.2989067403546703e+08 2.0789459134111587e+07 -1.9439026551955316e+07 1.7772188687559087e+01 -2.8154941480136348e+01 2.2338370731375576e+00 6.2323111192017177e+02 -4.7905036693349648e-03 -5.8478687465960202e-03 -1.2921788137098614e-02 0
1272 13 1 3.0981648915200001e+08 -1.5517053686858755e+08 8.1337140650812879e+07 -2.8500401786954496e+07 4.8684584803825564e+00 -2.4251004680898909e+01 5.2806700201111861e-02 6.0010000000000002e+02 -2.5547987096151965e-03 -5.2927073146677543e-03 -1.3918591781747466e-02 0
1273 13 3 3.0981649015200001e+08 -1.5517053200012723e+08 8.1337116399807274e+07 -2.8500401734147459e+07 4.8684621628009710e+00 -2.4251006611145144e+01 5.2807376556353335e-02 6.0010000000000002e+02 0.0000000000000000e+00 0.0000000000000000e+00 0.0000000000000000e+00 40
1274 13 4 3.0981649115200001e+08 -1.5517052713166323e+08 8.1337092148799762e+07 -2.8500401681339744e+07 4.8684658452202276e+00 -2.4251008541391307e+01 5.2808052911769356e-02 6.0010000000000002e+02 0.0000000000000000e+00 0.0000000000000000e+00 0.0000000000000000e+00 0
1275 14 0 0.0000000000000000e+00 -1.9500328646873634e+07 1.4581848347052613e+08 -7.6372048832368055e+03 -2.9411840771710160e+01 -4.3249829468473147e+00 -3.9447030785555022e+00 1.7498789836711339e+03 0.0000000000000000e+00 0.0000000000000000e+00 0.0000000000000000e+00 0
1276 14 2 1.0008480152000001e+07 -1.1437459765982516e+08 -8.7213922414174199e+07 -1.6574501797068972e+07 1.8170884486932948e+01 -2.4379316329624697e+01 1.9626296396551746e+00 1.7498789836711339e+03 0.0000000000000000e+00 0.0000000000000000e+00 0.0000000000000000e+00 0
1277 14 1 1.0017120152000001e+07 -1.1421741463510729e+08 -8.7424417252825618e+07 -1.6557517635342758e+07 1.8214064903875254e+01 -2.4346327616678085e+01 1.9688881891034780e+00 1.7498789836711339e+03 -2.3145923484881872e-01 -4.4081844988746476e-02 -3.0781972796248525e-01 0
1278 14 1 3.6792479152000003e+07 -1.2270554478399217e+08 -8.6204336975529388e+07 -1.1627863249442074e+07 1.1926563306840309e+01 -2.6735882622616558e+01 1.2464597190126514e+00 1.5603867379051687e+03 -2.2785024493206280e-01 -5.4415292334222043e-02 1.6610558093654504e-01 0
1279 14 2 3.6792481151999995e+07 -1.2270552093085602e+08 -8.6204390447287798e+07 -1.1627860756521733e+07 1.1926572878320824e+01 -2.6735875898360785e+01 1.2464606260284314e+00 1.5603867379051687e+03 0.0000000000000000e+00 0.0000000000000000e+00 0.0000000000000000e+00 0
1280 14 1 3.6801121152000003e+07 -1.2260229682082613e+08 -8.6435262851873636e+07 -1.1617074420195159e+07 1.1967884721875626e+01 -2.6706801976318587e+01 1.2503752633229761e+00 1.5603867379051687e+03 -5.1735824596023168e-02 -6.0633139409277718e-04 -7.6769723334111944e-02 0
1281 14 1 6.3576479152000010e+07 -1.3035476188071753e+08 -2.2307228739935216e+06 -1.0724058495179072e+07 -6.5817093152000208e+00 -3.2833578579150142e+01 -3.7649419085886293e-01 1.5162350384718225e+03 -5.2915271558633500e-02 -1.2392419609079167e-02 2.5536554674644728e-02 0
1282 14 3 6.3576480152000003e+07 -1.3035476846242297e+08 -2.2307557075719694e+06 -1.0724058871672945e+07 -6.5817015870739350e+00 -3.2833578446900013e+01 -3.7649355507943782e-01 1.5162350384718225e+03 0.0000000000000000e+00 0.0000000000000000e+00 0.0000000000000000e+00 228
1283 14 2 6.3576481152000003e+07 -1.3035477496573476e+08 -2.2307888295384925e+06 -1.0724059240961345e+07 -6.5816937487803173e+00 -3.2833578341777702e+01 -3.7649290977675076e-01 1.5162350384718225e+03 0.0000000000000000e+00 0.0000000000000000e+00 0.0000000000000000e+00 0
1284 14 1 6.3585121152000003e+07 -1.3041135244336309e+08 -2.5144658033284824e+06 -1.0727288418179154e+07 -6.5149555216862005e+00 -3.2832363899431549e+01 -3.7100283731899125e-01 1.5162350384718225e+03 1.1734727720334777e-01 -1.0315840213366126e-01 7.9132020477458528e-02 0
1285 14 1 7.6104480152000010e+07 8.7073603251747042e+07 -1.6479438640111819e+08 5.8116006011403175e+06 2.1675986091052728e+01 1.0961844066415741e+01 9.9285260273503340e-01 1.4444790863129556e+03 2.4862400439016302e-01 -1.6383127343920847e-02 -2.3641902280863600e-01 0
1286 14 2 7.6104482151999995e+07 8.7073646603715569e+07 -1.6479436447742334e+08 5.8116025868452815e+06 2.1675982526794265e+01 1.0961850812083538e+01 9.9285236484382122e-01 1.4444790863129556e+03 0.0000000000000000e+00 0.0000000000000000e+00 0.0000000000000000e+00 0
1287 14 1 7.6113122152000010e+07 8.7260860528863445e+07 -1.6469952822290230e+08 5.8201763895674823e+06 2.1660568867998169e+01 1.0990982775657910e+01 9.9182394955226738e-01 1.4444790863129556e+03 1.1946153139466725e-01 2.5537659449118631e-03 -2.5908222536853803e-01 0
1288 14 1 8.8632480152000010e+07 1.1348923948235500e+08 1.0655209860237266e+08 -1.2422277014105080e+06 -2.2816142114935317e+01 1.7350975516707354e+01 -1.3668583757077992e+00 1.3622070363379728e+03 2.2007899495146663e-01 -2.3283349838024006e-01 3.8902569071301303e-02 0
1289 14 3 8.8632481152000010e+07 1.1348921666621095e+08 1.0655211595334627e+08 -1.2422290682688593e+06 -2.2816146107112559e+01 1.7350971768555180e+01 -1.3668583320102963e+00 1.3622070363379728e+03 0.0000000000000000e+00 0.0000000000000000e+00 0.0000000000000000e+00 27
1290 14 2 8.8632482151999995e+07 1.1348919388987349e+08 1.0655213329320580e+08 -1.2422304337874495e+06 -2.2816150092578077e+01 1.7350968020851123e+01 -1.3668582881449189e+00 1.3622070363379730e+03 0.0000000000000000e+00 0.0000000000000000e+00 0.0000000000000000e+00 0
1291 14 1 8.8641122151999995e+07 1.1329191339295395e+08 1.0670190565534773e+08 -1.2540384527934655e+06 -2.2850626147693575e+01 1.7318548391139995e+01 -1.3664787963598364e+00 1.3622070363379730e+03 -2.7077380094541696e-02 -7.1893751816944337e-02 8.1544494716047512e-03 0
1292 14 1 9.4680481152000010e+07 -6.7013517447970122e+07 1.0856094705746107e+08 -6.4436566303369608e+06 -2.8687727866819557e+01 -2.0552184442264164e+01 2.2296922429827695e-02 1.3314589952108513e+03 -3.1985421756179055e-01 -1.1235451375776674e-01 -2.1800155689157059e-02 0
1293 14 2 9.4680483151999995e+07 -6.7013574823417202e+07 1.0856090595307843e+08 -6.4436565857422948e+06 -2.8687719333630117e+01 -2.0552198265901403e+01 2.2297742934721126e-02 1.3314589952108513e+03 0.0000000000000000e+00 0.0000000000000000e+00 0.0000000000000000e+00 0
1294 14 1 9.4689123151999995e+07 -6.7261277246254936e+07 1.0838307707650816e+08 -6.4434486183097679e+06 -2.8650778744030426e+01 -2.0611882091864071e+01 2.5843136468190923e-02 1.3314589952108513e+03 -2.0472569655507414e-01 -2.5878916047972389e-01 -1.3672798114302370e-02 0
1295 14 1 1.0072848115200001e+08 -1.2110401697292797e+08 -8.0342866710394979e+07 -2.8007179135871673e+05 1.1448982252048593e+01 -3.0022608951860299e+01 1.5664035634228213e+00 1.3005642076106069e+03 -1.1506276248300973e-01 6.7185344583337275e-02 7.4088297876823465e-04 0
1296 14 3 1.0072848215200000e+08 -1.2110400552394311e+08 -8.0342896733002141e+07 -2.8007022495515033e+05 1.1448987487945498e+01 -3.0022605478259045e+01 1.5664035755316104e+00 1.3005642076106069e+03 0.0000000000000000e+00 0.0000000000000000e+00 0.0000000000000000e+00 213
1297 14 2 1.0072848315200000e+08 -1.2110399405554408e+08 -8.0342926698673919e+07 -2.8006866035119374e+05 1.1448992730814469e+01 -3.0022602009390226e+01 1.5664035880421903e+00 1.3005642076103320e+03 0.0000000000000000e+00 0.0000000000000000e+00 0.0000000000000000e+00 0
1298 14 1 1.0073712315200000e+08 -1.2100487946477534e+08 -8.0602192243464783e+07 -2.6653448886121018e+05 1.1494183933574995e+01 -2.9992560564331292e+01 1.5665056156115289e+00 1.3005642076103320e+03 5.3232530631740743e-02 -1.4456689427490951e-01 1.2627278284167317e-02 0
1299 14 1 1.1196048215200000e+08 1.1584038452741811e+08 -1.7930485674176502e+08 8.8375448563575242e+06 1.7992451588844776e+01 8.9017899970301393e+00 -3.4701924561801456e-01 1.2239481299490324e+03 -4.0939187036925528e-01 -1.7895451693181341e-01 -1.4317496252944775e-01 0
1300 14 2 1.1196048415200000e+08 1.1584042051231807e+08 -1.7930483893818018e+08 8.8375441623187941e+06 1.7992448436173976e+01 8.9017948769264894e+00 -3.4701948613745237e-01 1.2239481299490324e+03 0.0000000000000000e+00 0.0000000000000000e+00 0.0000000000000000e+00 0
1301 14 1 1.1196912415200000e+08 1.1599581640948109e+08 -1.7922783638125247e+08 8.8345414262084980e+06 1.7978821634954798e+01 8.9228686044857284e+00 -3.4805821075578464e-01 1.2239481299490324e+03 -3.3578324826571837e-01 -3.1402551496334480e-01 -1.0927168021522939e-01 0
1302 14 1 1.2319248215200000e+08 1.5756543566884539e+08 1.9591977263160598e+07 -3.7739411750934608e+06 -1.6197392232294362e+01 2.2111137405504135e+01 -1.3434228666005679e+00 1.1544779404666454e+03 1.0386613308272825e-02 -2.5990212910637252e-02 2.2878872991077340e-05 0
1303 14 3 1.2319248315200000e+08 1.5756541947145054e+08 1.9591999374297637e+07 -3.7739425185162616e+06 -1.6197397451771831e+01 2.2111136756504266e+01 -1.3434227415858058e+00 1.1544779404666454e+03 0.0000000000000000e+00 0.0000000000000000e+00 0.0000000000000000e+00 132
1304 14 2 1.2319248415200000e+08 1.5756540325247768e+08 1.9592021497541718e+07 -3.7739438623630726e+06 -1.6197402677084622e+01 2.2111136106265583e+01 -1.3434226164150358e+00 1.1544779404674393e+03 0.0000000000000000e+00 0.0000000000000000e+00 0.0000000000000000e+00 0
1305 14 1 1.2320112415200000e+08 1.5742526279393655e+08 1.9783037393287279e+07 -3.7855463594438070e+06 -1.6242527940278332e+01 2.2105495261958254e+01 -1.3423396502597083e+00 1.1544779404674393e+03 -6.8164292583340308e-02 -2.7916242614761189e-01 7.6825793553790128e-02 0
1306 14 1 1.3312848315200000e+08 -4.1085005791206934e+07 -1.1907922344816433e+08 8.7174998309983853e+06 2.2113241276465079e+01 -2.8145776007078076e+01 1.4742191976867545e+00 1.0722754847547142e+03 9.5969907743895078e-02 -3.5696357878298735e-01 -4.4547517695565616e-03 0
1307 14 2 1.3312848515200000e+08 -4.1084961564719044e+07 -1.1907927973970054e+08 8.7175027794356272e+06 2.2113246693172805e+01 -2.8145760307485567e+01 1.4742180483579139e+00 1.0722754847547142e+03 0.0000000000000000e+00 0.0000000000000000e+00 0.0000000000000000e+00 0
1308 14 1 1.3313712515199998e+08 -4.0893802315391175e+07 -1.1932216630718201e+08 8.7302185922324639e+06 2.2136545940644073e+01 -2.8078004200257769e+01 1.4692592281507417e+00 1.0722754847547142e+03 1.9368667212506668e-01 -2.1076966001478808e-01 -1.0987306194757836e-01 0
1309 14 1 1.4306448315200001e+08 1.7097955596656477e+08 -1.9390647275582406e+08 2.4388578329341784e+06 1.5814040037331054e+01 3.5572632440386083e+00 -2.1922686161660940e+00 9.8975775402594945e+02 -8.7091991146458311e-02 -2.8834663603541744e-01 -2.5454907437158969e-01 0
1310 14 3 1.4306448415200001e+08 1.7097957178060415e+08 -1.9390646919856009e+08 2.4388556406655572e+06 1.5814038724211382e+01 3.5572647332364720e+00 -2.1922686348964660e+00 9.8975775402594945e+02 0.0000000000000000e+00 0.0000000000000000e+00 0.0000000000000000e+00 52
1311 14 2 1.4306448515200001e+08 1.7097958774193022e+08 -1.9390646517328787e+08 2.4388534161406732e+06 1.5814037394986006e+01 3.5572662766311369e+00 -2.1922686563739533e+00 9.8975775402594979e+02 0.0000000000000000e+00 0.0000000000000000e+00 0.0000000000000000e+00 0
1312 14 1 1.4307312515200001e+08 1.7111617201276416e+08 -1.9387567482601702e+08 2.4199115178338988e+06 1.5802691926655138e+01 3.5701269161929567e+00 -2.1924297954493377e+00 9.8975775402594979e+02 2.5729269362130620e-02 4.2938707634707684e-03 -1.5780559675506744e-02 0
1313 14 1 1.5429648415200001e+08 2.6583901589271021e+08 -8.4625198569971323e+07 -2.3016704445473213e+07 6.5840100622377773e-01 1.4298211734048875e+01 -2.2451341558073938e+00 9.6427956566293119e+02 7.9160842763811759e-02 6.4927106492502454e-02 -1.0933574377502199e-01 0
1314 14 2 1.5429648615200001e+08 2.6583901720950902e+08 -8.4625169973546878e+07 -2.3016708935741238e+07 6.5839778956028605e-01 1.4298212758017231e+01 -2.2451338773042568e+00 9.6427956566293119e+02 0.0000000000000000e+00 0.0000000000000000e+00 0.0000000000000000e+00 0
1315 14 1 1.5430512615200001e+08 2.6584464572880861e+08 -8.4501614312840939e+07 -2.3036101692879409e+07 6.4449939306721249e-01 1.4302633791001513e+01 -2.2439300407363603e+00 9.6427956566293119e+02 -4.4273409720745676e-03 2.5808939892874652e-03 -2.7726937801985344e-03 0
1316 14 1 1.6552848415200001e+08 1.4743103551988152e+08 8.4620659573660418e+07 -3.3745599005185582e+07 -2.5365966721346766e+01 1.1762778706975720e+01 1.3807085313236631e+00 9.4743637602450633e+02 9.1830216222708511e-02 3.0119468125156007e-02 -6.7792751189419159e-02 0
1317 14 3 1.6552848515200001e+08 1.4743101015391299e+08 8.4620671336438030e+07 -3.3745597624476619e+07 -2.5365970480170180e+01 1.1762776549531971e+01 1.3807093916835966e+00 9.4743637602450633e+02 0.0000000000000000e+00 0.0000000000000000e+00 0.0000000000000000e+00 285
1318 14 2 1.6552848615199998e+08 1.4743098475909570e+08 8.4620683107272744e+07 -3.3745596241163872e+07 -2.5365974242511449e+01 1.1762774389710993e+01 1.3807102529225295e+00 9.4743637602482693e+02 0.0000000000000000e+00 0.0000000000000000e+00 0.0000000000000000e+00 0
1319 14 1 1.6553712615199998e+08 1.4721168240116197e+08 8.4722232854814619e+07 -3.3733634769791134e+07 -2.5398465456223004e+01 1.1744100380624614e+01 1.3881514108391504e+00 9.4743637602482693e+02 -1.2715419673226003e-01 -8.8281709729971639e-02 -1.2254281696261524e-01 0
1320 14 1 1.7416848515200001e+08 -6.6329686117322370e+07 -8.3382662593718067e+07 2.2925256711963240e+07 1.6532180132913616e+01 -3.8647171170488882e+01 5.0029785291153406e+00 9.0943789081210332e+02 -5.4748785903430408e-02 -1.6894425991588835e-01 9.7587480955615730e-02 0
1321 14 2 1.7416848715199998e+08 -6.6329653052948564e+07 -8.3382739888043165e+07 2.2925266717915576e+07 1.6532193733002451e+01 -3.8647154073884131e+01 5.0029738285703527e+00 9.0943789081210332e+02 0.0000000000000000e+00 0.0000000000000000e+00 0.0000000000000000e+00 0
1322 14 1 1.7417712715199998e+08 -6.6186561683966614e+07 -8.3716332330186769e+07 2.2968404776192971e+07 1.6590739588464846e+01 -3.8573329646903453e+01 4.9826979714374033e+00 9.0943789081210332e+02 1.1936212653612548e-02 -2.8593361924451235e-02 -1.7429062573369469e-03 0
1323 14 1 1.8280848515200001e+08 1.1965273013719817e+08 -2.2632056635959858e+08 3.0739646883339975e+07 1.8856072968946908e+01 -4.0282524283270043e+00 -5.2506992924992640e-02 8.6569508701618724e+02 -1.4855239115652044e-01 -7.0203391405726595e-02 3.5663325744910790e-01 0
1324 14 3 1.8280848615199998e+08 1.1965274899327064e+08 -2.2632057038785014e+08 3.0739646830832861e+07 1.8856072042605085e+01 -4.0282506761714911e+00 -5.2507230908849373e-02 8.6569508701618724e+02 0.0000000000000000e+00 0.0000000000000000e+00 0.0000000000000000e+00 171
1325 14 2 1.8280848715199998e+08 1.1965276800115070e+08 -2.2632057410871118e+08 3.0739646704202078e+07 1.8856071117845804e+01 -4.0282488769895020e+00 -5.2507477763279187e-02 8.6569508701619543e+02 0.0000000000000000e+00 0.0000000000000000e+00 0.0000000000000000e+00 0
1326 14 1 1.8281712715199998e+08 1.1981564987862200e+08 -2.2635531280371299e+08 3.0739184160593174e+07 1.8848067016747336e+01 -4.0131184307898371e+00 -5.4562374403079247e-02 8.6569508701619543e+02 1.7080319018139011e-02 7.9225579150757675e-02 -1.3173777162879802e-01 0
1327 14 1 1.9274448615199998e+08 2.6418050987946403e+08 -1.9771470421534178e+08 8.6603389745646510e+06 1.0462510241743706e+01 8.3118797254545687e+00 -4.7506426179059789e+00 7.8508050811619194e+02 1.5292568301615744e-01 1.2779560711174234e-01 -4.4423264891379249e-01 0
1328 14 2 1.9274448815199998e+08 2.6418053080448249e+08 -1.9771468759158090e+08 8.6603294732793700e+06 1.0462508292092036e+01 8.3118811845885965e+00 -4.7506426818192269e+00 7.8508050811619194e+02 0.0000000000000000e+00 0.0000000000000000e+00 0.0000000000000000e+00 0
1329 14 1 1.9275312815199998e+08 2.6427089048991060e+08 -1.9764284571283203e+08 8.6192827297207918e+06 1.0454085437122902e+01 8.3181826894763002e+00 -4.7509180972642264e+00 7.8508050811619194e+02 1.0989390775546545e-01 1.6378917033497456e-01 -4.4501132334561389e-01 0
1330 14 1 2.0268048615199998e+08 3.2368108927802861e+08 -7.8414032851758659e+07 -5.9021748515410908e+07 1.1516757571645331e+00 1.4749942752878848e+01 -7.8691289832783733e+00 7.0388089015073513e+02 4.2482681578252746e-02 6.0599214701335155e-02 -1.3642248218043826e-01 0
1331 14 3 2.0268048715199998e+08 3.2368109042970383e+08 -7.8414018101815790e+07 -5.9021756384539776e+07 1.1516746470192472e+00 1.4749943021819366e+01 -7.8691287808485058e+00 7.0388089015073513e+02 0.0000000000000000e+00 0.0000000000000000e+00 0.0000000000000000e+00 238
1332 14 2 2.0268048815199998e+08 3.2368109158014202e+08 -7.8414003340115175e+07 -5.9021764253427334e+07 1.1516735354258485e+00 1.4749943291178090e+01 -7.8691285779027993e+00 7.0388089015131072e+02 0.0000000000000000e+00 0.0000000000000000e+00 0.0000000000000000e+00 0
1333 14 1 2.0268912815199998e+08 3.2369100060211259e+08 -7.8286553797127202e+07 -5.9089745965600856e+07 1.1420813855397862e+00 1.4752265132410356e+01 -7.8673785127847022e+00 7.0388089015131072e+02 -1.0706323126866606e-03 -4.2761393744431145e-03 -3.9746537314551012e-03 0
1334 14 1 2.1520848715199998e+08 2.4748225354463607e+08 1.1403213526639207e+08 -1.2649421494550936e+08 -1.3513063657124182e+01 1.4686055466406119e+01 -1.5724886067633403e+00 6.7401678582060390e+02 1.1519530300063667e-02 1.2551330147945561e-01 1.4565688151447892e-01 0
1335 14 2 2.1520848915199998e+08 2.4748222651850641e+08 1.1403216463850182e+08 -1.2649421809048533e+08 -1.3513066079845531e+01 1.4686054350091165e+01 -1.5724873684512928e+00 6.7401678582060390e+02 0.0000000000000000e+00 0.0000000000000000e+00 0.0000000000000000e+00 0
1336 14 1 2.1521712915199998e+08 2.4736542841452768e+08 1.1415903130430460e+08 -1.2650778126739128e+08 -1.3523531976923302e+01 1.4681228166355293e+01 -1.5671364429424921e+00 6.7401678582060390e+02 1.7751310309325325e-02 1.2127605527178616e-01 1.2414654549404151e-01 0
1337 14 1 2.2773648715199998e+08 -2.0742888781409976e+06 2.2300243827718908e+08 -7.7473747770480588e+07 -2.3959082301618366e+01 -1.3680085998293694e+00 9.4452134927546592e+00 6.4704674129805210e+02 5.4561524122865700e-04 -2.8541670202296989e-03 -5.7539689198612054e-03 0
1338 14 3 2.2773648815199998e+08 -2.0743128372232413e+06 2.2300243690917936e+08 -7.7473738325266719e+07 -2.3959082280697821e+01 -1.3680108489402998e+00 9.4452142741229892e+00 6.4704674129805210e+02 0.0000000000000000e+00 0.0000000000000000e+00 0.0000000000000000e+00 253
1339 14 2 2.2773648915199998e+08 -2.0743368003374327e+06 2.2300243555366692e+08 -7.7473728884929344e+07 -2.3959082257573492e+01 -1.3680130985225618e+00 9.4452150548390659e+00 6.4704671744464008e+02 0.0000000000000000e+00 0.0000000000000000e+00 0.0000000000000000e+00 0
1340 14 1 2.2774512915199998e+08 -2.2813424640731448e+06 2.2299053196151757e+08 -7.7392093068223596e+07 -2.3958892437466506e+01 -1.3874493608728384e+00 9.4519640684975688e+00 6.4704671744464008e+02 -5.4714783295438090e-03 1.5812677632597320e-04 -1.1024152081557595e-02 0
1341 14 1 2.4242448815199998e+08 -2.1868675284788698e+08 -1.5733381357044876e+07 9.2609924286925852e+07 4.7238770714138933e-01 -2.4376548996075851e+01 9.5235093411579488e+00 6.2479157656204575e+02 -3.0635866634762263e-03 1.0305113703941233e-02 1.2658224950392577e-01 0
1342 14 2 2.4242449015199998e+08 -2.1868675190310726e+08 -1.5733430110142460e+07 9.2609943333942667e+07 4.7239201227686928e-01 -2.4376548686343124e+01 9.5235075180099642e+00 6.2479157656204575e+02 0.0000000000000000e+00 0.0000000000000000e+00 0.0000000000000000e+00 0
1343 14 1 2.4243313015199998e+08 -2.1868259010671228e+08 -1.5944037685666859e+07 9.2692192410538957e+07 4.9098507550487386e-01 -2.4375202042311638e+01 9.5156301158768724e+00 6.2479157656204575e+02 -4.2342426535369609e-04 1.7959741093085478e-02 1.1662520089006431e-01 0
1344 14 1 2.5711248815199998e+08 -6.2858796487690143e+07 -2.8858729014859873e+08 1.5227390508004522e+08 1.5768848168356005e+01 -1.1053241820070413e+01 -7.5295167001507324e-01 6.0010000000099285e+02 -2.4731115726527430e-02 -7.8638929192567150e-03 7.7366712058495159e-03 0
1345 14 3 2.5711248915199998e+08 -6.2858780718841888e+07 -2.8858730120184004e+08 1.5227390432709330e+08 1.5768848395708105e+01 -1.1053240776287536e+01 -7.5295222077006729e-01 6.0010000000099285e+02 0.0000000000000000e+00 0.0000000000000000e+00 0.0000000000000000e+00 167
1346 14 4 2.5711249015199998e+08 -6.2858764859874085e+07 -2.8858731223561513e+08 1.5227390354706675e+08 1.5768848627858191e+01 -1.1053239730833683e+01 -7.5295277353658796e-01 6.0010000000000002e+02 0.0000000000000000e+00 0.0000000000000000e+00 0.0000000000000000e+00 0
1347 15 0 0.0000000000000000e+00 -1.9500328646873634e+07 1.4581848347052613e+08 -7.6372048832368055e+03 -2.9335221675116934e+01 -4.3503048356051588e+00 -3.9303311730444457e+00 1.6747446596488539e+03 0.0000000000000000e+00 0.0000000000000000e+00 0.0000000000000000e+00 0
1348 15 2 1.0008480152000001e+07 -1.1253729272534010e+08 -8.7675045575813904e+07 -1.6321231672850281e+07 1.8611345955515354e+01 -2.4264839147435001e+01 2.0201425954967620e+00 1.6747446596488539e+03 0.0000000000000000e+00 0.0000000000000000e+00 0.0000000000000000e+00 0
1349 15 1 1.0017120152000001e+07 -1.1237630249148083e+08 -8.7884546973503590e+07 -1.6303750342297122e+07 1.8654901489720679e+01 -2.4230841238901064e+01 2.0264605707118064e+00 1.6747446596488539e+03 5.1976347582417960e-02 -8.7646444933508802e-02 2.9302678408048244e-01 0
1350 15 1 2.5128479152000003e+07 1.3207224563974725e+08 7.9938073258713856e+07 2.5523549281167861e+07 -1.4164988647262259e+01 2.4233566212294896e+01 -1.4840547899591214e+00 1.5831512117195637e+03 1.3082529611989097e-02 -1.0065118026132115e-01 1.3630952836176316e-01 0
1351 15 2 2.5128481151999999e+07 1.3207221730976087e+08 7.9938121725840643e+07 2.5523546313056521e+07 -1.4164997797090734e+01 2.4233560674265647e+01 -1.4840565582042835e+00 1.5831512117195637e+03 0.0000000000000000e+00 0.0000000000000000e+00 0.0000000000000000e+00 0
1352 15 1 2.5137121151999999e+07 1.3194966102554424e+08 8.0147396247941047e+07 2.5510691070560586e+07 -1.4204506128166567e+01 2.4209605418630840e+01 -1.4916933402669437e+00 1.5831512117195637e+03 8.0709789808130247e-02 -4.4273155220235033e-02 -6.5898788114265486e-02 0
1353 15 1 4.0248479152000003e+07 -1.0825244971982165e+08 -6.8102499767315254e+07 -2.4448930730236299e+07 1.7894985245328726e+01 -2.8321277441015464e+01 1.9429026716884363e+00 1.5265004389966371e+03 6.9125174397271366e-02 -5.3684520381490228e-02 -1.6425812793778088e-01 0
1354 15 3 4.0248480152000003e+07 -1.0825243182483318e+08 -6.8102528088590592e+07 -2.4448928787332896e+07 1.7894991753062602e+01 -2.8321273346945777e+01 1.9429041414671062e+00 1.5265004389966371e+03 0.0000000000000000e+00 0.0000000000000000e+00 0.0000000000000000e+00 42
1355 15 2 4.0248481151999995e+07 -1.0825241406531638e+08 -6.8102556225924924e+07 -2.4448926863934305e+07 1.7894998220395870e+01 -2.8321269269833110e+01 1.9429056039032140e+00 1.5265004389966364e+03 0.0000000000000000e+00 0.0000000000000000e+00 0.0000000000000000e+00 0
1356 15 1 4.0257121151999995e+07 -1.0809755848972540e+08 -6.8347098994680047e+07 -2.4432085311346676e+07 1.7951187221177452e+01 -2.8285831455975071e+01 1.9556006609595904e+00 1.5265004389966364e+03 9.9000375578560632e-02 -2.1088394594301063e-02 -3.6979768954127135e-02 0
1357 15 1 6.1848480152000003e+07 -2.9254387083903056e+07 1.5590317498566481e+08 6.7941837501949370e+06 -2.8346239282047069e+01 -5.3972746960588225e+00 -5.2001459051842840e+00 1.4290910646188827e+03 -3.4495061065984017e-01 1.7610374385432928e-01 1.3735710745465032e-01 0
1358 15 2 6.1848482152000003e+07 -2.9254443776379567e+07 1.5590316419110510e+08 6.7941733499026969e+06 -2.8346237341915625e+01 -5.3972850354430451e+00 -5.2001463557692373e+00 1.4290910646188827e+03 0.0000000000000000e+00 0.0000000000000000e+00 0.0000000000000000e+00 0
1359 15 1 6.1857122152000003e+07 -2.9499318957844727e+07 1.5585633870681870e+08 6.7492356947998703e+06 -2.8337820680217529e+01 -5.4419455653028059e+00 -5.2020864916844127e+00 1.4290910646188827e+03 3.3975239385050843e-02 5.5738211514458298e-02 -3.4948223598353048e-02 0
1360 15 1 8.3448480152000010e+07 1.0627788338124514e+08 -1.0384703677057336e+08 7.4045280622260617e+06 1.5806033208808357e+01 2.3897948970995742e+01 4.5429428487337011e+00 1.3082260786960235e+03 -3.7012326555548741e-01 1.4607433928765043e-01 -1.2497953878015917e-01 0
1361 15 3 8.3448481152000010e+07 1.0627789918727618e+08 -1.0384701287262234e+08 7.4045326051687524e+06 1.5806028925650688e+01 2.3897953156185864e+01 4.5429425503200749e+00 1.3082260786960235e+03 0.0000000000000000e+00 0.0000000000000000e+00 0.0000000000000000e+00 20
1362 15 2 8.3448482151999995e+07 1.0627791487120582e+08 -1.0384698914510429e+08 7.4045371198980035e+06 1.5806024687234983e+01 2.3897957306169229e+01 4.5429422569830953e+00 1.3082260786062957e+03 0.0000000000000000e+00 0.0000000000000000e+00 0.0000000000000000e+00 0
1363 15 1 8.3457122151999995e+07 1.0641431894000590e+08 -1.0364035463937041e+08 7.4437769797283886e+06 1.5768977760795028e+01 2.3934097631260212e+01 4.5403559633722503e+00 1.3082260786062957e+03 9.8014930051219792e-02 -2.2454538244228474e-02 1.0928757134345038e-03 0
1364 15 1 9.4680481152000010e+07 -7.9057503851607487e+07 9.0254109939152166e+07 -4.4968792447427185e+06 -2.7157112137593941e+01 -2.0493042601062275e+01 -5.9825853233832271e+00 1.2546101950670125e+03 2.1742644989705240e-01 -1.7478461105813581e-01 1.7634877367580282e-02 0
1365 15 2 9.4680483151999995e+07 -7.9057558165819526e+07 9.0254068953053206e+07 -4.4968912099126512e+06 -2.7157100014527636e+01 -2.0493056441063310e+01 -5.9825846338089752e+00 1.2546101950670125e+03 0.0000000000000000e+00 0.0000000000000000e+00 0.0000000000000000e+00 0
1366 15 1 9.4689123151999995e+07 -7.9291969084703535e+07 9.0076750877037033e+07 -4.5485678252364751e+06 -2.7104665991364616e+01 -2.0552769108440021e+01 -5.9795894268037815e+00 1.2546101950670125e+03 -6.4190838944930394e-03 -2.6100253323901083e-02 -9.5632015423090851e-03 0
1367 15 1 1.0591248115200001e+08 2.0048972119358584e+07 -1.4873466452033326e+08 -9.7529122119631525e+06 2.8710340776968028e+01 1.8066162005557107e+00 4.6268838065935762e+00 1.1931646462151875e+03 2.9166306947318293e-01 -2.9159805991429233e-01 2.4912302727083703e-02 0
1368 15 3 1.0591248215200000e+08 2.0049000829698917e+07 -1.4873466271371415e+08 -9.7529075850791652e+06 2.8710339994815214e+01 1.8066220030054494e+00 4.6268841870749515e+00 1.1931646462151875e+03 0.0000000000000000e+00 0.0000000000000000e+00 0.0000000000000000e+00 46
1369 15 2 1.0591248315200000e+08 2.0049029928032294e+07 -1.4873466079690930e+08 -9.7529028882776983e+06 2.8710339215221925e+01 1.8066278689554884e+00 4.6268845734502406e+00 1.1931646462148938e+03 0.0000000000000000e+00 0.0000000000000000e+00 0.0000000000000000e+00 0
1370 15 1 1.0592112315200000e+08 2.0297057947635151e+07 -1.4871883498613560e+08 -9.7129124250061810e+06 2.8703540619624736e+01 1.8567508612902488e+00 4.6301646996653547e+00 1.1931646462148938e+03 -6.4093574600280010e-03 -5.0959363810684983e-04 -7.3008015644839774e-02 0
1371 15 1 1.2060048215200000e+08 1.9635569713053808e+07 1.3745519540038478e+08 1.2140437838821799e+07 -3.1426776464827636e+01 3.4685033500160691e+00 -4.5727818859792428e+00 1.1547142864170796e+03 -1.0276219234540060e-01 8.2220669220943218e-02 -6.9869705955800124e-02 0
1372 15 2 1.2060048415200000e+08 1.9635506859499082e+07 1.3745520233737800e+08 1.2140428693256855e+07 -3.1426778389602696e+01 3.4684898759602811e+00 -4.5727830760460897e+00 1.1547142864170796e+03 0.0000000000000000e+00 0.0000000000000000e+00 0.0000000000000000e+00 0
1373 15 1 1.2060912415200000e+08 1.9363943735829316e+07 1.3748491859158629e+08 1.2100897660153052e+07 -3.1435036983505917e+01 3.4102680428312979e+00 -4.5779164641681467e+00 1.1547142864170796e+03 -2.5416138653456554e-02 -5.9352789208942641e-03 2.4413563623428298e-02 0
1374 15 1 1.3528848215200001e+08 -3.6041409008967355e+07 -1.5787409708385131e+08 -1.4287640468855884e+07 2.5735170621674921e+01 -7.5412594706607612e+00 3.5702036848977534e+00 1.1274839939059300e+03 -9.7309159168697437e-02 4.4322775874072039e-02 3.9844675232853642e-02 0
1375 15 3 1.3528848315200001e+08 -3.6041383273796231e+07 -1.5787410462510833e+08 -1.4287636898651984e+07 2.5735171735027706e+01 -7.5412545937805948e+00 3.5702041262564137e+00 1.1274839939059300e+03 0.0000000000000000e+00 0.0000000000000000e+00 0.0000000000000000e+00 209
1376 15 2 1.3528848415200001e+08 -3.6041357503953718e+07 -1.5787411212532294e+08 -1.4287633320843957e+07 2.5735172857184367e+01 -7.5412497197687403e+00 3.5702045686131885e+00 1.1274839939059300e+03 0.0000000000000000e+00 0.0000000000000000e+00 0.0000000000000000e+00 0
1377 15 1 1.3529712415200001e+08 -3.5818964143177800e+07 -1.5793908648191983e+08 -1.4256770292752286e+07 2.5744761543486685e+01 -7.4991091716001392e+00 3.5740133925454582e+00 1.1274839939059300e+03 1.9446171485188585e-01 -9.8837251727372538e-02 -3.0707985913118033e-02 0
1378 15 1 1.4652048315200001e+08 1.5344903434400234e+08 1.6181544701696889e+07 2.3339872211763330e+07 -5.0938193571494814e+00 2.8383247172298343e+01 7.3597450481487658e-01 1.0972757571704647e+03 -1.1466553428037395e-02 5.0032685782688000e-04 1.9635937002134584e-03 0
1379 15 2 1.4652048515200001e+08 1.5344902415635291e+08 1.6181601468189994e+07 2.3339873683710705e+07 -5.0938300741138445e+00 2.8383246042168402e+01 7.3597287474534900e-01 1.0972757571704647e+03 0.0000000000000000e+00 0.0000000000000000e+00 0.0000000000000000e+00 0
1380 15 1 1.4652912515200001e+08 1.5340481345774284e+08 1.6426811514178267e+07 2.3346202062285688e+07 -5.1401282212866084e+00 2.8378326078508632e+01 7.2892887342098722e-01 1.0972757571704647e+03 2.1999299316398296e-01 -2.7237887307647241e-01 1.2166159233417180e-01 0
1381 15 1 1.5775248315200001e+08 -1.0131996451092237e+08 7.3449177309098914e+07 -8.9812798755886052e+06 -1.6810621975402654e+01 -2.8680160128887106e+01 -4.0773820282370297e+00 1.0346213399551591e+03 1.0583654569736781e-01 5.5198702682142220e-02 1.7718977526254662e-02 0
1382 15 3 1.5775248415200001e+08 -1.0131998132154091e+08 7.3449148628936365e+07 -8.9812839529703241e+06 -1.6810615166913099e+01 -2.8680165064516721e+01 -4.0773814247137317e+00 1.0346213399551591e+03 0.0000000000000000e+00 0.0000000000000000e+00 0.0000000000000000e+00 289
1383 15 2 1.5775248515200001e+08 -1.0131999815659882e+08 7.3449120068966970e+07 -8.9812880353659000e+06 -1.6810608378842801e+01 -2.8680169967802406e+01 -4.0773808214315972e+00 1.0346213399374867e+03 0.0000000000000000e+00 0.0000000000000000e+00 0.0000000000000000e+00 0
1384 15 1 1.5776112515200001e+08 -1.0146498751489261e+08 7.3201139349384740e+07 -9.0164940452737343e+06 -1.6751723121810777e+01 -2.8722754659669672e+01 -4.0721545757477617e+00 1.0346213399374867e+03 2.1636696119166084e-02 1.6145046975035535e-02 5.2045738621182128e-02 0
1385 15 1 1.6380048415200001e+08 -5.2024706621728964e+07 -1.0817820833068730e+08 -1.4846736839572392e+07 3.0282579713114753e+01 -1.7024291193639396e+01 2.4090774367703998e+00 1.0115679076126816e+03 1.7304402570495367e-01 5.9946055522656283e-03 -2.5313565442364772e-01 0
1386 15 2 1.6380048615200001e+08 -5.2024646056561857e+07 -1.0817824237925339e+08 -1.4846732021415303e+07 3.0282587516909881e+01 -1.7024274966710792e+01 2.4090796638072995e+00 1.0115679076126816e+03 0.0000000000000000e+00 0.0000000000000000e+00 0.0000000000000000e+00 0
1387 15 1 1.6380912615200001e+08 -5.1762859126964152e+07 -1.0832502918566768e+08 -1.4825876036374940e+07 3.0316208218840742e+01 -1.6954141376361680e+01 2.4186917436572677e+00 1.0115679076126816e+03 2.1325559136926700e-01 4.1456762460882632e-02 -2.4970684180128386e-01 0
1388 15 1 1.6984848415200001e+08 1.2428074270822433e+08 -6.9580264805590987e+07 7.3363688066002885e+06 1.7919821905336711e+01 2.4031769353675223e+01 3.6759601199373653e+00 9.8804328911582104e+02 -1.9567842054957128e-02 3.7277119596000508e-03 2.6301739962866669e-02 0
1389 15 3 1.6984848515200001e+08 1.2428076062804335e+08 -6.9580240773820087e+07 7.3363724825602332e+06 1.7919816219963177e+01 2.4031772536708171e+01 3.6759597843262029e+00 9.8804328911582104e+02 0.0000000000000000e+00 0.0000000000000000e+00 0.0000000000000000e+00 82
1390 15 2 1.6984848615199998e+08 1.2428077854597117e+08 -6.9580216729365230e+07 7.3363761566298595e+06 1.7919810537078519e+01 2.4031775722000500e+01 3.6759594491078693e+00 9.8804328914918574e+02 0.0000000000000000e+00 0.0000000000000000e+00 0.0000000000000000e+00 0
1391 15 1 1.6985712615199998e+08 1.2443539346796671e+08 -6.9372463528656945e+07 7.3681239046716057e+06 1.7870676554246799e+01 2.4059225888736087e+01 3.6730545695799832e+00 9.8804328914918574e+02 1.2534048595807018e-01 1.0058208019929143e-01 2.8564584769509649e-03 0
1392 15 1 1.7848848515200001e+08 8.5674416902944401e+07 1.3971344296813384e+08 1.5530568686016742e+07 -2.1734785131372039e+01 1.3805203311112054e+01 -2.3713635344501611e+00 9.3697153965133350e+02 1.8968447243706951e-01 -7.1555421626521539e-03 -2.9719509087414220e-01 0
1393 15 2 1.7848848715199998e+08 8.5674373433369130e+07 1.3971347057853210e+08 1.5530563943288760e+07 -2.1734790228330390e+01 1.3805194999250986e+01 -2.3713644583977356e+00 9.3697153965133350e+02 0.0000000000000000e+00 0.0000000000000000e+00 0.0000000000000000e+00 0
1394 15 1 1.7849712715199998e+08 8.5486489794755980e+07 1.3983259230138105e+08 1.5510058119039686e+07 -2.1756784633751515e+01 1.3769272947438216e+01 -2.3753532208513475e+00 9.3697153965133350e+02 2.4522411025783197e-01 -1.9583887204684344e-02 -2.8657723991804435e-01 0
1395 15 1 1.8712848515200001e+08 -1.0666395967620087e+08 7.8718882453465089e+07 -1.7326954403102160e+07 -1.1150339296921015e+01 -2.8418645042908906e+01 -2.7233809414977368e+00 8.7857932559917242e+02 1.3464294828502735e-01 2.0254760901122140e-01 5.6982106123324695e-02 0
1396 15 3 1.8712848615199998e+08 -1.0666397082653719e+08 7.8718854034817904e+07 -1.7326957126482613e+07 -1.1150333373213240e+01 -2.8418649414653110e+01 -2.7233799792250299e+00 8.7857932559917242e+02 0.0000000000000000e+00 0.0000000000000000e+00 0.0000000000000000e+00 246
1397 15 2 1.8712848715199998e+08 -1.0666398198110071e+08 7.8718825630139291e+07 -1.7326959850151081e+07 -1.1150327450017137e+01 -2.8418653783350408e+01 -2.7233790170574848e+00 8.7857932559917276e+02 0.0000000000000000e+00 0.0000000000000000e+00 0.0000000000000000e+00 0
1398 15 1 1.8713712715199998e+08 -1.0676009953541929e+08 7.8473125377879739e+07 -1.7350453894563269e+07 -1.1099086327493604e+01 -2.8456394079756937e+01 -2.7150532944326544e+00 8.7857932559917276e+02 -5.5533059925753477e-02 5.6860004166897064e-02 -9.9063037984281743e-03 0
1399 15 1 2.0440848615199998e+08 1.2891121212133244e+07 1.4837670884918293e+08 6.4032282597705824e+06 -2.6751629660781532e+01 5.2222180280827724e+00 -4.6439529309850389e+00 8.1525499395212933e+02 -1.3239016576055665e-01 1.6034984393523535e-01 -2.0325285116046996e-03 0
1400 15 3 2.0440848715199998e+08 1.2891094460503379e+07 1.4837671407139796e+08 6.4032236158175319e+06 -2.6751630177201253e+01 5.2222120840894224e+00 -4.6439531874992310e+00 8.1525499395212933e+02 0.0000000000000000e+00 0.0000000000000000e+00 0.0000000000000000e+00 216
1401 15 2 2.0440848815199998e+08 1.2891067708872996e+07 1.4837671929360709e+08 6.4032189718642244e+06 -2.6751630693619870e+01 5.2222061400961843e+00 -4.6439534440132251e+00 8.1525499395212933e+02 0.0000000000000000e+00 0.0000000000000000e+00 0.0000000000000000e+00 0
1402 15 1 2.0441712815199998e+08 1.2659914462654157e+07 1.4842161730836734e+08 6.3630856612627329e+06 -2.6756051515622879e+01 5.1708542323504609e+00 -4.6461622645649134e+00 8.1525499395212933e+02 6.4332821340883528e-02 6.4447608031325154e-02 3.0051257823560296e-01 0
1403 15 1 2.1434448715199998e+08 -1.1927744867955577e+08 -3.0880335920142084e+07 -1.2644659527756244e+07 1.4905840785454187e+01 -2.9725570050097136e+01 2.4108804679298719e+00 7.5714586831532358e+02 5.1477025467653932e-02 -8.7051608814885939e-02 1.3260554689968937e-01 0
1404 15 2 2.1434448915199998e+08 -1.1927741886785761e+08 -3.0880395371277753e+07 -1.2644654705993554e+07 1.4905857447825113e+01 -2.9725565736287805e+01 2.4108822343156877e+00 7.5714586831532358e+02 0.0000000000000000e+00 0.0000000000000000e+00 0.0000000000000000e+00 0
1405 15 1 2.1435312915199998e+08 -1.1914832125575991e+08 -3.1137143489394780e+07 -1.2623791720078737e+07 1.4977854121627095e+01 -2.9706838472376262e+01 2.4185124673777199e+00 7.5714586831532358e+02 7.5723838806229807e-02 -5.2303196170544027e-02 4.9440815175146438e-02 0
1406 15 1 2.2428048715199998e+08 1.2325148722861741e+08 5.3381114618556775e+07 1.1065521414781827e+07 -3.8746178778718305e+00 3.1635078285086362e+01 -1.7851773297738263e+00 7.2623832504932011e+02 1.2807553592633203e-01 5.1533408402483834e-02 -1.2974622452750034e-01 0
1407 15 3 2.2428048815199998e+08 1.2325148335399620e+08 5.3381146253633551e+07 1.1065519629604204e+07 -3.8746245601616742e+00 3.1635075390937182e+01 -1.7851779297099262e+00 7.2623832504932011e+02 0.0000000000000000e+00 0.0000000000000000e+00 0.0000000000000000e+00 71
1408 15 2 2.2428048915199998e+08 1.2325147938389489e+08 5.3381177882990338e+07 1.1065517834533785e+07 -3.8746312684141939e+00 3.1635072507673808e+01 -1.7851785326219409e+00 7.2623832504932034e+02 0.0000000000000000e+00 0.0000000000000000e+00 0.0000000000000000e+00 0
1409 15 1 2.2428912915199998e+08 1.2321775331859863e+08 5.3654396762857147e+07 1.1050071522614432e+07 -3.9323093229002328e+00 3.1610024354864759e+01 -1.7903539630675795e+00 7.2623832504932034e+02 -1.3358375384003854e-01 -1.7924563049016515e-01 4.7474027883409660e-02 0
1410 15 1 2.3162448815199998e+08 -1.0065506364397682e+07 1.7068464163028571e+08 -7.3220239288773956e+06 -2.3969929323869845e+01 -8.5168478619610577e-01 -2.3862636646868025e+00 7.0560240203807950e+02 2.2788175473631178e-03 9.3726628855704246e-03 -7.7581429582447071e-04 0
1411 15 2 2.3162449015199998e+08 -1.0065554304255702e+07 1.7068463992690712e+08 -7.3220287014043275e+06 -2.3969928790854325e+01 -8.5169382472263233e-01 -2.3862632769522718e+00 7.0560240203807950e+02 0.0000000000000000e+00 0.0000000000000000e+00 0.0000000000000000e+00 0
1412 15 1 2.3163313015199998e+08 -1.0272644473749654e+07 1.7067711261973861e+08 -7.3426387735088682e+06 -2.3967602587121519e+01 -8.9073745519209901e-01 -2.3845859893240857e+00 7.0560240203807950e+02 -1.1363252304156442e-01 -3.9658385803124294e-02 3.0828512826106571e-02 0
1413 15 1 2.3896848815199998e+08 -1.3874003012414792e+08 4.8537962328289494e+07 -1.4635301092691980e+07 -4.3502879859156760e+00 -3.0061549822512980e+01 9.0087885058415729e-01 6.7223607361759593e+02 -5.6724455657641858e-02 -2.5318204824303192e-01 2.6340525834686719e-02 0
1414 15 3 2.3896848915199998e+08 -1.3874003447443303e+08 4.8537932266738728e+07 -1.4635300191812828e+07 -4.3502822729249084e+00 -3.0061551821192378e+01 9.0087945323168517e-01 6.7223607361759593e+02 0.0000000000000000e+00 0.0000000000000000e+00 0.0000000000000000e+00 233
1415 15 2 2.3896849015199998e+08 -1.3874003882485220e+08 4.8537902194317423e+07 -1.4635299290017245e+07 -4.3502765584850200e+00 -3.0061553821797464e+01 9.0088005619348221e-01 6.7223607357444200e+02 0.0000000000000000e+00 0.0000000000000000e+00 0.0000000000000000e+00 0
1416 15 1 2.3897713015199998e+08 -1.3877741188543633e+08 4.8278095876523808e+07 -1.4627493188885793e+07 -4.3008841581143891e+00 -3.0078785070528689e+01 9.0608823124178894e-01 6.7223607357444200e+02 -2.7255892845610932e-02 -5.6575451908317198e-02 -8.3575961409181720e-02 0
1417 15 1 2.4631248915199998e+08 -2.0662188849009939e+06 -1.2705493264028969e+08 7.5839567237712443e+06 3.4658899992621507e+01 -3.1781871808383895e+00 4.5512845927916628e+00 6.3851314519944515e+02 -9.3522528132570670e-02 -1.0044197287813540e-01 3.3569895164111091e-01 0
1418 15 2 2.4631249115199998e+08 -2.0661495671008800e+06 -1.2705493899664770e+08 7.5839658263394348e+06 3.4658900258478120e+01 -3.1781708326370945e+00 4.5512836169608173e+00 6.3851314519944515e+02 0.0000000000000000e+00 0.0000000000000000e+00 0.0000000000000000e+00 0
1419 15 1 2.4632113115199998e+08 -1.7666919480231516e+06 -1.2708209333383606e+08 7.6232706775394836e+06 3.4659965207896008e+01 -3.1075597704810360e+00 4.5470583419132664e+00 6.3851314519944515e+02 -1.5234578722351447e-01 -1.2292363321100071e-01 3.2977511219359090e-01 0
1420 15 1 2.5365648915199998e+08 1.6146179743082786e+08 -4.3179337991329366e+06 2.7885861215808760e+07 4.8370217552743489e+00 2.5931094965290352e+01 -3.6753039189862308e-02 6.0010000000014156e+02 2.7120823897364192e-02 -8.4835162444525408e-02 -2.8034423355811997e-02 0
1421 15 3 2.5365649015199998e+08 1.6146180226784715e+08 -4.3179078680379577e+06 2.7885861179055303e+07 4.8370168892690382e+00 2.5931095095420364e+01 -3.6753879591423601e-02 6.0010000000014156e+02 0.0000000000000000e+00 0.0000000000000000e+00 0.0000000000000000e+00 106
1422 15 4 2.5365649115199998e+08 1.6146180698262551e+08 -4.3178818121424969e+06 2.7885861113473687e+07 4.8370119988278759e+00 2.5931095248577719e+01 -3.6754726465062414e-02 6.0010000000000002e+02 0.0000000000000000e+00 0.0000000000000000e+00 0.0000000000000000e+00 0
1423 16 0 0.0000000000000000e+00 -1.9500328646873634e+07 1.4581848347052613e+08 -7.6372048832368055e+03 -2.9513419672579676e+01 -4.3901111745157841e+00 -3.9542845953962757e+00 1.9055996272490829e+03 0.0000000000000000e+00 0.0000000000000000e+00 0.0000000000000000e+00 0
1424 16 2 1.0008480152000001e+07 -1.1587620111599298e+08 -8.7451196113245264e+07 -1.6755322641103594e+07 1.7779716313591187e+01 -2.4460184437432780e+01 1.9073841913372760e+00 1.9055996272490829e+03 0.0000000000000000e+00 0.0000000000000000e+00 0.0000000000000000e+00 0
1425 16 1 1.0017120152000001e+07 -1.1572240053088869e+08 -8.7662393193402737e+07 -1.6738816256546108e+07 1.7822261157594244e+01 -2.4428015934882779e+01 1.9135370908019889e+00 1.9055996272490829e+03 -2.3354573491058528e-01 4.1357542367266069e-02 -9.2044177206158651e-02 0
1426 16 1 2.4696479152000003e+07 1.1730190925629669e+08 6.9049508840818971e+07 1.4938107693242753e+07 -1.7294715276606023e+01 2.6222392901894285e+01 -1.8243187597843389e+00 1.8468101917502081e+03 -1.6872390870166246e-02 -3.0513121202605381e-02 -7.8451572215515922e-02 0
1427 16 2 2.4696481151999999e+07 1.1730187466685410e+08 6.9049561285597533e+07 1.4938104044603696e+07 -1.7294727402667121e+01 2.6222385763911539e+01 -1.8243203040082332e+00 1.8468101917502081e+03 0.0000000000000000e+00 0.0000000000000000e+00 0.0000000000000000e+00 0
1428 16 1 2.4705121151999999e+07 1.1715222199131882e+08 6.9275989325917900e+07 1.4922313105145168e+07 -1.7347087455889749e+01 2.6191493857024817e+01 -1.8309889571184486e+00 1.8468101917502081e+03 -2.7357482245577791e-01 -1.3682894118807758e-02 1.9563004858664093e-02 0
1429 16 1 3.9384479152000003e+07 -1.1337773393822755e+08 -1.0740184744599579e+08 -1.3541478068790410e+07 1.6991700984551922e+01 -2.2731072672355182e+01 1.8789063678784501e+00 1.7875111165025401e+03 7.1579752843249139e-03 -7.3846471880400749e-02 6.4180065699605243e-02 0
1430 16 3 3.9384480152000003e+07 -1.1337771694652465e+08 -1.0740187017706656e+08 -1.3541476189883811e+07 1.6991704890721156e+01 -2.2731068972070716e+01 1.8789068344189555e+00 1.7875111165025401e+03 0.0000000000000000e+00 0.0000000000000000e+00 0.0000000000000000e+00 35
1431 16 2 3.9384481151999995e+07 -1.1337769989729424e+08 -1.0740189285770842e+08 -1.3541474304107269e+07 1.6991708801990008e+01 -2.2731065279953242e+01 1.8789073013317164e+00 1.7875111165025394e+03 0.0000000000000000e+00 0.0000000000000000e+00 0.0000000000000000e+00 0
1432 16 1 3.9393121152000003e+07 -1.1323074582432927e+08 -1.0759815108894274e+08 -1.3525223141453832e+07 1.7025427529054440e+01 -2.2699073856137748e+01 1.8829347530757243e+00 1.7875111165025394e+03 -4.6930760852106831e-02 1.0369267740716633e-01 -7.8590978271022308e-02 0
1433 16 1 8.6040480152000010e+07 1.3154811425032610e+08 -3.4432174310761027e+07 1.0848070681332830e+07 -2.5062665394582599e+00 3.1780963961203245e+01 -1.6900705057909821e-01 1.5696655767885152e+03 -2.4461562420537419e-01 -1.6955185763479191e-02 -9.3847160197620405e-02 0
1434 16 3 8.6040481152000010e+07 1.3154811174405612e+08 -3.4432142529796228e+07 1.0848070512325497e+07 -2.5062734171245769e+00 3.1780965761403117e+01 -1.6900761774352230e-01 1.5696655767885152e+03 0.0000000000000000e+00 0.0000000000000000e+00 0.0000000000000000e+00 234
1435 16 2 8.6040482151999995e+07 1.3154810923777926e+08 -3.4432110748829633e+07 1.0848070343317594e+07 -2.5062802947923437e+00 3.1780967561601742e+01 -1.6900818490806796e-01 1.5696655767885152e+03 0.0000000000000000e+00 0.0000000000000000e+00 0.0000000000000000e+00 0
1436 16 1 8.6049122151999995e+07 1.3152619811253792e+08 -3.4157456131362878e+07 1.0846588930226862e+07 -2.5657574838386608e+00 3.1796474622627127e+01 -1.7391302480032572e-01 1.5696655767885152e+03 -1.0808551893102686e-01 3.8018136942680192e-01 -2.0296825016681896e-01 0
1437 16 1 9.4680481152000010e+07 -1.1865375684662375e+08 4.6493283992887862e+07 -1.0204548802054081e+07 -2.3773441697130501e+01 -2.6533710329412148e+01 -1.6832349886417932e+00 1.4923466855522838e+03 -3.4121784172060826e-01 7.4103174295189311e-02 9.4562626851725465e-02 0
1438 16 2 9.4680483151999995e+07 -1.1865380439349197e+08 4.6493230925461397e+07 -1.0204552168522757e+07 -2.3773426625274823e+01 -2.6533716235163006e+01 -1.6832336924208771e+00 1.4923466855522838e+03 0.0000000000000000e+00 0.0000000000000000e+00 0.0000000000000000e+00 0
1439 16 1 9.4689123151999995e+07 -1.1885892559894083e+08 4.6263869676167987e+07 -1.0219071126067892e+07 -2.3708342751762739e+01 -2.6559133819904936e+01 -1.6776371561793220e+00 1.4923466855522838e+03 -1.4723313128820145e-01 2.1485001942774781e-01 1.9044088429942926e-01 0
1440 16 1 1.0332048115200001e+08 -1.3976119521959639e+08 -1.6219100566203234e+08 -5.7610011791037042e+06 1.0510460861828543e+01 -1.5926153538700014e+01 1.8328436403211388e+00 1.4129892171670042e+03 -2.6866572529052174e-01 2.8065879395684856e-01 1.1962040482982464e-01 0
1441 16 3 1.0332048215200000e+08 -1.3976118470913461e+08 -1.6219102158818474e+08 -5.7609993462600289e+06 1.0510462749699863e+01 -1.5926151347850299e+01 1.8328437181397894e+00 1.4129892171670042e+03 0.0000000000000000e+00 0.0000000000000000e+00 0.0000000000000000e+00 113
1442 16 2 1.0332048315200000e+08 -1.3976117370630240e+08 -1.6219103759706199e+08 -5.7609974742092313e+06 1.0510464700051003e+01 -1.5926149132251050e+01 1.8328438001142253e+00 1.4129892171670040e+03 0.0000000000000000e+00 0.0000000000000000e+00 0.0000000000000000e+00 0
1443 16 1 1.0332912315200000e+08 -1.3967029285678810e+08 -1.6232855774640641e+08 -5.7451588024764378e+06 1.0526765524560114e+01 -1.5907218062578616e+01 1.8335150196336865e+00 1.4129892171670040e+03 5.6609892961914578e-02 -1.5461002626785417e-01 -1.9551863387890459e-01 0
1444 16 1 1.1455248215200000e+08 4.4719217609847829e+07 -1.9336350591919088e+08 7.3859573879021043e+06 1.7542384898294099e+01 1.2384797141942750e+01 2.7521634715160470e-01 1.3562554635430197e+03 -1.0597198407049473e-01 -8.3305684444213796e-02 -1.0050735621336808e-01 0
1445 16 2 1.1455248415200000e+08 4.4719252694616042e+07 -1.9336348114959008e+08 7.3859579383345479e+06 1.7542383383101555e+01 1.2384803693551305e+01 2.7521609689804066e-01 1.3562554635430197e+03 0.0000000000000000e+00 0.0000000000000000e+00 0.0000000000000000e+00 0
1446 16 1 1.1456112415200000e+08 4.4870790567972980e+07 -1.9325635415640584e+08 7.3883311329314550e+06 1.7535823186814000e+01 1.2413113771721457e+01 2.7413425558366011e-01 1.3562554635430197e+03 -1.5764487315431497e-01 -2.6007704328212872e-01 -9.7642306420522837e-02 0
1447 16 1 1.2578448215200000e+08 -5.0288897449530832e+07 6.3877698588258162e+07 -3.5771046397718512e+06 -4.4367716722339971e+01 -1.8827023454278709e+01 -4.1192976790051272e-01 1.3114407038469888e+03 2.1372802160202316e-02 -2.8004339056353265e-03 3.7010355023458626e-02 0
1448 16 3 1.2578448315200000e+08 -5.0288941817241274e+07 6.3877679761226878e+07 -3.5771050517011783e+06 -4.4367704337586758e+01 -1.8827039185565482e+01 -4.1192888695971985e-01 1.3114407038469888e+03 0.0000000000000000e+00 0.0000000000000000e+00 0.0000000000000000e+00 223
1449 16 2 1.2578448415200000e+08 -5.0288986455379084e+07 6.3877660779948972e+07 -3.5771054655109337e+06 -4.4367691862304717e+01 -1.8827055040617807e+01 -4.1192799973389238e-01 1.3114407038469872e+03 0.0000000000000000e+00 0.0000000000000000e+00 0.0000000000000000e+00 0
1450 16 1 1.2579312415200000e+08 -5.0671860503962152e+07 6.3714409145163924e+07 -3.5806316758534485e+06 -4.4260496761927349e+01 -1.8962526283579706e+01 -4.0432826103983271e-01 1.3114407038469872e+03 4.7102799232910776e-03 -1.4523189710102332e-02 2.9060529515443748e-02 0
1451 16 1 1.3572048315200001e+08 -9.0904432247513816e+07 -1.7946392798905012e+08 1.8700951408695760e+06 1.4272812695761610e+01 -1.2092913499397611e+01 -8.4127917166455981e-03 1.2715468224518233e+03 -1.1197967037538559e-01 1.7003364297712134e-01 -2.7373028660347004e-01 0
1452 16 2 1.3572048515200001e+08 -9.0904403701885521e+07 -1.7946395217487121e+08 1.8700951240439317e+06 1.4272815658925882e+01 -1.2092907649504422e+01 -8.4128526751689227e-03 1.2715468224518233e+03 0.0000000000000000e+00 0.0000000000000000e+00 0.0000000000000000e+00 0
1453 16 1 1.3572912515199998e+08 -9.0781031310144573e+07 -1.7956832572306547e+08 1.8700212995911369e+06 1.4285604271271335e+01 -1.2067635815209227e+01 -8.6761148135620705e-03 1.2715468224518233e+03 -8.3660026443043323e-02 1.2240884267234670e-01 -2.5757985205990486e-01 0
1454 16 1 1.4565648315200001e+08 7.5273164487858936e+07 -1.3945449282531953e+08 -5.0679622669283329e+06 1.3604520685797057e+01 2.2752230640280882e+01 -7.6522554948753607e-01 1.2286692638093330e+03 3.4369963935260983e-02 7.0480627330566453e-02 9.2061294742144762e-04 0
1455 16 3 1.4565648415200001e+08 7.5273178092378348e+07 -1.3945447007308659e+08 -5.0679630321537964e+06 1.3604518179558463e+01 2.2752235283451853e+01 -7.6522538074848367e-01 1.2286692638093330e+03 0.0000000000000000e+00 0.0000000000000000e+00 0.0000000000000000e+00 75
1456 16 2 1.4565648515200001e+08 7.5273191676091403e+07 -1.3945444739516187e+08 -5.0679637846545661e+06 1.3604515677011042e+01 2.2752239913537174e+01 -7.6522521189544424e-01 1.2286692609696074e+03 0.0000000000000000e+00 0.0000000000000000e+00 0.0000000000000000e+00 0
1457 16 1 1.4566512515200001e+08 7.5390641028865144e+07 -1.3925769469052052e+08 -5.0745690249417191e+06 1.3582820860060417e+01 2.2792373006408845e+01 -7.6376473940942935e-01 1.2286692609696074e+03 -2.1529131332238696e-01 -1.9682526157602698e-01 3.8047720277700092e-01 0
1458 16 1 1.5300048415200001e+08 -5.8240503173781641e+07 4.5463572905311860e+07 3.6388969277137280e+06 -4.3630279459027541e+01 -2.6225810889745350e+01 1.0571029165195001e+00 1.1764031167377177e+03 -8.5487350213327706e-02 -9.5788825145049578e-02 -4.6198671378233171e-02 0
1459 16 2 1.5300048615200001e+08 -5.8240590434302196e+07 4.5463520453660369e+07 3.6388990419171709e+06 -4.3630241270612295e+01 -2.6225840700262150e+01 1.0571005304885492e+00 1.1764031167377177e+03 0.0000000000000000e+00 0.0000000000000000e+00 0.0000000000000000e+00 0
1460 16 1 1.5300912615200001e+08 -5.8616843020010240e+07 4.5236374963836774e+07 3.6479879193746238e+06 -4.3465263852025728e+01 -2.6353890116261571e+01 1.0468130006505896e+00 1.1764031167377177e+03 -6.9509332096706442e-02 -1.3673940714351271e-01 -9.7564020230109197e-02 0
1461 16 1 1.6034448415200001e+08 -1.0616154031423044e+08 -1.6101952590152586e+08 -4.2191938618015302e+06 1.0008128527377254e+01 -1.8511422416765640e+01 -2.2976770532053670e+00 1.1157694313761854e+03 -1.4015551101627302e-01 -1.9500638429875725e-01 -4.1273483187895066e-01 0
1462 16 3 1.6034448515200001e+08 -1.0616153030610096e+08 -1.6101954441294676e+08 -4.2191961594785396e+06 1.0008130489812880e+01 -1.8511419440259402e+01 -2.2976769752119717e+00 1.1157694313761854e+03 0.0000000000000000e+00 0.0000000000000000e+00 0.0000000000000000e+00 242
1463 16 2 1.6034448615199998e+08 -1.0616152000266996e+08 -1.6101956296154770e+08 -4.2191984688969236e+06 1.0008132497995746e+01 -1.8511416436715201e+01 -2.2976768979250997e+00 1.1157694313761865e+03 0.0000000000000000e+00 0.0000000000000000e+00 0.0000000000000000e+00 0
1464 16 1 1.6035312615199998e+08 -1.0607497654303731e+08 -1.6117939051500544e+08 -4.2390474829449700e+06 1.0025069661459728e+01 -1.8485703916347383e+01 -2.2970019027738720e+00 1.1157694313761865e+03 -3.6999816208921432e-01 -1.9524618855435402e-01 4.9143912008600792e-03 0
1465 16 1 1.6768848515199998e+08 -1.1227919734342821e+07 -2.2645066627695143e+08 -1.7440893171547528e+07 1.3639208212601249e+01 3.2629328176994649e-01 -1.1519517872465024e+00 1.0390347519517043e+03 -4.1021157632350952e-01 -4.0828109900581555e-02 1.8766249722352708e-02 0
1466 16 2 1.6768848715199998e+08 -1.1227892455926197e+07 -2.2645066562435976e+08 -1.7440895475450702e+07 1.3639208466042115e+01 3.2629839330654309e-01 -1.1519513935635373e+00 1.0390347519517043e+03 0.0000000000000000e+00 0.0000000000000000e+00 0.0000000000000000e+00 0
1467 16 1 1.6769712715199995e+08 -1.1110044981354827e+07 -2.2644775100979024e+08 -1.7450840986769311e+07 1.3640297640228139e+01 3.4838124276310389e-01 -1.1502501092596211e+00 1.0390347519517043e+03 -4.1534104434808528e-01 -7.0291829843502046e-02 1.7037363284465312e-02 0
1468 16 1 1.7503248515199998e+08 7.0338849454766214e+07 -1.5148023561654687e+08 -1.8691106044930186e+07 6.3616669774730985e+00 2.1798505344664882e+01 1.1526501660440360e+00 9.6543582017632923e+02 -3.2741480795057726e-01 -1.7827519134330289e-01 3.7580781707034672e-03 0
1469 16 3 1.7503248615199998e+08 7.0338855816432193e+07 -1.5148021381803945e+08 -1.8691104892279759e+07 6.3616650107792898e+00 2.1798509580093938e+01 1.1526506886525236e+00 9.6543582017632923e+02 0.0000000000000000e+00 0.0000000000000000e+00 0.0000000000000000e+00 97
1470 16 2 1.7503248715199998e+08 7.0338862181280568e+07 -1.5148019202145076e+08 -1.8691103740035318e+07 6.3616630436404673e+00 2.1798513815928484e+01 1.1526512113351932e+00 9.6543582017632934e+02 0.0000000000000000e+00 0.0000000000000000e+00 0.0000000000000000e+00 0
1471 16 1 1.7504112715199998e+08 7.0393753459676832e+07 -1.5129169470185852e+08 -1.8681125313592393e+07 6.3446416891991602e+00 2.1835133509782469e+01 1.1571713133028751e+00 9.6543582017632934e+02 1.0852364268182831e-01 1.0477438947078954e-01 1.1084558408570637e-01 0
1472 16 1 1.9749648615199998e+08 5.9383389032595329e+07 -1.4573646404218370e+08 -5.0480392073725685e+06 9.3860651438831617e+00 2.2909973945259175e+01 2.3828533265308955e+00 8.4474427335229245e+02 5.5980358358571868e-02 1.6332158545136782e-01 1.6613214955923683e-01 0
1473 16 3 1.9749648715199998e+08 5.9383398418659441e+07 -1.4573644113220733e+08 -5.0480368245191611e+06 9.3860631248846182e+00 2.2909978900208145e+01 2.3828534981610558e+00 8.4474427335229245e+02 0.0000000000000000e+00 0.0000000000000000e+00 0.0000000000000000e+00 269
1474 16 2 1.9749648815199998e+08 5.9383407804721534e+07 -1.4573641822222599e+08 -5.0480344416655814e+06 9.3860611058850711e+00 2.2909983855158011e+01 2.3828536697911940e+00 8.4474427335229245e+02 0.0000000000000000e+00 0.0000000000000000e+00 0.0000000000000000e+00 0
1475 16 1 1.9750512815199998e+08 5.9464427906096317e+07 -1.4553829092277631e+08 -5.0274401823759694e+06 9.3685794966909679e+00 2.2952828112461756e+01 2.3843356932101227e+00 8.4474427335229245e+02 1.6746612694350216e-01 -2.3894117803660297e-02 2.8321376301175083e-01 0
1476 16 1 2.1736848715199998e+08 3.8500729794418447e+07 -1.6580074271706000e+08 1.6030684759590937e+07 1.5155134642417108e+01 1.4691141248804932e+01 6.3094133812473538e+00 6.6682648840306706e+02 9.0759000797275849e-02 4.9984590451488710e-02 3.6582666138718001e-01 0
1477 16 3 2.1736848815199998e+08 3.8500744949552543e+07 -1.6580072802591661e+08 1.6030691069004092e+07 1.5155133619934624e+01 1.4691145652054297e+01 6.3094129555127143e+00 6.6682648840306706e+02 0.0000000000000000e+00 0.0000000000000000e+00 0.0000000000000000e+00 22
1478 16 2 2.1736848915199998e+08 3.8500760104685619e+07 -1.6580071333476877e+08 1.6030697378416823e+07 1.5155132597451555e+01 1.4691150055304062e+01 6.3094125297778296e+00 6.6682648840306706e+02 0.0000000000000000e+00 0.0000000000000000e+00 0.0000000000000000e+00 0
1479 16 1 2.1737712915199998e+08 3.8631662223273098e+07 -1.6567361740470681e+08 1.6085194785942730e+07 1.5146276437337418e+01 1.4729209124051520e+01 6.3057250599095669e+00 6.6682648840306706e+02 5.1560679171984234e-03 -1.6050330391907550e-02 -1.8994758911056650e-04 0
1480 16 1 2.5365648815199998e+08 -1.1584423785836178e+08 -1.1978161973690255e+08 -4.7929419226094007e+07 1.8127680881684776e+00 -2.1878542586001892e+01 7.3227819831024621e-01 6.0010000000000002e+02 -9.8260036222625566e-02 1.1211663083427871e-01 -4.2393701346823465e-02 0
1481 16 3 2.5365648915199998e+08 -1.1584423604559223e+08 -1.1978164161544357e+08 -4.7929418493815199e+07 1.8127710373367467e+00 -2.1878539536595259e+01 7.3227941849974354e-01 6.0010000000000002e+02 0.0000000000000000e+00 0.0000000000000000e+00 0.0000000000000000e+00 137
1482 16 4 2.5365649015199998e+08 -1.1584423423281972e+08 -1.1978166349398154e+08 -4.7929417761535175e+07 1.8127739865042707e+00 -2.1878536487188793e+01 7.3228063868893301e-01 6.0010000000000002e+02 0.0000000000000000e+00 0.0000000000000000e+00 0.0000000000000000e+00 0
1483 17 0 0.0000000000000000e+00 -1.9500328646873634e+07 1.4581848347052613e+08 -7.6372048832368055e+03 -2.9266609138955193e+01 -4.3300834211913397e+00 -3.9191345859644477e+00 1.8213166748214503e+03 0.0000000000000000e+00 0.0000000000000000e+00 0.0000000000000000e+00 0
1484 17 2 1.0008480152000001e+07 -1.1128267327701952e+08 -8.7717177662402943e+07 -1.6149601154384956e+07 1.8928976675346956e+01 -2.4187540804747595e+01 2.0622664738546113e+00 1.8213166748214503e+03 0.0000000000000000e+00 0.0000000000000000e+00 0.0000000000000000e+00 0
1485 17 1 1.0017120152000001e+07 -1.1111893697068466e+08 -8.7926008098582521e+07 -1.6131755603006504e+07 1.8972935467983543e+01 -2.4152824048743717e+01 2.0686470457719754e+00 1.8213166748214503e+03 3.7844407033053123e-01 -3.0619862509260257e-02 -1.5339594868435699e-01 0
1486 17 1 2.6424479152000003e+07 1.2331795266468890e+08 1.1680632581798628e+08 1.5016144347245196e+07 -1.6895689238283587e+01 2.0774206814714692e+01 -1.6243949335026870e+00 1.7372743296569058e+03 -1.6030533063971342e-02 2.4293361393770026e-02 -7.2750938780447548e-03 0
1487 17 2 2.6424481151999999e+07 1.2331791887330389e+08 1.1680636736639357e+08 1.5016141098454531e+07 -1.6895695839959874e+01 2.0774200561628444e+01 -1.6243957373736952e+00 1.7372743296569058e+03 0.0000000000000000e+00 0.0000000000000000e+00 0.0000000000000000e+00 0
1488 17 1 2.6433121151999999e+07 1.2317181691843028e+08 1.1698573971292903e+08 1.5002091323218785e+07 -1.6924194143029329e+01 2.0747170316848333e+01 -1.6278663430659330e+00 1.7372743296569058e+03 1.7910244978928822e-01 -1.1893524052666492e-02 1.3582064066831998e-01 0
1489 17 1 4.2840479152000003e+07 -1.2673811859062251e+08 -4.5350926870378360e+07 -6.9214801275862483e+06 1.5962025540707774e+01 -2.8245675898330319e+01 1.6728600288431339e+00 1.6188692489812968e+03 9.8020082108892473e-02 1.4114599371952341e-01 3.2505895798020273e-01 0
1490 17 3 4.2840480152000003e+07 -1.2673810262859356e+08 -4.5350955116052978e+07 -6.9214784547260357e+06 1.5962032409623339e+01 -2.8245673440413100e+01 1.6728604039714723e+00 1.6188692489812968e+03 0.0000000000000000e+00 0.0000000000000000e+00 0.0000000000000000e+00 89
1491 17 2 4.2840481151999995e+07 -1.2673808685153078e+08 -4.5350983167959422e+07 -6.9214768114375230e+06 1.5962039219114869e+01 -2.8245670991457533e+01 1.6728607736846306e+00 1.6188692489773136e+03 0.0000000000000000e+00 0.0000000000000000e+00 0.0000000000000000e+00 0
1492 17 1 4.2849121151999995e+07 -1.2659991845299938e+08 -4.5594933826449163e+07 -6.9070092975017074e+06 1.6021386212307949e+01 -2.8224365977106785e+01 1.6761002363003592e+00 1.6188692489773136e+03 -1.9519769237017331e-01 2.0139689663829488e-01 -1.4440518292833701e-01 0
1493 17 1 5.6664480152000003e+07 8.7859975189837962e+07 1.1724253239136545e+08 2.3852803295774506e+06 -2.0565376670653308e+01 2.0744623713475878e+01 -1.5020984697420543e+00 1.5673367721807683e+03 2.0001529391089918e-02 -1.1195384333029990e-02 4.2872791743148467e-02 0
1494 17 2 5.6664482152000003e+07 8.7859934059077278e+07 1.1724257388060291e+08 2.3852773253803160e+06 -2.0565384083037372e+01 2.0744613822202467e+01 -1.5020986709782473e+00 1.5673367721807683e+03 0.0000000000000000e+00 0.0000000000000000e+00 0.0000000000000000e+00 0
1495 17 1 5.6673122152000003e+07 8.7682110935612351e+07 1.1742162270128503e+08 2.3722954450641559e+06 -2.0597361183218712e+01 2.0701866918705448e+01 -1.5029653204110647e+00 1.5673367721807683e+03 -2.3058650441746179e-01 9.4295757153989204e-02 1.7138156304866201e-01 0
1496 17 1 7.0488480152000010e+07 -1.5450615258268341e+08 -2.6108891606583759e+07 6.9770593023915892e+05 6.7758586293584013e+00 -2.7356442955392740e+01 1.6107793626432962e+00 1.4625484469731648e+03 -1.3273170050672028e-01 8.6911705630963419e-03 2.7819134412013979e-01 0
1497 17 3 7.0488481152000010e+07 -1.5450614580682212e+08 -2.6108918963026211e+07 6.9770754101850640e+05 6.7758639586041873e+00 -2.7356442054841061e+01 1.6107793385779066e+00 1.4625484469731648e+03 0.0000000000000000e+00 0.0000000000000000e+00 0.0000000000000000e+00 95
1498 17 2 7.0488482151999995e+07 -1.5450613892489529e+08 -2.6108946798099179e+07 6.9770916345559806e+05 6.7758693635214673e+00 -2.7356441133049643e+01 1.6107793172785356e+00 1.4625484469729524e+03 0.0000000000000000e+00 0.0000000000000000e+00 0.0000000000000000e+00 0
1499 17 1 7.0497122151999995e+07 -1.5444739650251603e+08 -2.6345272731157143e+07 7.1162539243979927e+05 6.8219133642925014e+00 -2.7348623767298786e+01 1.6105692810366357e+00 1.4625484469729524e+03 -3.0053054855558486e-01 -1.4779577600225854e-01 -6.1710853660977963e-02 0
1500 17 1 8.3448481152000010e+07 1.2582433672630404e+08 -3.0037403493954692e+07 9.6803707621223095e+05 4.7425214905331767e+00 3.1766442070484040e+01 -1.7448039655450396e+00 1.3507624888404364e+03 -3.2133379079213514e-01 -1.0406871652053208e-01 -2.2449416542652784e-02 0
1501 17 2 8.3448483151999995e+07 1.2582434621133158e+08 -3.0037339961066999e+07 9.6803358660418808e+05 4.7425060639468537e+00 3.1766445753190443e+01 -1.7448040842301877e+00 1.3507624888404364e+03 0.0000000000000000e+00 0.0000000000000000e+00 0.0000000000000000e+00 0
1502 17 1 8.3457123151999995e+07 1.2586503348202711e+08 -2.9762809338357113e+07 9.5295627546156466e+05 4.6758338597026148e+00 3.1782286731526327e+01 -1.7453129516820736e+00 1.3507624888404364e+03 -2.8983452334227156e-01 8.8347877622797135e-03 5.1278629167186146e-02 0
1503 17 1 9.6408481152000010e+07 -1.4844948743932256e+08 -1.9523815729536586e+07 2.6486762223108085e+06 -3.0867493054994508e+00 -2.9730847692177658e+01 1.6096329123858861e+00 1.2442399896249508e+03 -3.4934691562165793e-01 -2.7965340265860200e-02 3.1038808066068367e-02 0
1504 17 3 9.6408482151999995e+07 -1.4844949052606893e+08 -1.9523845460383832e+07 2.6486778319436656e+06 -3.0867434390045188e+00 -2.9730846920625979e+01 1.6096328077142537e+00 1.2442399896249508e+03 0.0000000000000000e+00 0.0000000000000000e+00 0.0000000000000000e+00 62
1505 17 2 9.6408483151999995e+07 -1.4844949352021056e+08 -1.9523875289356604e+07 2.6486794455606001e+06 -3.0867375472819605e+00 -2.9730846163024037e+01 1.6096327034234188e+00 1.2442399896249501e+03 0.0000000000000000e+00 0.0000000000000000e+00 0.0000000000000000e+00 0
1506 17 1 9.6417123151999995e+07 -1.4847594404179969e+08 -1.9780720887483753e+07 2.6625827600040385e+06 -3.0360770464570184e+00 -2.9724140142934591e+01 1.6087265127349120e+00 1.2442399896249501e+03 1.6128192260474371e-02 3.8844434340809642e-01 1.0115960105168033e-01 0
1507 17 1 1.0634448215200000e+08 3.8160740457646749e+06 -1.7006112710407192e+08 9.9929065645911321e+06 2.4163515046172225e+01 4.6229818292722280e+00 -6.9899176563604004e-01 1.1717127447749585e+03 7.6432663811372582e-03 1.6381995550472880e-01 -1.3396496747613526e-01 0
1508 17 2 1.0634448415200000e+08 3.8161223727944666e+06 -1.7006111785809913e+08 9.9929051666070689e+06 2.4163514841445846e+01 4.6229909527264930e+00 -6.9899230173634497e-01 1.1717127447749585e+03 0.0000000000000000e+00 0.0000000000000000e+00 0.0000000000000000e+00 0
1509 17 1 1.0635312415200000e+08 4.0248912498210147e+06 -1.7002100492852628e+08 9.9868558681309689e+06 2.4162605938451605e+01 4.6624119780356041e+00 -7.0130827954713226e-01 1.1717127447749585e+03 2.2532550017831821e-01 1.4581097912116797e-01 -1.8957341212960729e-01 0
1510 17 1 1.1628048215200000e+08 7.6305130389781296e+07 8.2621750316957697e+07 -9.5977330536103882e+06 -2.7969442658060036e+01 2.7874650808033788e+01 -1.0815084231640855e+00 1.0905920590520302e+03 -4.4558442560333179e-02 3.5853929232774384e-01 -9.9310259547251478e-02 0
1511 17 3 1.1628048315200000e+08 7.6305102420335174e+07 8.2621778191604644e+07 -9.5977341351183653e+06 -2.7969449699523377e+01 2.7874643183667928e+01 -1.0815075374818082e+00 1.0905920590520302e+03 0.0000000000000000e+00 0.0000000000000000e+00 0.0000000000000000e+00 100
1512 17 2 1.1628048415200000e+08 7.6305074455275387e+07 8.2621806079878435e+07 -9.5977352175693586e+06 -2.7969456739350075e+01 2.7874635546818990e+01 -1.0815066510682534e+00 1.0905920590520304e+03 0.0000000000000000e+00 0.0000000000000000e+00 0.0000000000000000e+00 0
1513 17 1 1.1628912415200000e+08 7.6063155837631494e+07 8.2862358111392438e+07 -9.6070463704455756e+06 -2.8030187405497699e+01 2.7808677166686081e+01 -1.0738520433551986e+00 1.0905920590520304e+03 2.1580284287920096e-01 2.4258417377427974e-01 -2.0230214696921055e-02 0
1514 17 1 1.2621648315200000e+08 -1.8429798873431024e+08 4.4996858767199114e+07 2.4101405453752936e+06 -9.7327739784211218e+00 -1.9225948208241935e+01 1.4620304849682957e+00 9.9387572280397535e+02 2.1255976174040295e-01 3.6103187090187844e-01 -1.5472164587609832e-01 0
1515 17 2 1.2621648515200000e+08 -1.8429800819985098e+08 4.4996820315301023e+07 2.4101434694361640e+06 -9.7327668157357099e+00 -1.9225949957030355e+01 1.4620303912988630e+00 9.9387572280397535e+02 0.0000000000000000e+00 0.0000000000000000e+00 0.0000000000000000e+00 0
1516 17 1 1.2622512515199998e+08 -1.8438196564181724e+08 4.4830675518547185e+07 2.4227736612576353e+06 -9.7018273401317234e+00 -1.9233488246219146e+01 1.4616248149388313e+00 9.9387572280397535e+02 2.0463613345001005e-02 4.2226879566736242e-01 -1.5206903664734320e-01 0
1517 17 1 1.3615248315200001e+08 -1.0507415694939195e+08 -1.1116508733345981e+08 6.3009435052503711e+06 2.6691682628284664e+01 -5.4705079794877394e+00 -7.3709134050219294e-01 9.0217742353155779e+02 2.9388104447131042e-01 1.6864044457642136e-01 -2.2566910918336493e-02 0
1518 17 3 1.3615248415200001e+08 -1.0507413025770743e+08 -1.1116509280396572e+08 6.3009427681589155e+06 2.6691686514509509e+01 -5.4705038679858973e+00 -7.3709157354603161e-01 9.0217742353155779e+02 0.0000000000000000e+00 0.0000000000000000e+00 0.0000000000000000e+00 32
1519 17 2 1.3615248515200001e+08 -1.0507410369976625e+08 -1.1116509827901725e+08 6.3009420345220426e+06 2.6691690380621225e+01 -5.4704997710503855e+00 -7.3709180561179244e-01 9.0217742353149924e+02 0.0000000000000000e+00 0.0000000000000000e+00 0.0000000000000000e+00 0
1520 17 1 1.3616112515199998e+08 -1.0484334243075922e+08 -1.1121220978957753e+08 6.2945648588749394e+06 2.6725271370859097e+01 -5.4349255282918936e+00 -7.3910673911869917e-01 9.0217742353149924e+02 -7.6603746795098238e-02 2.1577826079149917e-02 -5.9170043271377384e-02 0
1521 17 1 1.6120848415200001e+08 -1.6091669639480427e+08 -1.0911873535861896e+08 -2.7950680720283499e+05 1.6729990358613090e+01 -1.0984263761092006e+01 -1.1889185867153436e+00 8.2695605955395968e+02 -9.7408005115016558e-02 -3.5688666288093356e-02 -9.5605677360562955e-02 0
1522 17 3 1.6120848515200001e+08 -1.6091667966481248e+08 -1.0911874634288171e+08 -2.7950799612141680e+05 1.6729993264341761e+01 -1.0984261790696905e+01 -1.1889185816681811e+00 8.2695605955395968e+02 0.0000000000000000e+00 0.0000000000000000e+00 0.0000000000000000e+00 91
1523 17 2 1.6120848615199998e+08 -1.6091666293481779e+08 -1.0911875732714251e+08 -2.7950918503999361e+05 1.6729996170070478e+01 -1.0984259820301371e+01 -1.1889185766209964e+00 8.2695605955395968e+02 0.0000000000000000e+00 0.0000000000000000e+00 0.0000000000000000e+00 0
1524 17 1 1.6121712615199998e+08 -1.6077200730762130e+08 -1.0921358774091704e+08 -2.8978125078312430e+05 1.6755103244104934e+01 -1.0967219471396621e+01 -1.1888741446480962e+00 8.2695605955395968e+02 -1.5245683942278943e-01 1.0349682503150668e-02 -2.6400340527425884e-03 0
1525 17 1 1.6855248515199998e+08 2.9873454438096974e+07 -8.0223643739829049e+07 -5.6118616459617913e+06 2.9082314595241687e+01 3.4586601216424789e+01 8.4841752609705101e-01 7.8995643083565290e+02 -2.3605583401530650e-01 6.1639851583265404e-02 6.8139174251169886e-03 0
1526 17 2 1.6855248715199998e+08 2.9873512602713488e+07 -8.0223574566593021e+07 -5.6118599491243837e+06 2.9082302036870793e+01 3.4586634941244242e+01 8.4841988524037804e-01 7.8995643083565290e+02 0.0000000000000000e+00 0.0000000000000000e+00 0.0000000000000000e+00 0
1527 17 1 1.6856112715199995e+08 3.0124548136671662e+07 -7.9924116024465695e+07 -5.6044854943290800e+06 2.9027637654457422e+01 3.4732544908817736e+01 8.5863906992981187e-01 7.8995643083565290e+02 1.0473400107620557e-02 2.4502848513774139e-02 -4.9557272340570524e-03 0
1528 17 1 1.7589648515199998e+08 -1.4528592627140358e+08 5.1803972756697327e+07 8.3357067477330184e+06 -2.3366005285219494e+01 -1.5741725492535789e+01 2.8712342160045601e-04 7.5315817208260148e+02 -3.9900384069691031e-01 -3.9138154190963802e-02 1.5416563054253032e-02 0
1529 17 3 1.7589648615199998e+08 -1.4528594963740623e+08 5.1803957014970928e+07 8.3357067480199924e+06 -2.3366000054053867e+01 -1.5741727357789401e+01 2.8682328613479626e-04 7.5315817208260148e+02 0.0000000000000000e+00 0.0000000000000000e+00 0.0000000000000000e+00 134
1530 17 2 1.7589648715199998e+08 -1.4528597300566500e+08 5.1803941127774812e+07 8.3357067402461544e+06 -2.3365994798137134e+01 -1.5741729251570680e+01 2.8652062540837755e-04 7.5315817208373517e+02 0.0000000000000000e+00 0.0000000000000000e+00 0.0000000000000000e+00 0
1531 17 1 1.7590512715199995e+08 -1.4548766004042104e+08 5.1667863092688985e+07 8.3356980237446427e+06 -2.3320829429169311e+01 -1.5757801364250104e+01 -2.3030208791181513e-03 7.5315817208373517e+02 6.6003814841230093e-02 5.0841888287782432e-02 -3.9120348022835288e-02 0
1532 17 1 1.8972048615199998e+08 -1.4113836261117411e+08 -1.4772757223016632e+08 -6.8983914459422128e+06 1.8144250842176213e+01 -6.0231921269887758e+00 -1.4575676108174211e+00 7.2660747125617718e+02 5.2041104258751011e-02 -3.4489052782264558e-02 -3.9677155277196979e-02 0
1533 17 2 1.8972048815199998e+08 -1.4113832632266811e+08 -1.4772758427654594e+08 -6.8983943610772137e+06 1.8144255227095528e+01 -6.0231875373535919e+00 -1.4575673964965263e+00 7.2660747125617718e+02 0.0000000000000000e+00 0.0000000000000000e+00 0.0000000000000000e+00 0
1534 17 1 1.8972912815199998e+08 -1.4098147812658620e+08 -1.4777953892375547e+08 -6.9109837398299426e+06 1.8163197315167167e+01 -6.0033465954230882e+00 -1.4566402069902853e+00 7.2660747125617718e+02 2.3427132172097939e-01 -5.7194529458300995e-02 -4.7398274002805135e-02 0
1535 17 1 2.0354448615199998e+08 -6.9233125069558144e+07 1.1495588535191695e+08 1.5173885445027635e+07 -3.3044889455730733e+01 -3.9951161143075779e-02 1.9081651965300594e+00 6.7781153772667960e+02 3.2954423160862362e-02 -1.1548188796607103e-03 8.1357175785291003e-03 0
1536 17 3 2.0354448715199998e+08 -6.9233158114445657e+07 1.1495588531196271e+08 1.5173887353192417e+07 -3.3044885725393826e+01 -3.9957355057901683e-02 1.9081643789489529e+00 6.7781153772667960e+02 0.0000000000000000e+00 0.0000000000000000e+00 0.0000000000000000e+00 38
1537 17 2 2.0354448815199998e+08 -6.9233191196394101e+07 1.1495588520957299e+08 1.5173889257257916e+07 -3.3044881994885536e+01 -3.9963574575099928e-02 1.9081635588591837e+00 6.7781153772668108e+02 0.0000000000000000e+00 0.0000000000000000e+00 0.0000000000000000e+00 0
1538 17 1 2.0355312815199998e+08 -6.9518559704012036e+07 1.1495530899100348e+08 1.5190345296726204e+07 -3.3012638454923120e+01 -9.3391074283869627e-02 1.9011074228797258e+00 6.7781153772668108e+02 -4.5996044853019701e-04 9.3362789624526672e-04 -9.9566423733042260e-03 0
1539 17 1 2.1218448715199998e+08 -2.2592365051807377e+08 1.0704420286930034e+07 1.7757136242999341e+07 -5.4078220737128939e+00 -1.6607737279673078e+01 6.2003758298762278e-03 6.5339978182290554e+02 -2.9466611482791477e-02 1.0837570438313637e-03 2.2889469077269020e-01 0
1540 17 2 2.1218448915199998e+08 -2.2592366133371273e+08 1.0704387071455298e+07 1.7757136255399689e+07 -5.4078169385481134e+00 -1.6607737522980390e+01 6.1999722164506636e-03 6.5339978182290554e+02 0.0000000000000000e+00 0.0000000000000000e+00 0.0000000000000000e+00 0
1541 17 1 2.1219312915199998e+08 -2.2597028904775047e+08 1.0560891699645143e+07 1.7757182292076927e+07 -5.3856365632200109e+00 -1.6608781290322256e+01 4.4568178297553548e-03 6.5339978182290554e+02 -4.3619069361293464e-02 -2.1631779663175508e-03 2.1763211569903998e-01 0
1542 17 1 2.2082448715199998e+08 -1.8508614425823531e+08 -1.1882564995591801e+08 1.8894071166102126e+07 1.4556793533954309e+01 -1.1194035678207060e+01 -2.8537254239231480e-01 6.2948380326484425e+02 -4.0053495422576538e-03 -8.2685494167005879e-04 -6.3283058897517439e-03 0
1543 17 3 2.2082448815199998e+08 -1.8508612970144066e+08 -1.1882566114995293e+08 1.8894070880729470e+07 1.4556795817162167e+01 -1.1194034212383229e+01 -2.8537277546807149e-01 6.2948380326484425e+02 0.0000000000000000e+00 0.0000000000000000e+00 0.0000000000000000e+00 110
1544 17 2 2.2082448915199998e+08 -1.8508611517942753e+08 -1.1882567234088171e+08 1.8894070595497649e+07 1.4556798096955013e+01 -1.1194032747786880e+01 -2.8537300848713754e-01 6.2948379894413506e+02 0.0000000000000000e+00 0.0000000000000000e+00 0.0000000000000000e+00 0
1545 17 1 2.2083312915199998e+08 -1.8496025922220251e+08 -1.1892233404408760e+08 1.8891596271462843e+07 1.4576525495817725e+01 -1.1181358254802142e+01 -2.8738738559774218e-01 6.2948379894413506e+02 -7.1595471821585082e-04 -2.0653991109354005e-02 -5.5911833810291184e-03 0
1546 17 1 2.6056848815199998e+08 -1.2596070563191951e+06 -1.3836851122500312e+08 6.1355383656073445e+06 2.9142009958061038e+01 1.4189079784388541e+01 -2.6963845170951224e+00 6.0010000000000002e+02 1.7108229200568535e-03 -3.5865525640170808e-02 -7.3589945889919045e-03 0
1547 17 3 2.6056848915199998e+08 -1.2595779143092635e+06 -1.3836849703591990e+08 6.1355356692226799e+06 2.9142010020967675e+01 1.4189086694795915e+01 -2.6963848235164463e+00 6.0010000000000002e+02 0.0000000000000000e+00 0.0000000000000000e+00 0.0000000000000000e+00 225
1548 17 4 2.6056849015199998e+08 -1.2595487722992687e+06 -1.3836848284682980e+08 6.1355329728377080e+06 2.9142010083872872e+01 1.4189093605204759e+01 -2.6963851299377324e+00 6.0010000000000002e+02 0.0000000000000000e+00 0.0000000000000000e+00 0.0000000000000000e+00 0
1549 18 0 0.0000000000000000e+00 -1.9500328646873634e+07 1.4581848347052613e+08 -7.6372048832368055e+03 -2.9925535924856405e+01 -3.3748913792472712e+00 -3.9387596263180886e+00 1.6869322708490038e+03 0.0000000000000000e+00 0.0000000000000000e+00 0.0000000000000000e+00 0
1550 18 2 1.0008480152000001e+07 -1.3293127329607743e+08 -7.6848008242441431e+07 -1.8565631642464850e+07 1.3968793451039934e+01 -2.5246382729753929e+01 1.3748526546455910e+00 1.6869322708490038e+03 0.0000000000000000e+00 0.0000000000000000e+00 0.0000000000000000e+00 0
1551 18 1 1.0017120152000001e+07 -1.3281040500012209e+08 -7.7066034004292190e+07 -1.8553728064322755e+07 1.4009972089230882e+01 -2.5222532611189887e+01 1.3806045739188941e+00 1.6869322708490038e+03 -1.5864945045075046e-01 1.0338015067509818e-01 -2.1399467627261120e-02 0
1552 18 1 2.9880479152000006e+07 -1.7623190948986344e+07 1.3163624630069378e+08 3.0305843888564821e+05 -3.3212912763406784e+01 -1.4231677515424166e+00 -4.3153272929761384e+00 1.5902575034147515e+03 -1.5564211556365526e-01 1.1222735028831528e-01 5.0361217461623534e-03 0
1553 18 2 2.9880481152000003e+07 -1.7623257374809742e+07 1.3163624345434338e+08 3.0304980823104503e+05 -3.3212910766653003e+01 -1.4231826662463551e+00 -4.3153273273129003e+00 1.5902575034147515e+03 0.0000000000000000e+00 0.0000000000000000e+00 0.0000000000000000e+00 0
1554 18 1 2.9889121152000006e+07 -1.7910179464605588e+07 1.3162366887482573e+08 2.6576476572217705e+05 -3.3204217094982596e+01 -1.4875923393162427e+00 -4.3154664954598099e+00 1.5902575034147515e+03 9.0001381427846291e-03 -5.4888766357935118e-03 -8.1090002864776594e-04 0
1555 18 1 4.9752479152000010e+07 5.4775151240391165e+07 -1.4570408361485797e+08 3.8921269211251000e+06 2.2592647245047790e+01 1.5455811250969408e+01 3.1979036200960729e+00 1.5134838096427084e+03 -2.6189558818253134e-01 1.6582833666597860e-01 -4.1875289952854521e-02 0
1556 18 3 4.9752480152000003e+07 5.4775173833037406e+07 -1.4570406815904418e+08 3.8921301190286456e+06 2.2592645319483008e+01 1.5455816373047082e+01 3.1979034832722784e+00 1.5134838096427084e+03 0.0000000000000000e+00 0.0000000000000000e+00 0.0000000000000000e+00 268
1557 18 2 4.9752481152000003e+07 5.4775196826484375e+07 -1.4570405257000595e+08 3.8921333751746272e+06 2.2592643378660235e+01 1.5455821527706940e+01 3.1979033455762882e+00 1.5134838013942765e+03 0.0000000000000000e+00 0.0000000000000000e+00 0.0000000000000000e+00 0
1558 18 1 4.9761121152000003e+07 5.4970325282811783e+07 -1.4557032308164519e+08 3.9197581392376665e+06 2.2575967908685740e+01 1.5500079690324331e+01 3.1967163540634465e+00 1.5134838013942765e+03 -2.4680590142786718e-01 1.0483657942753775e-02 -2.6303338373328577e-01 0
1559 18 1 5.9688480152000003e+07 -3.1594495180140328e+07 9.9433586150947258e+07 -3.5111438029494174e+06 -4.0124018940779571e+01 -5.2578631819384132e+00 -4.7085376447356353e+00 1.4210614471774461e+03 -3.7951657312151182e-01 6.5997773146175470e-02 -8.0152535710452180e-02 0
1560 18 2 5.9688482152000003e+07 -3.1594575428170677e+07 9.9433575635197714e+07 -3.5111532200238691e+06 -4.0124011569234725e+01 -5.2578863814915575e+00 -4.7085368255247033e+00 1.4210614471774461e+03 0.0000000000000000e+00 0.0000000000000000e+00 0.0000000000000000e+00 0
1561 18 1 5.9697122152000003e+07 -3.1941108897732589e+07 9.9387714865283906e+07 -3.5518196399879046e+06 -4.0092020858606219e+01 -5.3579946178328877e+00 -4.7049805641480571e+00 1.4210614471774461e+03 -2.9668590662579952e-01 -1.2904835057075684e-01 2.4172537721940487e-02 0
1562 18 1 6.9624480152000010e+07 -1.5829455770078763e+08 -1.2839643409772927e+08 -1.4650105520152627e+07 7.3181429107035862e+00 -2.0203200417512143e+01 1.8414182941670934e+00 1.3419676537590387e+03 -2.1163811927870610e-01 1.2023094902256660e-01 2.7534573457540701e-01 0
1563 18 3 6.9624481152000010e+07 -1.5829455038264352e+08 -1.2839645430092864e+08 -1.4650103678734222e+07 7.3181453726400170e+00 -2.0203198420577468e+01 1.8414185220184334e+00 1.3419676537590387e+03 0.0000000000000000e+00 0.0000000000000000e+00 0.0000000000000000e+00 188
1564 18 2 6.9624482151999995e+07 -1.5829454255918598e+08 -1.2839647470880932e+08 -1.4650101780979605e+07 7.3181479116957888e+00 -2.0203196410399617e+01 1.8414187581168877e+00 1.3419676537590387e+03 0.0000000000000000e+00 0.0000000000000000e+00 0.0000000000000000e+00 0
1565 18 1 6.9633122151999995e+07 -1.5823122190896752e+08 -1.2857095577855575e+08 -1.4634183423961824e+07 7.3394054965425406e+00 -2.0185938711752385e+01 1.8433854643962460e+00 1.3419676537590387e+03 7.9335317838447772e-02 -2.2106575419434957e-01 -2.2381342327140565e-03 0
1566 18 1 8.2584481152000010e+07 5.2763762389742963e+07 -2.1052869718861476e+08 1.4603099934947241e+07 1.8965797739096658e+01 9.0851242304753388e+00 1.8022862222028460e+00 1.2715025841278327e+03 1.2077253151301950e-01 -1.5317860200860739e-01 -1.8155326037272504e-02 0
1567 18 2 8.2584483151999995e+07 5.2763800321337000e+07 -2.1052867901836091e+08 1.4603103539519303e+07 1.8965796378541970e+01 9.0851296591194952e+00 1.8022858456506357e+00 1.2715025841278327e+03 0.0000000000000000e+00 0.0000000000000000e+00 0.0000000000000000e+00 0
1568 18 1 8.2593123151999995e+07 5.2927639380423225e+07 -2.1045008218278542e+08 1.4618668258221518e+07 1.8959908224180626e+01 9.1085827182068861e+00 1.8006578775827105e+00 1.2715025841278327e+03 5.9470204464028446e-02 -1.7094400508197741e-01 -2.6282203523930899e-02 0
1569 18 1 9.5544481152000010e+07 9.0919570200355694e+07 8.1701420438099131e+07 5.8163171217542961e+06 -2.8629061710938771e+01 2.1287526498367718e+01 -4.1155591540592438e+00 1.1918612692613106e+03 1.8346843814896394e-01 -2.4280986057746812e-01 1.4730617085967557e-02 0
1570 18 3 9.5544482151999995e+07 9.0919541571290746e+07 8.1701441725622639e+07 5.8163130061949398e+06 -2.8629068295166071e+01 2.1287520581700090e+01 -4.1155595752661016e+00 1.1918612692613106e+03 0.0000000000000000e+00 0.0000000000000000e+00 0.0000000000000000e+00 164
1571 18 2 9.5544483151999995e+07 9.0919512832578540e+07 8.1701463100133255e+07 5.8163088751504486e+06 -2.8629074900411165e+01 2.1287514644502906e+01 -4.1155599978772246e+00 1.1918612692613096e+03 0.0000000000000000e+00 0.0000000000000000e+00 0.0000000000000000e+00 0
1572 18 1 9.5553123151999995e+07 9.0671911967793867e+07 8.1885166109222054e+07 5.7807347393367682e+06 -2.8685928807190670e+01 2.1236297771809344e+01 -4.1191908794001000e+00 1.1918612692613096e+03 2.5259662551558048e-02 -2.3122930050249745e-02 3.5000061280795053e-02 0
1573 18 1 1.1066448215200000e+08 -4.3299088747118257e+07 -1.7768055980602559e+08 3.9936089699897012e+06 2.2110638101966238e+01 -9.7137830566979577e+00 2.7449352374636247e+00 1.1649775014747527e+03 6.9233212484321696e-02 -7.0825755123912315e-02 -1.1849659862642354e-02 0
1574 18 2 1.1066448415200000e+08 -4.3299044525840260e+07 -1.7768057923358399e+08 3.9936144598599924e+06 2.2110639979591877e+01 -9.7137753517375653e+00 2.7449350642841930e+00 1.1649775014747527e+03 0.0000000000000000e+00 0.0000000000000000e+00 0.0000000000000000e+00 0
1575 18 1 1.1067312415200000e+08 -4.3107973614008002e+07 -1.7776436246588346e+08 4.0173274611243778e+06 2.2118730982023155e+01 -9.6804921157018686e+00 2.7441849340487976e+00 1.1649775014747527e+03 1.1773096466611972e-01 -5.6186240973392532e-02 -9.9174937103229985e-02 0
1576 18 1 1.2578448215200000e+08 1.5912953969948113e+08 2.3569344107535608e+07 9.8652097326294612e+06 -1.0351928163982674e+01 2.5997026361655557e+01 -2.4353473314936998e+00 1.1209816701850566e+03 3.6391998373116579e-04 -7.6664787809322746e-02 -3.0244243246265793e-02 0
1577 18 3 1.2578448315200000e+08 1.5912952934755048e+08 2.3569370104561545e+07 9.8652072972819768e+06 -1.0351933208596726e+01 2.5997025614476158e+01 -2.4353476442336928e+00 1.1209816701850566e+03 0.0000000000000000e+00 0.0000000000000000e+00 0.0000000000000000e+00 250
1578 18 2 1.2578448415200000e+08 1.5912951884845293e+08 2.3569396525580071e+07 9.8652048302399311e+06 -1.0351938325810547e+01 2.5997024849433796e+01 -2.4353479627153658e+00 1.1209816701850561e+03 0.0000000000000000e+00 0.0000000000000000e+00 0.0000000000000000e+00 0
1579 18 1 1.2579312415200000e+08 1.5903988978108990e+08 2.3793982833447952e+07 9.8441517550799847e+06 -1.0395534556724744e+01 2.5990535015419216e+01 -2.4380485791747852e+00 1.1209816701850561e+03 -2.0507674384163688e-01 2.1107972758989005e-01 -3.6246212055413930e-02 0
1580 18 1 1.3183248315200000e+08 2.7271524695836501e+06 1.2432479706373619e+08 -8.2742494702929361e+06 -3.7112494416217231e+01 -1.3997254516469098e+00 -2.7162323066533212e+00 1.0710076750621599e+03 -3.3436093246712184e-01 1.1468106021554295e-01 -9.1320583879600292e-02 0
1581 18 2 1.3183248515200000e+08 2.7270782445945907e+06 1.2432479426426823e+08 -8.2742549027564041e+06 -3.7112494790139017e+01 -1.3997424981390836e+00 -2.7162311721493442e+00 1.0710076750621599e+03 0.0000000000000000e+00 0.0000000000000000e+00 0.0000000000000000e+00 0
1582 18 1 1.3184112515199998e+08 2.4064195840064981e+06 1.2431238232645707e+08 -8.2977019445271874e+06 -3.7114015456642520e+01 -1.4733951787521944e+00 -2.7113221348663714e+00 1.0710076750621599e+03 -3.0077044969466143e-01 9.6488667148307943e-03 -9.1491335725844142e-02 0
1583 18 1 1.3788048315200001e+08 -1.5769816938014632e+08 2.3482222279535225e+05 -1.2602098369636366e+07 -1.0492813524086344e+01 -2.9266392312251991e+01 1.0804487301706549e+00 1.0235016227674688e+03 -1.8618380976937016e-01 2.9946759303969245e-01 -3.4330139107610236e-02 0
1584 18 3 1.3788048415200001e+08 -1.5769817987295720e+08 2.3479295640309399e+05 -1.2602097289187428e+07 -1.0492808238295762e+01 -2.9266392320122364e+01 1.0804491525728175e+00 1.0235016227674688e+03 0.0000000000000000e+00 0.0000000000000000e+00 0.0000000000000000e+00 227
1585 18 2 1.3788048515200001e+08 -1.5769819030239904e+08 2.3476374028787983e+05 -1.2602096207440553e+07 -1.0492802947464057e+01 -2.9266392335168398e+01 1.0804495758719777e+00 1.0235016227674681e+03 0.0000000000000000e+00 0.0000000000000000e+00 0.0000000000000000e+00 0
1586 18 1 1.3788912515200001e+08 -1.5778865090233749e+08 -1.8098077667523321e+04 -1.2592745369818164e+07 -1.0447159251781530e+01 -2.9266423692030198e+01 1.0840946911189064e+00 1.0235016227674681e+03 -1.0554273608934268e-01 -4.9199398799596963e-02 7.3393397496786987e-03 0
1587 18 1 1.4911248415200001e+08 -8.5576891936218947e+07 -2.3609098800333452e+08 1.0096646461550731e+07 1.4714988319112678e+01 -1.0127332544278220e+01 2.1514734738355425e+00 9.7272341055620575e+02 -2.4283627522819534e-01 2.5110112269425687e-02 3.1081629372448915e-02 0
1588 18 2 1.4911248615200001e+08 -8.5576862506240949e+07 -2.3609100825799564e+08 1.0096650764497502e+07 1.4714989749950774e+01 -1.0127328596856847e+01 2.1514733050204375e+00 9.7272341055620575e+02 0.0000000000000000e+00 0.0000000000000000e+00 0.0000000000000000e+00 0
1589 18 1 1.4912112615200001e+08 -8.5449698309367150e+07 -2.3617843471123764e+08 1.0115236341921309e+07 1.4721164916652226e+01 -1.0110276612001515e+01 2.1507435250653337e+00 9.7272341055620575e+02 -3.6280359199949469e-01 -1.4446625198989829e-02 4.0589971615091931e-02 0
1590 18 1 1.6034448415200001e+08 7.7455943656137362e+07 -2.3012902958135468e+08 2.7803203934792757e+07 1.2449159920112733e+01 1.1261829946376769e+01 6.2942386680256912e-01 9.1365352946076700e+02 -3.1892644844943856e-02 -6.4530987960238054e-02 1.1253609668078544e-03 0
1591 18 3 1.6034448515200001e+08 7.7455956105296910e+07 -2.3012901831952369e+08 2.7803204564216495e+07 1.2449159215974534e+01 1.1261832038438603e+01 6.2942361404860780e-01 9.1365352946076700e+02 0.0000000000000000e+00 0.0000000000000000e+00 0.0000000000000000e+00 78
1592 18 2 1.6034448615199998e+08 7.7455968552264437e+07 -2.3012900706032807e+08 2.7803205193579879e+07 1.2449158511199823e+01 1.1261834131490348e+01 6.2942336113707353e-01 9.1365352946039638e+02 0.0000000000000000e+00 0.0000000000000000e+00 0.0000000000000000e+00 0
1593 18 1 1.6035312615199998e+08 7.7563502981681615e+07 -2.3003162672045690e+08 2.7808633974614505e+07 1.2443068402613687e+01 1.1279912040693519e+01 6.2723858968655566e-01 9.1365352946039638e+02 -3.4888749075527546e-02 3.4718926546919056e-03 3.3014375257846458e-02 0
1594 18 1 1.7546448515200001e+08 -1.0670865492940339e+08 -1.7198120601882879e+07 -1.3171981963883383e+07 -1.8333382329851201e+01 -3.7104795591435604e+01 9.3692986481664298e-02 8.6558029714391739e+02 -2.0539463017409723e-01 -4.9147875714838495e-02 -6.8197673981862540e-03 0
1595 18 2 1.7546448715199998e+08 -1.0670869159614603e+08 -1.7198194811470378e+07 -1.3171981776494702e+07 -1.8333360390032400e+01 -3.7104792055411288e+01 9.3695694704779620e-02 8.6558029714391739e+02 0.0000000000000000e+00 0.0000000000000000e+00 0.0000000000000000e+00 0
1596 18 1 1.7547312715199998e+08 -1.0686668295094530e+08 -1.7518713939660724e+07 -1.3171121800175564e+07 -1.8238778433183064e+01 -3.7089417778996079e+01 1.0536175923842171e-01 8.6558029714391739e+02 8.2598250062400312e-03 -2.7480888824488230e-02 -1.7540045757487639e-02 0
1597 18 1 1.9058448515200001e+08 -3.2725886374363989e+07 -3.0151526986815077e+08 1.1463630959520815e+07 1.0442778392548345e+01 -5.1082837592236610e+00 9.6138223769603004e-01 8.2394734611297645e+02 -1.7164389796429433e-01 -1.6560257208385918e-02 -1.0696748033995519e-01 0
1598 18 3 1.9058448615199998e+08 -3.2725875931585539e+07 -3.0151527497643381e+08 1.1463631920903021e+07 1.0442778547899872e+01 -5.1082823279143632e+00 9.6138218327755198e-01 8.2394734611297645e+02 0.0000000000000000e+00 0.0000000000000000e+00 0.0000000000000000e+00 118
1599 18 2 1.9058448715199998e+08 -3.2725865074931912e+07 -3.0151527988132751e+08 1.1463632925029470e+07 1.0442778720210930e+01 -5.1082808597526723e+00 9.6138212883714347e-01 8.2394734611274157e+02 0.0000000000000000e+00 0.0000000000000000e+00 0.0000000000000000e+00 0
1600 18 1 1.9059312715199998e+08 -3.2635633674313311e+07 -3.0155936200807595e+08 1.1471937235203486e+07 1.0444118878527576e+01 -5.0959155461385057e+00 9.6091186281431873e-01 8.2394734611274157e+02 -1.0053885678859207e-02 -1.1206954332262334e-02 -5.9064155316745316e-03 0
1601 18 1 2.0052048615199998e+08 6.4129306117355943e+07 -2.8775092420292979e+08 1.3976223822065549e+07 7.6486227375343594e+00 7.6127735523127447e+00 -8.6762748027919145e-01 7.7208792242456923e+02 -3.0257539334760947e-01 -1.7343353489048535e-01 -1.8397009169721862e-01 0
1602 18 2 2.0052048815199998e+08 6.4129321414600737e+07 -2.8775090897737974e+08 1.3976222086810449e+07 7.6486220754589391e+00 7.6127765230728892e+00 -8.6762762457067333e-01 7.7208792242456923e+02 0.0000000000000000e+00 0.0000000000000000e+00 0.0000000000000000e+00 0
1603 18 1 2.0052912815199998e+08 6.4195393147069484e+07 -2.8768507914151007e+08 1.3968723091332864e+07 7.6457597059107512e+00 7.6256120112861066e+00 -8.6825095543138642e-01 7.7208792242456923e+02 -3.1649639515472144e-01 -1.9959462796463862e-01 -1.9483074825620952e-01 0
1604 18 1 2.1045648615199998e+08 9.3739727691788658e+07 -1.3013251796587305e+08 -5.7168017253078595e+06 -4.4305595847275168e+00 2.8238007727669622e+01 -2.3666144127423379e+00 7.2027743256991141e+02 1.3447544974385701e-02 7.7614939318712854e-04 7.3635034735210570e-03 0
1605 18 3 2.1045648715199998e+08 9.3739723261227593e+07 -1.3013248972786328e+08 -5.7168040919221761e+06 -4.4305625946896079e+00 2.8238011906195872e+01 -2.3666142291770464e+00 7.2027743256991141e+02 0.0000000000000000e+00 0.0000000000000000e+00 0.0000000000000000e+00 146
1606 18 2 2.1045648815199998e+08 9.3739718831747651e+07 -1.3013246149501421e+08 -5.7168064587952606e+06 -4.4305656048312887e+00 2.8238016084344036e+01 -2.3666140455114282e+00 7.2027743264232458e+02 0.0000000000000000e+00 0.0000000000000000e+00 0.0000000000000000e+00 0
1607 18 1 2.1046512815199998e+08 9.3701326260058627e+07 -1.2988832895737265e+08 -5.7372471350313351e+06 -4.4566198287315917e+00 2.8274158843176195e+01 -2.3650219348652897e+00 7.2027743264232458e+02 -1.0508958126801936e-01 8.7003669650035156e-02 -6.1106153357641926e-02 0
1608 18 1 2.4069648715199998e+08 3.8021863951781973e+07 -2.1753914056830299e+08 -6.4344559085373040e+06 4.6545658554346758e-01 1.8555202123049444e+01 -3.7989316382314584e+00 6.0010000000000002e+02 -1.4155589698835194e-01 6.6009229368682559e-02 -5.0528828240840810e-02 0
1609 18 3 2.4069648815199998e+08 3.8021864417238325e+07 -2.1753912201309958e+08 -6.4344597074688952e+06 4.6545611761731776e-01 1.8555204800252426e+01 -3.7989315590440977e+00 6.0010000000000002e+02 0.0000000000000000e+00 0.0000000000000000e+00 0.0000000000000000e+00 2
1610 18 4 2.4069648915199998e+08 3.8021864882694200e+07 -2.1753910345789346e+08 -6.4344635064004073e+06 4.6545564969104741e-01 1.8555207477455834e+01 -3.7989314798566705e+00 6.0010000000000002e+02 0.0000000000000000e+00 0.0000000000000000e+00 0.0000000000000000e+00 0
1611 19 0 0.0000000000000000e+00 -1.9500328646873634e+07 1.4581848347052613e+08 -7.6372048832368055e+03 -2.9449739551158441e+01 -3.4609418271036745e+00 -3.9124041038779014e+00 1.6313572287067427e+03 0.0000000000000000e+00 0.0000000000000000e+00 0.0000000000000000e+00 0
1612 19 2 1.0008480152000001e+07 -1.2293998080877978e+08 -7.9444647534481600e+07 -1.7466120430562727e+07 1.6370110735037649e+01 -2.4900672388457327e+01 1.7069636097953749e+00 1.6313572287067427e+03 0.0000000000000000e+00 0.0000000000000000e+00 0.0000000000000000e+00 0
1613 19 1 1.0017120152000001e+07 -1.2279835301668215e+08 -7.9659666383782700e+07 -1.7451345263839014e+07 1.6414092510334022e+01 -2.4872196203050699e+01 1.7132130707939262e+00 1.6313572287067427e+03 7.8895922629025020e-02 1.7516910971167915e-01 1.3048625063914165e-01 0
1614 19 1 4.0248479152000003e+07 -1.6894294911158758e+08 -3.8721233372388473e+06 -2.6898190359364651e+07 3.0421680629884218e+00 -2.5643667488883253e+01 -3.7606803253312282e-01 1.4998045786406526e+03 5.1581846508198970e-02 1.0660632869919077e-01 -1.1798116093753305e-01 0
1615 19 2 4.0248481151999995e+07 -1.6894294302724254e+08 -3.8721746245735185e+06 -2.6898191111499291e+07 3.0421770129273642e+00 -2.5643667283751888e+01 -3.7606660757179511e-01 1.4998045786406526e+03 0.0000000000000000e+00 0.0000000000000000e+00 0.0000000000000000e+00 0
1616 19 1 4.0257121152000003e+07 -1.6891649157924432e+08 -4.0937320081499764e+06 -2.6901413729545500e+07 3.0808446587850886e+00 -2.5642755592857714e+01 -3.6990930109644821e-01 1.4998045786406526e+03 4.7859807107218134e-02 7.3163131539922432e-02 2.8537631173547177e-02 0
1617 19 1 7.0488479152000010e+07 -1.7543265320097330e+08 4.8668631228272684e+07 -2.7016884193130117e+07 -4.9315136265705570e+00 -2.3358792484593003e+01 -1.6016465533372162e+00 1.4604952767612631e+03 -4.3183946405108498e-03 1.2272867369340161e-02 -2.1694204643884770e-02 0
1618 19 3 7.0488480152000010e+07 -1.7543265813248503e+08 4.8668607869479723e+07 -2.7016885794776376e+07 -4.9315098923499159e+00 -2.3358793520542456e+01 -1.6016459782617878e+00 1.4604952767612631e+03 0.0000000000000000e+00 0.0000000000000000e+00 0.0000000000000000e+00 152
1619 19 2 7.0488481152000010e+07 -1.7543266311226144e+08 4.8668584104456119e+07 -2.7016887416259117e+07 -4.9315061244501299e+00 -2.3358794571269190e+01 -1.6016453979673035e+00 1.4604952767612631e+03 0.0000000000000000e+00 0.0000000000000000e+00 0.0000000000000000e+00 0
1620 19 1 7.0497121152000010e+07 -1.7547513192672902e+08 4.8466725503982611e+07 -2.7030704163004965e+07 -4.8992357206817472e+00 -2.3367727389246355e+01 -1.5966750392734004e+00 1.4604952767612631e+03 1.3536570815478474e-02 -3.9338621717276362e-03 -4.1177738649391733e-02 0
1621 19 1 9.7272480152000010e+07 -9.0943786007909358e+07 1.5314695779035115e+08 -8.0165553900224930e+06 -2.2651441356606536e+01 -9.6775573384969586e+00 -3.9392524763630226e+00 1.4472922750529931e+03 -7.5241633312197040e-03 4.2264661719818488e-03 3.0163941311173555e-02 0
1622 19 2 9.7272482151999995e+07 -9.0943831310787722e+07 1.5314693843522933e+08 -8.0165632685270533e+06 -2.2651437097692565e+01 -9.6775645103944932e+00 -3.9392521009461907e+00 1.4472922750529931e+03 0.0000000000000000e+00 0.0000000000000000e+00 0.0000000000000000e+00 0
1623 19 1 9.7281122151999995e+07 -9.1139460201910093e+07 1.5306319047958508e+08 -8.0505913917452656e+06 -2.2633023369016108e+01 -9.7085309478628989e+00 -3.9376272610253240e+00 1.4472922750529931e+03 1.8804152554879581e-02 1.4002594505605006e-02 -1.2313364154917235e-01 0
1624 19 1 1.2405648015200001e+08 5.8731265159469843e+07 1.3376004967144045e+08 1.8982796976928391e+07 -2.4402197891630983e+01 1.8179925081759855e+01 -2.6441833943353936e+00 1.4117039045495317e+03 -4.9437844547536415e-03 -9.0175134363136081e-03 5.0774166202703204e-02 0
1625 19 3 1.2405648115200001e+08 5.8731240757270783e+07 1.3376006785136274e+08 1.8982794332744610e+07 -2.4402200329708290e+01 1.8179919529054139e+01 -2.6441841823574603e+00 1.4117039045495317e+03 0.0000000000000000e+00 0.0000000000000000e+00 0.0000000000000000e+00 39
1626 19 2 1.2405648215200000e+08 5.8731215872356348e+07 1.3376008609831306e+08 1.8982791610139616e+07 -2.4402202854388499e+01 1.8179913892833735e+01 -2.6441849884330537e+00 1.4117038928197308e+03 0.0000000000000000e+00 0.0000000000000000e+00 0.0000000000000000e+00 0
1627 19 1 1.2406512215200000e+08 5.8520289982221954e+07 1.3391695329791088e+08 1.8959916461986959e+07 -2.4423218108656865e+01 1.8131937549404366e+01 -2.6509855448263400e+00 1.4117038928197308e+03 -7.5564760352265350e-02 -5.5306313664901866e-02 -1.9130980707085757e-03 0
1628 19 1 1.3528848115200001e+08 -1.7681917341370785e+08 5.5679500907435589e+07 -2.6520538777338948e+07 -7.2385173571346622e+00 -2.3429062871169943e+01 -3.3709825479498283e+00 1.3551254065057205e+03 -1.4790007660441037e-01 -1.8410592242573862e-01 -2.0959778413144600e-01 0
1629 19 2 1.3528848315200001e+08 -1.7681918789073542e+08 5.5679454049307689e+07 -2.6520545519302957e+07 -7.2385102106248986e+00 -2.3429065121570201e+01 -3.3709814760677359e+00 1.3551254065057205e+03 0.0000000000000000e+00 0.0000000000000000e+00 0.0000000000000000e+00 0
1630 19 1 1.3529712315199998e+08 -1.7688159523434120e+08 5.5476984980373420e+07 -2.6549650788359433e+07 -7.2076325714196372e+00 -2.3438768940837306e+01 -3.3663485138366989e+00 1.3551254065057205e+03 3.0232934418345792e-03 -1.1581966840032380e-01 -1.5661114257123998e-01 0
1631 19 1 1.4652048115200001e+08 -4.2742054126434371e+07 -1.6246151030762923e+08 -2.5259037314246431e+07 2.6359673745753728e+01 -4.5674562683177244e+00 4.1128025007182778e+00 1.2944792756415457e+03 -3.1008445021150344e-01 7.0978756847663461e-03 -3.9848876955633987e-02 0
1632 19 3 1.4652048215200001e+08 -4.2742027766760096e+07 -1.6246151487508330e+08 -2.5259033201443598e+07 2.6359674902806081e+01 -4.5674518703884148e+00 4.1128031844953137e+00 1.2944792756415457e+03 0.0000000000000000e+00 0.0000000000000000e+00 0.0000000000000000e+00 51
1633 19 2 1.4652048315200001e+08 -4.2742001431736492e+07 -1.6246151945078012e+08 -2.5259029093926907e+07 2.6359676056551763e+01 -4.5674474749622362e+00 4.1128038674032288e+00 1.2944792756415443e+03 0.0000000000000000e+00 0.0000000000000000e+00 0.0000000000000000e+00 0
1634 19 1 1.4652912315200001e+08 -4.2514210714308128e+07 -1.6250081800782782e+08 -2.5223468954916514e+07 2.6369648529627522e+01 -4.5294364169806940e+00 4.1187088379900096e+00 1.2944792756415443e+03 3.5762328744373584e-01 -1.5619620048549079e-01 2.7516277610566336e-01 0
1635 19 1 1.5904848215200001e+08 1.4849484906235790e+08 7.4052597055837184e+07 3.5370637638151914e+07 -9.0001586749675724e+00 2.6184043569617067e+01 5.1067755156960914e-01 1.1601691227056649e+03 3.3181139711088697e-01 -2.2966889299287485e-01 -2.1723360548351742e-01 0
1636 19 2 1.5904848415200001e+08 1.4849483106203255e+08 7.4052649423920199e+07 3.5370638659505092e+07 -9.0001667452786602e+00 2.6184039545048226e+01 5.1067562926676657e-01 1.1601691227056649e+03 0.0000000000000000e+00 0.0000000000000000e+00 0.0000000000000000e+00 0
1637 19 1 1.5905712415200001e+08 1.4841691906435242e+08 7.4278804354989260e+07 3.5375015027354293e+07 -9.0350116107692529e+00 2.6166631716989009e+01 5.0237308579623186e-01 1.1601691227056649e+03 2.0646094319122640e-01 -2.1196098267351504e-01 -3.2338966073629061e-01 0
1638 19 1 1.7157648215200001e+08 -9.4447593838318408e+07 1.3134136179041542e+08 -1.9541178191857476e+07 -1.5726108954363159e+01 -2.0619887065221345e+01 -5.6018081094246153e+00 1.0466342234339841e+03 3.0750207863203105e-01 -8.6159465819677122e-02 -2.2787138622036861e-02 0
1639 19 3 1.7157648315200001e+08 -9.4447609564425886e+07 1.3134134117052637e+08 -1.9541183793665275e+07 -1.5726106057432395e+01 -2.0619891093770452e+01 -5.6018075100504934e+00 1.0466342234339841e+03 0.0000000000000000e+00 0.0000000000000000e+00 0.0000000000000000e+00 282
1640 19 2 1.7157648415200001e+08 -9.4447625388559639e+07 1.3134132030459180e+08 -1.9541189426507916e+07 -1.5726103147220002e+01 -2.0619895162115547e+01 -5.6018069084836837e+00 1.0466342234339847e+03 0.0000000000000000e+00 0.0000000000000000e+00 0.0000000000000000e+00 0
1641 19 1 1.7158512415199998e+08 -9.4583390701280877e+07 1.3116301405914442e+08 -1.9589566640077248e+07 -1.5701042031918659e+01 -2.0654697121391244e+01 -5.5966190800415001e+00 1.0466342234339847e+03 -2.7243457027532647e-01 -5.1850544538653932e-02 -1.4825407160602738e-01 0
1642 19 1 1.9663248315200001e+08 -3.1871490627789244e+07 1.2079936864268480e+08 -1.2400566560506703e+07 -2.8908097951305752e+01 -1.4314619934250441e+01 -9.3593085520370991e+00 8.3417473873169968e+02 -6.1719889790371511e-02 -1.1081983014993861e-01 -3.7556426813357008e-01 0
1643 19 3 1.9663248415200001e+08 -3.1871519535886072e+07 1.2079935432806085e+08 -1.2400575919814821e+07 -2.8908095813860296e+01 -1.4314628035595071e+01 -9.3593077203994159e+00 8.3417473873169968e+02 0.0000000000000000e+00 0.0000000000000000e+00 0.0000000000000000e+00 201
1644 19 2 1.9663248515200001e+08 -3.1871548443980757e+07 1.2079934001342879e+08 -1.2400585279122107e+07 -2.8908093676412612e+01 -1.4314636136939811e+01 -9.3593068887609938e+00 8.3417473873169968e+02 0.0000000000000000e+00 0.0000000000000000e+00 0.0000000000000000e+00 0
1645 19 1 1.9664112515199998e+08 -3.2121234354748055e+07 1.2067535916481805e+08 -1.2481418570617694e+07 -2.8889543209502488e+01 -1.4384635666123160e+01 -9.3520940014363489e+00 8.3417473873169968e+02 3.5971365740383060e-01 1.0639112813551722e-01 -1.2543449475506790e-02 0
1646 19 1 2.0916048415200001e+08 1.1109196377749756e+08 -6.0788204729584336e+07 3.6871478768886685e+07 1.8241024594866683e+01 2.4931169181848386e+01 6.1080992030878827e+00 7.7252504259114710e+02 4.2559786708489455e-03 1.8598704175382431e-02 -1.1316363483205405e-03 0
1647 19 2 2.0916048615199998e+08 1.1109200025953382e+08 -6.0788154867239043e+07 3.6871490985080801e+07 1.8241011743625027e+01 2.4931176213891337e+01 6.1080949377542924e+00 7.7252504259114710e+02 0.0000000000000000e+00 0.0000000000000000e+00 0.0000000000000000e+00 0
1648 19 1 2.0916912615199998e+08 1.1124936274035120e+08 -6.0572618472953394e+07 3.6924185315138049e+07 1.8185485491780366e+01 2.4961484168434129e+01 6.0896656304617300e+00 7.7252504259114710e+02 5.0305035820448325e-02 2.2443726425234783e-01 2.2051200461137374e-01 0
1649 19 1 2.2168848415200001e+08 -3.0363569802529946e+07 1.6000656093491045e+08 7.9333981246450664e+06 -2.4201281167081682e+01 -6.4575194186226037e+00 -5.8636951953593703e+00 6.7618292092082527e+02 -2.0475227164523869e-02 -5.0843935193942882e-02 3.3007099572500420e-01 0
1650 19 3 2.2168848515200001e+08 -3.0363594003810599e+07 1.6000655447738859e+08 7.9333922609497616e+06 -2.4201280237556809e+01 -6.4575243169272802e+00 -5.8636954382255837e+00 6.7618292092082527e+02 0.0000000000000000e+00 0.0000000000000000e+00 0.0000000000000000e+00 212
1651 19 2 2.2168848615199998e+08 -3.0363618426344611e+07 1.6000654799128968e+08 7.9333863209085744e+06 -2.4201279296185326e+01 -6.4575292462513714e+00 -5.8636956775012035e+00 6.7618292091903334e+02 0.0000000000000000e+00 0.0000000000000000e+00 0.0000000000000000e+00 0
1652 19 1 2.2169712615199998e+08 -3.0572682701548751e+07 1.5995057211113262e+08 7.8827149436156219e+06 -2.4193219182598245e+01 -6.4998503284481313e+00 -5.8657876903546118e+00 6.7618292091903334e+02 -1.4878474736449354e-02 9.4243968695693889e-02 1.5186767065051754e-01 0
1653 19 1 2.3162448515200001e+08 -7.7893890589389712e+07 -7.4673807540113971e+07 -1.8758226261942349e+07 2.9193824934112648e+01 -2.2440976377789195e+01 4.2798828248676282e+00 6.3833984274930219e+02 -2.1837315018463834e-02 1.0927193921433176e-01 5.9584380771706309e-02 0
1654 19 2 2.3162448715199998e+08 -7.7893832201724216e+07 -7.4673852422051549e+07 -1.8758217702172928e+07 2.9193840670934748e+01 -2.2440961291506948e+01 4.2798866145732228e+00 6.3833984274930219e+02 0.0000000000000000e+00 0.0000000000000000e+00 0.0000000000000000e+00 0
1655 19 1 2.3163312715199998e+08 -7.7641303905390084e+07 -7.4867460399948820e+07 -1.8721168768808182e+07 2.9261763309744556e+01 -2.2375656125923413e+01 4.2962539723848927e+00 6.3833984274930219e+02 2.5355588503197376e-03 -1.3619910680833108e-02 6.5905254981393309e-03 0
1656 19 1 2.4156048515200001e+08 8.4669872313199475e+07 1.0984433947500125e+08 2.0402838086121261e+07 -1.8515002420417218e+01 2.4064937418476266e+01 -2.6300101424415012e+00 6.1183215118111616e+02 -8.6255667959509816e-03 2.0448944097996749e-01 -8.7568755319112929e-02 0
1657 19 3 2.4156048615199998e+08 8.4669853798195049e+07 1.0984436353993596e+08 2.0402835456110634e+07 -1.8515006499495886e+01 2.4064932126584502e+01 -2.6300111253741911e+00 6.1183215118111616e+02 0.0000000000000000e+00 0.0000000000000000e+00 0.0000000000000000e+00 252
1658 19 2 2.4156048715199998e+08 8.4669835155225843e+07 1.0984438764446650e+08 2.0402832804002717e+07 -1.8515010603715627e+01 2.4064926828316722e+01 -2.6300121134075898e+00 6.1183215936818453e+02 0.0000000000000000e+00 0.0000000000000000e+00 0.0000000000000000e+00 0
1659 19 1 2.4156912715199998e+08 8.4509713377141893e+07 1.1005211105766645e+08 2.0380072841691114e+07 -1.8550196802086809e+01 2.4019192467363197e+01 -2.6384941982428525e+00 6.1183215936818453e+02 2.4887582827397525e-04 -2.4464616711266859e-03 2.0291461006246164e-02 0
1660 19 1 2.5624848615199998e+08 -1.4017545848794225e+08 -1.8834110828394365e+07 -2.5429571661202706e+07 1.0913187474464857e+01 -2.7408690998156228e+01 1.1345454641234254e+00 6.0304967236115397e+02 4.1405471919089892e-03 1.4861622743666496e-02 2.3791764234595301e-02 0
1661 19 2 2.5624848815199998e+08 -1.4017543666155478e+08 -1.8834165645774569e+07 -2.5429569392109510e+07 1.0913200012120504e+01 -2.7408689313582052e+01 1.1345477386101779e+00 6.0304967236115397e+02 0.0000000000000000e+00 0.0000000000000000e+00 0.0000000000000000e+00 0
1662 19 1 2.5625712815199998e+08 -1.4008091258113754e+08 -1.9070945137635645e+07 -2.5419724439206697e+07 1.0967379889723906e+01 -2.7401361389633930e+01 1.1443780550679898e+00 6.0304967236115397e+02 3.5553910113249581e-03 -1.4495858274520517e-03 -1.5346196491572493e-03 0
1663 19 1 2.7093648615200001e+08 4.1068467081176214e+07 1.4612484731813607e+08 1.1608520075212825e+07 -2.3937667833636034e+01 1.3787828598970187e+01 -3.8280431055911976e+00 6.0009999999999843e+02 -6.0030964242064984e-03 1.5369333389233275e-02 8.9317688216701151e-04 0
1664 19 3 2.7093648715200001e+08 4.1068443143507652e+07 1.4612486110596189e+08 1.1608516247169511e+07 -2.3937669378615631e+01 1.3787823101808980e+01 -3.8280435422992167e+00 6.0009999999999843e+02 0.0000000000000000e+00 0.0000000000000000e+00 0.0000000000000000e+00 36
1665 19 4 2.7093648815200001e+08 4.1068419028096206e+07 1.4612487483331126e+08 1.1608512385876246e+07 -2.3937670955168308e+01 1.3787817578364999e+01 -3.8280439853894848e+00 6.0010000000000002e+02 0.0000000000000000e+00 0.0000000000000000e+00 0.0000000000000000e+00 0
1666 20 0 0.0000000000000000e+00 -1.9500328646873634e+07 1.4581848347052613e+08 -7.6372048832368055e+03 -2.9600651540814521e+01 -2.5937475958383036e+00 -3.6953877750128736e+00 1.7543551081332939e+03 0.0000000000000000e+00 0.0000000000000000e+00 0.0000000000000000e+00 0
1667 20 2 1.0008480152000001e+07 -1.3319910820854153e+08 -7.0832676109345809e+07 -1.7601964263933286e+07 1.4075562046301991e+01 -2.5299653772520887e+01 1.3207470579191136e+00 1.7543551081332939e+03 0.0000000000000000e+00 0.0000000000000000e+00 0.0000000000000000e+00 0
1668 20 1 1.0017120152000001e+07 -1.3307730709619536e+08 -7.1051164873454899e+07 -1.7590528129512388e+07 1.4119134108653574e+01 -2.5276436651303094e+01 1.3265057710036341e+00 1.7543551081332939e+03 5.0282424257499556e-02 2.2980483288766068e-01 1.0184382873236424e-01 0
1669 20 1 7.0488479152000010e+07 -1.9276552362466830e+08 2.6079923568449583e+07 -2.5690122556017067e+07 -2.7604530185979201e+00 -2.1740608413156654e+01 -8.6201278632218348e-01 1.5300230703750190e+03 -1.4043781727294060e-02 4.0416129672825415e-02 -5.9151924495464130e-02 0
1670 20 3 7.0488480152000010e+07 -1.9276552638511962e+08 2.6079901827840984e+07 -2.5690123418029629e+07 -2.7604496319344864e+00 -2.1740608871350030e+01 -8.6201233497695406e-01 1.5300230703750190e+03 0.0000000000000000e+00 0.0000000000000000e+00 0.0000000000000000e+00 125
1671 20 2 7.0488481152000010e+07 -1.9276552914562324e+08 2.6079880083588362e+07 -2.5690124280105896e+07 -2.7604462448412059e+00 -2.1740609330311496e+01 -8.6201188356856318e-01 1.5300230703750190e+03 0.0000000000000000e+00 0.0000000000000000e+00 0.0000000000000000e+00 0
1672 20 1 7.0497121152000010e+07 -1.9278925298906761e+08 2.5892024158029836e+07 -2.5697555214732751e+07 -2.7311835373379223e+00 -2.1744553876441298e+01 -8.5811167871000993e-01 1.5300230703750190e+03 -8.3336299153248111e-02 -5.1573732527626967e-02 1.3872113015750651e-01 0
1673 20 1 1.1368848015200001e+08 4.5747877728491006e+06 -1.5241441131786826e+08 1.0124847939361410e+07 2.8485326580110268e+01 6.4909390963105658e+00 4.2796083230250215e+00 1.3283668312195564e+03 -7.6271866062385216e-02 -9.3385544586558386e-02 1.5663225289787228e-01 0
1674 20 3 1.1368848115200001e+08 4.5748162581755389e+06 -1.5241440482692632e+08 1.0124852218969537e+07 2.8485326409991050e+01 6.4909447640136531e+00 4.2796079465209571e+00 1.3283668312195564e+03 0.0000000000000000e+00 0.0000000000000000e+00 0.0000000000000000e+00 17
1675 20 2 1.1368848215200000e+08 4.5748447435018076e+06 -1.5241439833597875e+08 1.0124856498577287e+07 2.8485326239870759e+01 6.4909504317170930e+00 4.2796075700166947e+00 1.3283668312195564e+03 0.0000000000000000e+00 0.0000000000000000e+00 0.0000000000000000e+00 0
1676 20 1 1.1369712215200000e+08 4.8209514966555927e+06 -1.5235810494049031e+08 1.0161818233678330e+07 2.8483816170402321e+01 6.5399325305224822e+00 4.2763471570974376e+00 1.3283668312195564e+03 -2.9217387301977921e-01 -1.4595383217148195e-01 -2.5879085921652062e-01 0
1677 20 1 1.2362448115200001e+08 5.9080040908509530e+07 1.0402262671737298e+08 1.1517223606991824e+06 -2.9709895273425587e+01 1.9478509485041567e+01 -5.7731665097336764e+00 1.2739237413591245e+03 -4.0315235375084343e-02 1.8501130357487808e-02 3.9510038948388324e-02 0
1678 20 2 1.2362448315200000e+08 5.9079981488709942e+07 1.0402266567437576e+08 1.1517108143660072e+06 -2.9709904431615104e+01 1.9478493360144341e+01 -5.7731666882651052e+00 1.2739237413591245e+03 0.0000000000000000e+00 0.0000000000000000e+00 0.0000000000000000e+00 0
1679 20 1 1.2363312315200000e+08 5.8823117275579058e+07 1.0419065881365751e+08 1.1018273709935197e+06 -2.9749372344356654e+01 1.9408794230554975e+01 -5.7739210585182974e+00 1.2739237413591245e+03 -2.2202455156481701e-01 -1.8475852069773022e-02 1.0934973847504903e-01 0
1680 20 1 1.3356048115200001e+08 -1.7239435819940650e+08 -1.6364291627915926e+07 -2.1267781047324579e+07 -3.6480610733818528e+00 -2.6319584577786234e+01 1.6867027680496840e+00 1.2055922514168387e+03 -2.6524830200132199e-01 -1.5441552222634672e-01 1.6721727176200935e-02 0
1681 20 3 1.3356048215200000e+08 -1.7239436184746540e+08 -1.6364317947500248e+07 -2.1267779360621545e+07 -3.6480567654449434e+00 -2.6319584168861066e+01 1.6867032995070663e+00 1.2055922514168387e+03 0.0000000000000000e+00 0.0000000000000000e+00 0.0000000000000000e+00 70
1682 20 2 1.3356048315200000e+08 -1.7239436536528245e+08 -1.6364344504918279e+07 -2.1267777639569223e+07 -3.6480524221649042e+00 -2.6319583778108530e+01 1.6867038368565752e+00 1.2055922514168494e+03 0.0000000000000000e+00 0.0000000000000000e+00 0.0000000000000000e+00 0
1683 20 1 1.3356912315200000e+08 -1.7242572378227517e+08 -1.6591730379442859e+07 -2.1253184692176778e+07 -3.6108446753857102e+00 -2.6316027662570775e+01 1.6912920535782228e+00 1.2055922514168494e+03 -1.2037732038338164e-01 -1.9619628729562485e-01 3.8707309100745942e-02 0
1684 20 1 1.4608848215200001e+08 -2.8932831749775312e+06 -2.0693120002428904e+08 1.7945998225120574e+07 2.2029965915275557e+01 1.2246029966887224e+00 2.8874805557788914e+00 1.1707565596090944e+03 6.4273891041502027e-03 1.7600630909142823e-02 -5.4285013101152476e-04 0
1685 20 2 1.4608848415200001e+08 -2.8932391150457021e+06 -2.0693119757507691e+08 1.7946004000081144e+07 2.2029966000948505e+01 1.2246091241707489e+00 2.8874800243761838e+00 1.1707565596090944e+03 0.0000000000000000e+00 0.0000000000000000e+00 0.0000000000000000e+00 0
1686 20 1 1.4609712415199998e+08 -2.7028986449263617e+06 -2.0692050259459889e+08 1.7970941905117556e+07 2.2030323959333682e+01 1.2510812781298686e+00 2.8851825856086593e+00 1.1707565596090944e+03 -1.8263073938507818e-01 -5.5892069565368831e-02 3.4038713417169346e-02 0
1687 20 1 1.5861648215200001e+08 1.3800850276354688e+08 2.1893406739376683e+07 1.8182655886091430e+07 -1.2802642146543164e+01 2.8201994776913320e+01 -4.2789478091882138e+00 1.0979041682910999e+03 9.9375389938239203e-02 -3.4004680088198391e-01 2.9158729444560119e-02 0
1688 20 3 1.5861648315200001e+08 1.3800848996090147e+08 2.1893434941370886e+07 1.8182651607143201e+07 -1.2802648692464190e+01 2.8201993738480123e+01 -4.2789486716149376e+00 1.0979041682910999e+03 0.0000000000000000e+00 0.0000000000000000e+00 0.0000000000000000e+00 120
1689 20 2 1.5861648415200001e+08 1.3800847713601506e+08 2.1893463155363917e+07 1.8182647325916726e+07 -1.2802655245678984e+01 2.8201992697950359e+01 -4.2789495349592466e+00 1.0979041669637518e+03 0.0000000000000000e+00 0.0000000000000000e+00 0.0000000000000000e+00 0
1690 20 1 1.5862512415200001e+08 1.3789761780431598e+08 2.2137089448270865e+07 1.8145645016675953e+07 -1.2859234627193995e+01 2.8192963446951364e+01 -4.2863992869267413e+00 1.0979041669637518e+03 2.3814378849540283e-02 3.1548486712035773e-01 -2.2207220594206786e-01 0
1691 20 1 1.6855248315200001e+08 -1.3530452924347273e+08 7.5740843597568935e+06 -2.1695752395747691e+07 -9.1838597244664300e+00 -2.9602794171340303e+01 1.6023764049998472e+00 1.0040475837818682e+03 1.9746641048846622e-01 3.4897058845939488e-01 8.6861362200562744e-02 0
1692 20 2 1.6855248515200001e+08 -1.3530454761117825e+08 7.5740251541678905e+06 -2.1695749190992657e+07 -9.1838458315934037e+00 -2.9602794949033221e+01 1.6023786326879534e+00 1.0040475837818682e+03 0.0000000000000000e+00 0.0000000000000000e+00 0.0000000000000000e+00 0
1693 20 1 1.6856112515199998e+08 -1.3538363683118504e+08 7.3182426620601425e+06 -2.1681863093207318e+07 -9.1238516703420505e+00 -2.9606095620016809e+01 1.6119926608390422e+00 1.0040475837818682e+03 -6.5016095512774111e-02 4.1196325468361439e-01 3.6696896078661244e-02 0
1694 20 1 1.7848848315200001e+08 3.0809039977163603e+06 -1.4194606762842399e+08 1.7663170405071929e+07 2.6281308768415769e+01 9.1626948941410262e+00 3.4115200230213447e+00 9.1813132091016996e+02 8.2668371739709728e-02 2.5786661913285491e-01 2.7638080750635150e-02 0
1695 20 3 1.7848848415200001e+08 3.0809302790250066e+06 -1.4194605846572590e+08 1.7663173816591546e+07 2.6281308628807984e+01 9.1627013262439529e+00 3.4115192226374629e+00 9.1813132091016996e+02 0.0000000000000000e+00 0.0000000000000000e+00 0.0000000000000000e+00 124
1696 20 2 1.7848848515200001e+08 3.0809570691737235e+06 -1.4194604903478763e+08 1.7663177275890127e+07 2.6281308506828040e+01 9.1627078658478780e+00 3.4115184126327041e+00 9.1813132091016962e+02 0.0000000000000000e+00 0.0000000000000000e+00 0.0000000000000000e+00 0
1697 20 1 1.7849712515199998e+08 3.3080222331092972e+06 -1.4186664308898029e+08 1.7692622889537316e+07 2.6280056900023645e+01 9.2183065402922129e+00 3.4045922383869995e+00 9.1813132091016962e+02 -1.4210978836040106e-01 1.5875103874251625e-01 -4.4284177054266530e-02 0
1698 20 1 1.8842448415200001e+08 -8.1592214375978947e+07 7.6631521805334345e+07 -2.3265801789014526e+07 -3.4397358835365324e+01 -1.4800453377539384e+01 -4.1216281444245952e+00 8.4389747003227842e+02 -3.1093458896696224e-01 1.9126563375663511e-01 -7.5334258939190574e-02 0
1699 20 2 1.8842448615199998e+08 -8.1592283170681998e+07 7.6631492204414040e+07 -2.3265810032266665e+07 -3.4397344343367031e+01 -1.4800466988436076e+01 -4.1216240120710372e+00 8.4389747003227842e+02 0.0000000000000000e+00 0.0000000000000000e+00 0.0000000000000000e+00 0
1700 20 1 1.8843312615199998e+08 -8.1889205758444712e+07 7.6503362595529437e+07 -2.3301343794915192e+07 -3.4334734823004219e+01 -1.4859114084995992e+01 -4.1037898892083868e+00 8.4389747003227842e+02 -1.4641431752174477e-01 1.5442619168670257e-01 5.6756624032259485e-02 0
1701 20 1 1.9836048415200001e+08 -1.7700380256353560e+08 -1.1962554755251613e+08 -1.0407877303765578e+07 6.4041609697938533e+00 -1.3776377767850963e+01 3.8349089419840223e+00 7.6089575323388237e+02 -2.0488811637117926e-01 3.8748384706408695e-01 4.4294301683732398e-02 0
1702 20 3 1.9836048515200001e+08 -1.7700379615937343e+08 -1.1962556132889305e+08 -1.0407873468856573e+07 6.4041633704095267e+00 -1.3776376145428269e+01 3.8349090831409289e+00 7.6089575323388237e+02 0.0000000000000000e+00 0.0000000000000000e+00 0.0000000000000000e+00 220
1703 20 2 1.9836048615199998e+08 -1.7700378939151084e+08 -1.1962557527228543e+08 -1.0407869553154461e+07 6.4041658248645819e+00 -1.3776374508947116e+01 3.8349092311126776e+00 7.6089575323388294e+02 0.0000000000000000e+00 0.0000000000000000e+00 0.0000000000000000e+00 0
1704 20 1 1.9836912615199998e+08 -1.7694836781365135e+08 -1.1974454257677229e+08 -1.0374730674809488e+07 6.4249011159847038e+00 -1.3762351684581816e+01 3.8361267213436530e+00 7.6089575323388294e+02 6.8699999531945891e-03 -5.8198332615590322e-03 -5.6713579447773721e-02 0
1705 20 1 2.0829648515200001e+08 -9.8598763526916057e+06 -1.4063384044474450e+08 2.0795447945106104e+07 2.5306834756618365e+01 1.6368961303736668e+01 9.0020777032729160e-01 7.3207038581787947e+02 1.7062856310401339e-01 -2.0207490381639534e-03 -7.5085696963727716e-02 0
1706 20 2 2.0829648715199998e+08 -9.8598257390212864e+06 -1.4063380770680904e+08 2.0795449745519731e+07 2.5306835660946433e+01 1.6368974202421896e+01 9.0020586300556071e-01 7.3207038581787947e+02 0.0000000000000000e+00 0.0000000000000000e+00 0.0000000000000000e+00 0
1707 20 1 2.0830512715199998e+08 -9.6411579087645765e+06 -1.4049213887034896e+08 2.0803191886115052e+07 2.5310705262977695e+01 1.6424758661180530e+01 8.9195134718970503e-01 7.3207038581787947e+02 5.2035262009733965e-04 -5.7781649678579905e-03 2.1004408660744833e-03 0
1708 20 1 2.1823248515200001e+08 -1.4955907581352478e+08 3.0610109030989751e+07 -2.5464105613917999e+07 -2.0094338689758487e+01 -1.8320220508390602e+01 8.9766213716601193e-02 7.1955341514074939e+02 7.2663984693127792e-02 7.0313569968846301e-02 -1.0449899803131473e-02 0
1709 20 3 2.1823248615199998e+08 -1.4955909590786076e+08 3.0610090710768733e+07 -2.5464105524151329e+07 -2.0094333335789067e+01 -1.8320221604181857e+01 8.9767125289721431e-02 7.1955341514074939e+02 0.0000000000000000e+00 0.0000000000000000e+00 0.0000000000000000e+00 85
1710 20 2 2.1823248715199998e+08 -1.4955911599929219e+08 3.0610072260611482e+07 -2.5464105413988419e+07 -2.0094327956115141e+01 -1.8320222721006857e+01 8.9768043700178074e-02 7.1955341514003351e+02 0.0000000000000000e+00 0.0000000000000000e+00 0.0000000000000000e+00 0
1711 20 1 2.1824112715199998e+08 -1.4973253125569209e+08 3.0451744742569398e+07 -2.5463295824111048e+07 -2.0048103916672265e+01 -1.8329653414455976e+01 9.7633518202170200e-02 7.1955341514003351e+02 3.1111430037001214e-01 -8.1894781876118303e-02 1.9967588511738396e-02 0
1712 20 1 2.2557648615199998e+08 -1.7880790982951415e+08 -1.0377717466269098e+08 -9.8533439737981651e+06 8.9834730264857612e+00 -1.5665856314714496e+01 3.3219025007183776e+00 6.6324215484378499e+02 2.0909079338867292e-01 -2.0537111735171981e-01 1.6757872732247440e-02 0
1713 20 2 2.2557648815199998e+08 -1.7880789186256281e+08 -1.0377720599440044e+08 -9.8533373299928829e+06 8.9834783791308794e+00 -1.5665853208126540e+01 3.3219027956798164e+00 6.6324215484378499e+02 0.0000000000000000e+00 0.0000000000000000e+00 0.0000000000000000e+00 0
1714 20 1 2.2558512815199998e+08 -1.7873017473034999e+08 -1.0391250096435925e+08 -9.8246305904815327e+06 9.0065968809722516e+00 -1.5652423939112872e+01 3.3231751780616632e+00 6.6324215484378499e+02 3.4387010588590278e-01 -2.1109376903040195e-01 1.9564751445209964e-02 0
1715 20 1 2.3292048615199998e+08 -3.6046568418479957e+07 -1.6287222745007920e+08 1.5588807489681421e+07 2.8069947848617158e+01 3.5742294772899892e+00 2.9341858233798637e+00 6.0009999999999980e+02 2.8315620701935446e-01 -1.8166357739112248e-02 2.0468471013593871e-02 0
1716 20 3 2.3292048715199998e+08 -3.6046540348531649e+07 -1.6287222387584743e+08 1.5588810423867019e+07 2.8069948865844701e+01 3.5742340735160663e+00 2.9341853834663674e+00 6.0009999999999980e+02 0.0000000000000000e+00 0.0000000000000000e+00 0.0000000000000000e+00 178
1717 20 4 2.3292048815199998e+08 -3.6046512258164570e+07 -1.6287222028465369e+08 1.5588813358667571e+07 2.8069949886626134e+01 3.5742386738191971e+00 2.9341849434911573e+00 6.0010000000000002e+02 0.0000000000000000e+00 0.0000000000000000e+00 0.0000000000000000e+00 0
1718 21 0 0.0000000000000000e+00 -1.9500328646873634e+07 1.4581848347052613e+08 -7.6372048832368055e+03 -3.0022247516130825e+01 -4.0657571895445246e+00 -6.1546728275258116e-05 1.6887129882552331e+03 0.0000000000000000e+00 0.0000000000000000e+00 0.0000000000000000e+00 0
1719 21 1 8.6400000000000000e+03 -1.9759690394279268e+07 1.4578312849710712e+08 -7.6377247655092733e+03 -3.0015178435863895e+01 -4.1182623902796074e+00 -5.8796355113077464e-05 1.6887129882552331e+03 2.1973234542827218e-03 -1.1799609454338504e-01 8.9242394023086702e-02 0
1720 21 1 1.5119999000000000e+07 2.7120820459869225e+06 -1.5888008544928330e+08 7.4210002934550506e+05 2.8911389507863444e+01 -1.3774197826371886e+00 -2.1703615640914900e-01 1.6354496092633108e+03 6.8277040643275763e-02 -1.3137013231265024e-01 -4.7149398783189952e-02 0
1721 21 2 1.5120001000000000e+07 2.7121398687657863e+06 -1.5888008820411238e+08 7.4209959527314291e+05 2.8911389328457567e+01 -1.3774092727346541e+00 -2.1703620549898056e-01 1.6354496092633108e+03 0.0000000000000000e+00 0.0000000000000000e+00 0.0000000000000000e+00 0
1722 21 1 1.5128641000000000e+07 2.9619308219487499e+06 -1.5889179289530954e+08 7.4022348718870315e+05 2.8910578720995886e+01 -1.3320117357918764e+00 -2.1724797320202313e-01 1.6354496092633108e+03 -2.3092476452610134e-02 -4.2414742822466101e-03 -2.6012591822228807e-02 0
1723 21 1 3.0239999000000004e+07 9.6173482108323634e+07 1.2539178580246957e+08 -3.4841252097691051e+06 -2.4098757677101656e+01 1.3219982350545559e+01 -9.4619258222912714e-02 1.5499067604777731e+03 5.2803133001396142e-02 -4.1944294731509163e-01 -8.7773063054941633e-02 0
1724 21 3 3.0240000000000000e+07 9.6173458009564400e+07 1.2539179902244979e+08 -3.4841253043883047e+06 -2.4098760909009105e+01 1.3219978136756998e+01 -9.4619141138956253e-02 1.5499067604777731e+03 0.0000000000000000e+00 0.0000000000000000e+00 0.0000000000000000e+00 300
1725 21 2 3.0240000999999996e+07 9.6173434017317817e+07 1.2539181220363303e+08 -3.4841253997045574e+06 -2.4098764126031856e+01 1.3219973939552780e+01 -9.4619024332238275e-02 1.5499067604777342e+03 0.0000000000000000e+00 0.0000000000000000e+00 0.0000000000000000e+00 0
1726 21 1 3.0248641000000000e+07 9.5965100124576002e+07 1.2550587541597448e+08 -3.4849385366003602e+06 -2.4126667108719388e+01 1.3183537755134926e+01 -9.3606954067992798e-02 1.5499067604777342e+03 -2.6384511856920467e-01 3.2061285380136739e-01 -1.6321913094018325e-02 0
1727 21 1 3.6288000000000000e+07 -7.8610873814864650e+07 1.0592845776163013e+08 -2.0095631188134451e+06 -2.5809450571768263e+01 -2.2237204013817095e+01 5.5211846782904350e-01 1.4904101372427301e+03 -3.6715903090723656e-01 9.1699105471889558e-02 -7.1042808870906540e-02 0
1728 21 2 3.6288001999999993e+07 -7.8610925433756605e+07 1.0592841328720994e+08 -2.0095620145762793e+06 -2.5809441484562299e+01 -2.2237216258855828e+01 5.5211870012900477e-01 1.4904101372427301e+03 0.0000000000000000e+00 0.0000000000000000e+00 0.0000000000000000e+00 0
1729 21 1 3.6296642000000000e+07 -7.8833749231140032e+07 1.0573605531808324e+08 -2.0047873764612619e+06 -2.5770119499958593e+01 -2.2290079688010842e+01 5.5312128819302697e-01 1.4904101372427301e+03 -3.1179273192516649e-01 1.4315180080050499e-01 -9.1728286465795866e-02 0
1730 21 1 4.2336000000000000e+07 -1.1853193318075557e+08 -7.9802561484013274e+07 1.4161242026963332e+06 1.3177228948601098e+01 -2.8392458338016908e+01 4.3541043379341787e-01 1.4324279045201699e+03 -3.5252795248537255e-01 1.9150229861722964e-01 -1.5264085278478855e-02 0
1731 21 3 4.2336001000000000e+07 -1.1853192000352396e+08 -7.9802589876469746e+07 1.4161246381067340e+06 1.3177234339418543e+01 -2.8392454708605580e+01 4.3541036938825345e-01 1.4324279045201699e+03 0.0000000000000000e+00 0.0000000000000000e+00 0.0000000000000000e+00 241
1732 21 2 4.2336001999999993e+07 -1.1853190681793557e+08 -7.9802618191503108e+07 1.4161250718461666e+06 1.3177239735924722e+01 -2.8392451083961259e+01 4.3541030507578532e-01 1.4324279045201697e+03 0.0000000000000000e+00 0.0000000000000000e+00 0.0000000000000000e+00 0
1733 21 1 4.2344641999999993e+07 -1.1841785437991118e+08 -8.0047793403428733e+07 1.4198846115607505e+06 1.3223773183143653e+01 -2.8361058824187317e+01 4.3485335464584074e-01 1.4324279045201697e+03 6.4166879559399675e-02 -1.6382379292962901e-01 6.1485662465585372e-02 0
1734 21 1 5.3568001000000000e+07 1.3670957047095120e+08 -1.2370045283759503e+08 5.1468175216018083e+06 1.6852551132663603e+01 1.7383821910373999e+01 3.1186405824509750e-01 1.3837252073267255e+03 -2.8084227903597161e-03 -6.3868979455843800e-02 1.6641801747824761e-01 0
1735 21 2 5.3568002999999993e+07 1.3670960417604759e+08 -1.2370041806994605e+08 5.1468181453297054e+06 1.6852545349289443e+01 1.7383827143407881e+01 3.1186384051367244e-01 1.3837252073267255e+03 0.0000000000000000e+00 0.0000000000000000e+00 0.0000000000000000e+00 0
1736 21 1 5.3576642999999993e+07 1.3685510220215383e+08 -1.2355012418584774e+08 5.1495085849718628e+06 1.6827549345511979e+01 1.7406418784370143e+01 3.1092305020991390e-01 1.3837252073267255e+03 -6.3899031967005110e-02 -1.4925619933505915e-01 1.9946993950386344e-01 0
1737 21 1 6.4800001000000000e+07 9.2245474687971100e+07 1.1531294487252964e+08 4.6003002612722358e+06 -2.6662473094858189e+01 1.1949737375178497e+01 -9.8834131487831289e-01 1.3140123045040918e+03 2.7402932246046047e-01 -1.9884440559684569e-01 -8.5358573868824034e-02 0
1738 21 3 6.4800001999999993e+07 9.2245448025496155e+07 1.1531295682226463e+08 4.6002992729308289e+06 -2.6662476891081084e+01 1.1949732629647851e+01 -9.8834150419671429e-01 1.3140123045040918e+03 0.0000000000000000e+00 0.0000000000000000e+00 0.0000000000000000e+00 16
1739 21 2 6.4800002999999993e+07 9.2245421408795029e+07 1.1531296876404952e+08 4.6002982864582743e+06 -2.6662480681030484e+01 1.1949727887708251e+01 -9.8834169321536258e-01 1.3140123045040946e+03 0.0000000000000000e+00 0.0000000000000000e+00 0.0000000000000000e+00 0
1740 21 1 6.4808642999999993e+07 9.2014915939589724e+07 1.1541603715790273e+08 4.5917519492952535e+06 -2.6695260201663650e+01 1.1908681675155069e+01 -9.8997693944098819e-01 1.3140123045040946e+03 4.5012399447430122e-02 -5.0290411303500350e-02 -5.3667532245420015e-02 0
1741 21 1 1.2182400200000000e+08 1.4400786248559448e+08 1.0647179260769463e+08 -1.8025515963095494e+06 -1.7597680987119368e+01 1.5528652416154205e+01 -1.5294988890342189e+00 1.1588336205114811e+03 6.3928200509961591e-02 -2.0147008275441951e-02 -1.1326021565100750e-01 0
1742 21 3 1.2182400300000000e+08 1.4400784488791189e+08 1.0647180813634577e+08 -1.8025531258084148e+06 -1.7597684313652504e+01 1.5528649956691316e+01 -1.5294988473958639e+00 1.1588336205114811e+03 0.0000000000000000e+00 0.0000000000000000e+00 0.0000000000000000e+00 206
1743 21 2 1.2182400399999999e+08 1.4400782729022595e+08 1.0647182366499446e+08 -1.8025546553072382e+06 -1.7597687640185505e+01 1.5528647497227867e+01 -1.5294988057574699e+00 1.1588336205114811e+03 0.0000000000000000e+00 0.0000000000000000e+00 0.0000000000000000e+00 0
1744 21 1 1.2183264399999999e+08 1.4385565912118083e+08 1.0660589932009089e+08 -1.8157679666766366e+06 -1.7626423903410505e+01 1.5507376795442248e+01 -1.5291376028690626e+00 1.1588336205114811e+03 -2.0947274505395446e-02 3.0763044640778288e-02 2.8030107652583000e-02 0
1745 21 1 1.5465600300000000e+08 5.0057868021216929e+07 1.3498956703084713e+08 -2.0992341241029948e+06 -3.0218376578384987e+01 1.5901585030744818e+00 -8.3671006804427073e-01 1.0944411270676549e+03 -6.6988872513159242e-02 8.7247639748659536e-03 8.9267726538301506e-02 0
1746 21 3 1.5465600400000000e+08 5.0057837802839294e+07 1.3498956862100261e+08 -2.0992349608130143e+06 -3.0218378803795559e+01 1.5901525018739939e+00 -8.3670997471907871e-01 1.0944411270676549e+03 0.0000000000000000e+00 0.0000000000000000e+00 0.0000000000000000e+00 111
1747 21 2 1.5465600500000000e+08 5.0057807584459439e+07 1.3498957021115211e+08 -2.0992357975229407e+06 -3.0218381029205204e+01 1.5901465006723097e+00 -8.3670988139383162e-01 1.0944411270676549e+03 0.0000000000000000e+00 0.0000000000000000e+00 0.0000000000000000e+00 0
1748 21 1 1.5466464500000000e+08 4.9796637809063829e+07 1.3500308495461473e+08 -2.1064614816671466e+06 -3.0237573951455246e+01 1.5382514473155340e+00 -8.3590150761433890e-01 1.0944411270676549e+03 -1.2961349820334031e-01 2.0821311472623841e-01 -2.8474926953063645e-01 0
1749 21 1 1.6588800400000000e+08 -8.6014756468088794e+06 -1.3464885959030864e+08 2.0360079669692153e+06 2.9814749669038164e+01 -9.1487858559314024e+00 1.8068993533152891e+00 1.0249456247487408e+03 -1.1151443549531573e-01 1.1647029688979546e-01 8.5946802367607905e-02 0
1750 21 2 1.6588800600000000e+08 -8.6014160173087306e+06 -1.3464887788786575e+08 2.0360115807676946e+06 2.9814750598226372e+01 -9.1487713102208730e+00 1.8068991333713034e+00 1.0249456247487408e+03 0.0000000000000000e+00 0.0000000000000000e+00 0.0000000000000000e+00 0
1751 21 1 1.6589664599999997e+08 -8.3437994123683618e+06 -1.3472765188719204e+08 2.0516190760177043e+06 2.9818701826947724e+01 -9.0859592169503252e+00 1.8059459975205197e+00 1.0249456247487408e+03 -1.5193109920777792e-01 5.3082114780665601e-02 1.5093254317317448e-01 0
1752 21 1 1.7712000400000000e+08 1.4240844202425063e+08 4.4201926243563615e+07 1.5986718650115363e+07 -1.2684673594351972e+01 2.4912817878013808e+01 6.6809285029293314e-02 9.5588948025932973e+02 3.2676133808652030e-02 9.6964605729020381e-02 2.7480571204744114e-01 0
1753 21 3 1.7712000500000000e+08 1.4240842933957425e+08 4.4201951156380571e+07 1.5986718716924334e+07 -1.2684679198069388e+01 2.4912816138684445e+01 6.6808655958034716e-02 9.5588948025932973e+02 0.0000000000000000e+00 0.0000000000000000e+00 0.0000000000000000e+00 168
1754 21 2 1.7712000600000000e+08 1.4240841628510165e+08 4.4201976620669089e+07 1.5986718743118856e+07 -1.2684684913932436e+01 2.4912814377138808e+01 6.6808017507590842e-02 9.5588948025932973e+02 0.0000000000000000e+00 0.0000000000000000e+00 0.0000000000000000e+00 0
1755 21 1 1.7712864599999997e+08 1.4229861144692183e+08 4.4417158293722391e+07 1.5987272477794843e+07 -1.2733102032074315e+01 2.4897743850803547e+01 6.1370538119735474e-02 9.5588948025932973e+02 2.0848648788015398e-01 7.7599023832505110e-02 -9.6552944153456208e-02 0
1756 21 1 1.8446400500000000e+08 -5.6960826850758411e+07 9.3231350785104096e+07 -2.1369835376660288e+06 -2.8099407679324901e+01 -2.2846207958304458e+01 -3.9218335705391341e+00 9.0166467596150164e+02 3.4096028547908624e-01 7.5589273132340262e-02 4.7180917518049884e-02 0
1757 21 2 1.8446400700000000e+08 -5.6960883049562074e+07 9.3231305092669323e+07 -2.1369913813327197e+06 -2.8099396092967499e+01 -2.2846226922406881e+01 -3.9218331358563936e+00 9.0166467596150164e+02 0.0000000000000000e+00 0.0000000000000000e+00 0.0000000000000000e+00 0
1758 21 1 1.8447264699999997e+08 -5.7203445213674538e+07 9.3033559893147871e+07 -2.1708678614334646e+06 -2.8049208007731931e+01 -2.2928111267989937e+01 -3.9199393443024921e+00 9.0166467596150164e+02 1.6553938969425211e-01 1.8642317443965956e-01 7.8337773522286547e-02 0
1759 21 1 1.9180800500000000e+08 1.2900264808679527e+07 -1.0806796518276422e+08 -2.5129797971039396e+06 3.6484644815161701e+01 -5.3994548979716928e-01 3.8527988628889820e+00 8.5129853521386894e+02 3.1078709301003610e-01 -2.4636792006930155e-02 4.9418139741238307e-02 0
1760 21 3 1.9180800600000000e+08 1.2900301293323608e+07 -1.0806796572270414e+08 -2.5129759443049547e+06 3.6484643488209052e+01 -5.3993437367884212e-01 3.8527991213796393e+00 8.5129853521386894e+02 0.0000000000000000e+00 0.0000000000000000e+00 0.0000000000000000e+00 230
1761 21 2 1.9180800700000000e+08 1.2900337842180630e+07 -1.0806796616990563e+08 -2.5129720814252184e+06 3.6484642181475039e+01 -5.3992322323029840e-01 3.8527993831343976e+00 8.5129853521386906e+02 0.0000000000000000e+00 0.0000000000000000e+00 0.0000000000000000e+00 0
1762 21 1 1.9181664699999997e+08 1.3215515237780204e+07 -1.0807221635113168e+08 -2.4796742929032329e+06 3.6473043820459701e+01 -4.4393257797534696e-01 3.8550166846498830e+00 8.5129853521386906e+02 -1.5082184224840711e-02 -1.1476156152826410e-01 7.8330931266636178e-02 0
1763 21 1 2.0433600600000000e+08 7.9633880939740362e+06 1.2328786112589392e+08 1.2010668273715926e+07 -3.2154277985570992e+01 -3.0140942938905959e+00 -2.9400666072005803e+00 7.8769289689101583e+02 -2.0707133243042125e-01 -1.5968473199085252e-02 2.0495900961132846e-01 0
1764 21 2 2.0433600799999997e+08 7.9633237854170874e+06 1.2328785509768823e+08 1.2010662393581057e+07 -3.2154279090760255e+01 -3.0141114043171262e+00 -2.9400682740930861e+00 7.8769289689101583e+02 0.0000000000000000e+00 0.0000000000000000e+00 0.0000000000000000e+00 0
1765 21 1 2.0434464799999997e+08 7.6854904209902696e+06 1.2326149375735457e+08 1.1985229105867272e+07 -3.2158972806791795e+01 -3.0880618272716891e+00 -2.9472656405404116e+00 7.8769289689101583e+02 -1.5164495373271356e-01 -8.0898217345578713e-02 -1.3459591891215306e-01 0
1766 21 1 2.1686400600000000e+08 7.2436003840934187e+07 -1.2554091463907453e+08 -7.1092656441071499e+06 2.6080758868556689e+01 9.2726392820793766e+00 3.2377965812897735e+00 7.3357351930226082e+02 -1.1287455769113031e-01 -4.6549712929695730e-02 -3.0303291548618150e-02 0
1767 21 3 2.1686400700000000e+08 7.2436029921691433e+07 -1.2554090536643255e+08 -7.1092624063104214e+06 2.6080755722697145e+01 9.2726447342575522e+00 3.2377968900415115e+00 7.3357351930226082e+02 0.0000000000000000e+00 0.0000000000000000e+00 0.0000000000000000e+00 88
1768 21 2 2.1686400799999997e+08 7.2436055980196089e+07 -1.2554089593512426e+08 -7.1092591532481695e+06 2.6080752593680476e+01 9.2726502164518969e+00 3.2377972041082810e+00 7.3357351930226059e+02 0.0000000000000000e+00 0.0000000000000000e+00 0.0000000000000000e+00 0
1769 21 1 2.1687264799999997e+08 7.2661276176104188e+07 -1.2546057683774580e+08 -7.0812730797465257e+06 2.6053541850534817e+01 9.3197216432169281e+00 3.2404584186029672e+00 7.3357351930226059e+02 -1.7161578243479256e-01 2.7748154849836965e-01 1.9529761680742535e-02 0
1770 21 1 2.2420800700000000e+08 1.3613714127013361e+08 4.1786941848610468e+07 1.2974770384621674e+07 -1.2280125175379620e+01 2.7835692222864992e+01 6.4188379344158331e-01 6.6637289577507875e+02 -1.0963577686722167e-02 3.5390072148507584e-01 -2.5189392285064904e-01 0
1771 21 2 2.2420800899999997e+08 1.3613711670987096e+08 4.1786997519991010e+07 1.2974771668388080e+07 -1.2280137533371521e+01 2.7835688429608616e+01 6.4188261564301763e-01 6.6637289577507875e+02 0.0000000000000000e+00 0.0000000000000000e+00 0.0000000000000000e+00 0
1772 21 1 2.2421664899999997e+08 1.3603078570303106e+08 4.2027426925900109e+07 1.2980295545862272e+07 -1.2333520149058211e+01 2.7819249184895316e+01 6.3679182626507169e-01 6.6637289577507875e+02 -1.9859590612980138e-01 2.7205661559090821e-01 -2.8335250228190362e-01 0
1773 21 1 2.3155200700000000e+08 -7.1251438781515226e+07 1.2285541681018011e+08 -4.3486474978076750e+06 -3.0871891889029524e+01 -1.1281322487823285e+01 -3.7229363167435907e+00 6.0009999999999980e+02 -6.8522266197135306e-02 2.9965298189424483e-01 5.9000638441495789e-03 0
1774 21 3 2.3155200799999997e+08 -7.1251469653405398e+07 1.2285540552885480e+08 -4.3486512207438834e+06 -3.0871888592713226e+01 -1.1281328171500878e+01 -3.7229361155613985e+00 6.0009999999999980e+02 0.0000000000000000e+00 0.0000000000000000e+00 0.0000000000000000e+00 243
1775 21 4 2.3155200899999997e+08 -7.1251500459524378e+07 1.2285539427141875e+08 -4.3486549369946290e+06 -3.0871885292849242e+01 -1.1281333854095836e+01 -3.7229359140571958e+00 6.0010000000000002e+02 0.0000000000000000e+00 0.0000000000000000e+00 0.0000000000000000e+00 0
1776 22 0 3.1536000000000000e+07 -1.7528035324425988e+07 1.4607225188632977e+08 -7.6324795108381923e+03 -3.0072897370770956e+01 -3.6664899225138949e+00 -8.2433603069277759e-05 1.9044638499229450e+03 0.0000000000000000e+00 0.0000000000000000e+00 0.0000000000000000e+00 0
1777 22 1 3.1544640000000004e+07 -1.7787837756608754e+07 1.4604034620183447e+08 -7.6331798638189875e+03 -3.0066538920683190e+01 -3.7190833653400603e+00 -7.9685095853266303e-05 1.9044638499229450e+03 -4.0555720481052104e-01 -8.4988633084969914e-02 2.1224223329315678e-01 0
1778 22 1 4.3415999000000000e+07 -1.1325664577746232e+08 -1.2566056737844862e+08 2.3253944933541406e+04 1.8097294443675196e+01 -2.0220431246349481e+01 -5.9711001514729289e-01 1.7915367102006046e+03 -2.6174182183567041e-01 -6.3467272369628382e-03 -3.0759458015439628e-01 0
1779 22 2 4.3416001000000000e+07 -1.1325660958286728e+08 -1.2566060781930414e+08 2.3252750713512200e+04 1.8097300653142710e+01 -2.0220424356815933e+01 -5.9711001642219319e-01 1.7915367102006046e+03 0.0000000000000000e+00 0.0000000000000000e+00 0.0000000000000000e+00 0
1780 22 1 4.3424641000000000e+07 -1.1310013309219950e+08 -1.2583518367001371e+08 1.8093698142240068e+04 1.8124101061759418e+01 -2.0190647513389315e+01 -5.9711491184479892e-01 1.7915367102006046e+03 -2.8286079347490639e-01 4.9311272665761824e-02 -3.1332665738347931e-01 0
1781 22 1 5.5295999000000000e+07 1.3624761232252577e+08 -8.8236961932177007e+07 -1.0295648429042736e+07 9.8258205636186293e+00 2.4889301364783364e+01 -2.5311914308227318e-01 1.6894691402054466e+03 -2.5212895439612659e-01 -9.7008199131393177e-02 -7.0028115234739965e-02 0
1782 22 3 5.5296000000000000e+07 1.3624762214834422e+08 -8.8236937042874336e+07 -1.0295648682161720e+07 9.8258163614386991e+00 2.4889304086207385e+01 -2.5311882554154391e-01 1.6894691402054466e+03 0.0000000000000000e+00 0.0000000000000000e+00 0.0000000000000000e+00 1
1783 22 2 5.5296001000000000e+07 1.3624763200721440e+08 -8.8236912243596852e+07 -1.0295648938227832e+07 9.8258121702674188e+00 2.4889306790881335e+01 -2.5311850906229427e-01 1.6894691402054470e+03 0.0000000000000000e+00 0.0000000000000000e+00 0.0000000000000000e+00 0
1784 22 1 5.5304641000000000e+07 1.3633237010242701e+08 -8.8021767110542074e+07 -1.0297824025851715e+07 9.7894788068390373e+00 2.4912801064983299e+01 -2.5037351636212729e-01 1.6894691402054470e+03 -1.6321782232699084e-01 2.1610993052130348e-01 -1.4391802360723147e-01 0
1785 22 1 8.8128000000000000e+07 8.3363869644919053e+07 -1.3587405029779550e+08 -2.1234667048069991e+07 1.3602771875834280e+01 2.3028825553124147e+01 -1.1870460327550358e+00 1.3924645436530209e+03 -2.9827271915907144e-01 1.2489657535517461e-01 -2.6263627520916816e-01 0
1786 22 3 8.8128001000000000e+07 8.3363883247689560e+07 -1.3587402726896781e+08 -2.1234668235115685e+07 1.3602769215775096e+01 2.3028829888730893e+01 -1.1870453551777069e+00 1.3924645436530209e+03 0.0000000000000000e+00 0.0000000000000000e+00 0.0000000000000000e+00 295
1787 22 2 8.8128002000000000e+07 8.3363896850457430e+07 -1.3587400424013579e+08 -2.1234669422160696e+07 1.3602766555714867e+01 2.3028834224337899e+01 -1.1870446776001853e+00 1.3924645436530209e+03 0.0000000000000000e+00 0.0000000000000000e+00 0.0000000000000000e+00 0
1788 22 1 8.8136642000000000e+07 8.3481325355178580e+07 -1.3567487325927460e+08 -2.1244900176996600e+07 1.3579744702341788e+01 2.3066303415243866e+01 -1.1811832075465545e+00 1.3924645436530209e+03 -8.5114250264210142e-02 7.8287179314964830e-03 1.0599048145335356e-02 0
1789 22 1 1.2096000100000000e+08 8.3891994546380386e+07 -9.9480382117687926e+07 -1.9906991636512499e+07 5.4664606368112141e+00 3.1976278630885581e+01 6.7339162523022345e-01 1.2539948749414393e+03 -2.4096056250509645e-01 2.1223525948476742e-02 3.8005318393700679e-02 0
1790 22 3 1.2096000200000000e+08 8.3892000012838572e+07 -9.9480350141406462e+07 -1.9906990963120297e+07 5.4664557568589345e+00 3.1976284417604873e+01 6.7339278320918117e-01 1.2539948749414393e+03 0.0000000000000000e+00 0.0000000000000000e+00 0.0000000000000000e+00 140
1791 22 2 1.2096000300000000e+08 8.3892005479291871e+07 -9.9480318165119216e+07 -1.9906990289726935e+07 5.4664508769040259e+00 3.1976290204325057e+01 6.7339394118864815e-01 1.2539948749414393e+03 0.0000000000000000e+00 0.0000000000000000e+00 0.0000000000000000e+00 0
1792 22 1 1.2096864299999999e+08 8.3939053188446626e+07 -9.9203826934913665e+07 -1.9901128889899101e+07 5.4241897316900438e+00 3.2026320335745332e+01 6.8341792737760743e-01 1.2539948749414393e+03 -3.0554023019689042e-01 -1.9492122049119973e-01 1.6896859287832081e-01 0
1793 22 1 1.2571200200000000e+08 -4.9483814679081231e+07 3.4744277789853416e+07 1.0558186737555606e+07 -5.0129970233543943e+01 -2.9196743547700137e+01 7.0452540804676174e+00 1.2078113823865988e+03 -3.7761576170298694e-01 -2.7464760910673992e-02 6.0063512457917440e-02 0
1794 22 2 1.2571200399999999e+08 -4.9483914938964695e+07 3.4744219396326557e+07 1.0558200828051619e+07 -5.0129913431826928e+01 -2.9196783430053387e+01 7.0452419608900998e+00 1.2078113823865988e+03 0.0000000000000000e+00 0.0000000000000000e+00 0.0000000000000000e+00 0
1795 22 1 1.2572064399999999e+08 -4.9915977997616038e+07 3.4491219305823229e+07 1.0618845903771745e+07 -4.9884761349466579e+01 -2.9367542687139036e+01 6.9930124206746971e+00 1.2078113823865988e+03 -2.2396100448906611e-01 -3.2248057454075874e-01 -2.1792768389390711e-02 0
1796 22 1 1.3046400200000000e+08 -1.2713236879026669e+08 -1.1964970358941211e+08 1.4568863680419074e+07 -1.1139067591728076e+00 -2.6237027221586871e+01 -1.6635254692575900e+00 1.1632520283381211e+03 -3.6075141253069082e-01 -7.2984119099141764e-02 -1.0453787901366440e-01 0
1797 22 3 1.3046400300000000e+08 -1.2713236990417187e+08 -1.1964972982643780e+08 1.4568862016893426e+07 -1.1139036211769526e+00 -2.6237024268284603e+01 -1.6635258288594084e+00 1.1632520283381211e+03 0.0000000000000000e+00 0.0000000000000000e+00 0.0000000000000000e+00 145
1798 22 2 1.3046400399999999e+08 -1.2713237087319838e+08 -1.1964975609053208e+08 1.4568860326828549e+07 -1.1139004447449701e+00 -2.6237021305900399e+01 -1.6635261945568114e+00 1.1632520283381205e+03 0.0000000000000000e+00 0.0000000000000000e+00 0.0000000000000000e+00 0
1799 22 1 1.3047264399999999e+08 -1.2714187795234585e+08 -1.1987633375465153e+08 1.4554474055150786e+07 -1.0868243825746515e+00 -2.6211515692840138e+01 -1.6666273556372371e+00 1.1632520283381205e+03 -1.2091611874943919e-01 -2.4479866155317825e-01 8.8376806686217321e-02 0
1800 22 1 1.4299200300000000e+08 -3.9266430631508254e+07 -2.8991474333455539e+08 -6.8606620185680725e+06 1.0175211475475725e+01 -3.3806235800120277e+00 -9.7176475884025437e-01 1.0868454329957756e+03 -1.1427952706265472e-01 -7.4939308092352580e-02 1.6136496992419627e-01 0
1801 22 2 1.4299200500000000e+08 -3.9266410281084925e+07 -2.8991475009579951e+08 -6.8606639620975135e+06 1.0175211891340277e+01 -3.3806205095700381e+00 -9.7176468618003975e-01 1.0868454329957756e+03 0.0000000000000000e+00 0.0000000000000000e+00 0.0000000000000000e+00 0
1802 22 1 1.4300064499999997e+08 -3.9178488695566371e+07 -2.8994390135665387e+08 -6.8690586524991048e+06 1.0177006255320034e+01 -3.3673567096915393e+00 -9.7145062983256292e-01 1.0868454329957756e+03 -1.5887072522450377e-01 -1.1023249198372083e-01 1.6988041868277021e-01 0
1803 22 1 1.5552000300000000e+08 7.5770022620683014e+07 -2.2054110711822641e+08 -5.7590458902285304e+06 6.4341656248438222e+00 1.5374613645720714e+01 9.6885380453884151e-01 9.9368668229767388e+02 -8.6798025892959887e-02 -3.5028709695752069e-01 4.6190642322765436e-02 0
1804 22 3 1.5552000400000000e+08 7.5770029054848239e+07 -2.2054109174361163e+08 -5.7590449213746972e+06 6.4341648325990670e+00 1.5374615951679139e+01 9.6885386475491608e-01 9.9368668229767388e+02 0.0000000000000000e+00 0.0000000000000000e+00 0.0000000000000000e+00 13
1805 22 2 1.5552000500000000e+08 7.5770035494255766e+07 -2.2054107636722204e+08 -5.7590439533873154e+06 6.4341640397009501e+00 1.5374618258432973e+01 9.6885392497948331e-01 9.9368668229768343e+02 0.0000000000000000e+00 0.0000000000000000e+00 0.0000000000000000e+00 0
1806 22 1 1.5552864499999997e+08 7.5825597080267131e+07 -2.2040815357353342e+08 -5.7506708079735246e+06 6.4273117826737982e+00 1.5394549551582116e+01 9.6937417416193827e-01 9.9368668229768343e+02 -2.7813991980268828e-02 -2.9595380516097260e-02 7.3523933783386827e-02 0
1807 22 1 1.9353600400000000e+08 9.0204745772655129e+07 -1.3822230085898253e+08 1.8930452504127339e+07 -6.5693190276102364e-01 2.7061932899208795e+01 1.6698321589264244e+00 9.0697295441325332e+02 -2.5845198923675327e-02 -3.9447177483691455e-02 8.2590376620369443e-02 0
1808 22 3 1.9353600500000000e+08 9.0204745115721911e+07 -1.3822227379704770e+08 1.8930454173959218e+07 -6.5693451349032872e-01 2.7061936899674340e+01 1.6698316110362990e+00 9.0697295441325332e+02 0.0000000000000000e+00 0.0000000000000000e+00 0.0000000000000000e+00 121
1809 22 2 1.9353600600000000e+08 9.0204744458786085e+07 -1.3822224673510885e+08 1.8930455843790550e+07 -6.5693712422068429e-01 2.7061940900140740e+01 1.6698310631459006e+00 9.0697295441325332e+02 0.0000000000000000e+00 0.0000000000000000e+00 0.0000000000000000e+00 0
1810 22 1 1.9354464599999997e+08 9.0198970963971019e+07 -1.3798828215707925e+08 1.8944862704911903e+07 -6.7953311151500762e-01 2.7096536898248591e+01 1.6650870897576369e+00 9.0697295441325332e+02 4.3744730570996773e-02 2.9518260181198024e-03 -2.3160382698632933e-02 0
1811 22 1 2.2636800500000000e+08 1.0221544080878365e+08 -1.1478724764408958e+08 1.5352378876063114e+07 -2.0031984755172503e+00 2.9319605570357250e+01 1.3502844253356536e+00 8.5619814972510790e+02 6.8859622707320392e-02 1.5708836493588865e-02 -1.6850585472615850e-02 0
1812 22 3 2.2636800600000000e+08 1.0221543880558334e+08 -1.1478721832448201e+08 1.5352380226347260e+07 -2.0032021561960645e+00 2.9319609703734134e+01 1.3502838725113615e+00 8.5619814972510790e+02 0.0000000000000000e+00 0.0000000000000000e+00 0.0000000000000000e+00 114
1813 22 2 2.2636800700000000e+08 1.0221543680237934e+08 -1.1478718900487030e+08 1.5352381576630853e+07 -2.0032058368764498e+00 2.9319613837111817e+01 1.3502833196867738e+00 8.5619814972510790e+02 0.0000000000000000e+00 0.0000000000000000e+00 0.0000000000000000e+00 0
1814 22 1 2.2637664699999997e+08 1.0219799155419469e+08 -1.1453371317893396e+08 1.5364027358643582e+07 -2.0350656530092164e+00 2.9355355701246115e+01 1.3454958678970088e+00 8.5619814972510790e+02 1.3851200392429414e-01 8.6882577432154467e-02 1.8554904186437168e-01 0
1815 22 1 2.6438400600000000e+08 -1.2614227027224883e+08 3.3176639319545221e+07 -4.9025091367491476e+07 -1.6722036123709852e+01 -2.4595670070345211e+01 -8.3809772157307574e+00 6.0010000000000002e+02 2.0241504300266697e-01 1.2919606436053918e-01 1.5311160039311583e-01 0
1816 22 3 2.6438400700000000e+08 -1.2614228699428183e+08 3.3176614723874383e+07 -4.9025099748467468e+07 -1.6722029935972273e+01 -2.4595671697779437e+01 -8.3809748108715016e+00 6.0010000000000002e+02 0.0000000000000000e+00 0.0000000000000000e+00 0.0000000000000000e+00 25
1817 22 4 2.6438400799999997e+08 -1.2614230371630864e+08 3.3176590128201921e+07 -4.9025108129441060e+07 -1.6722023748235500e+01 -2.4595673325212033e+01 -8.3809724060124680e+00 6.0010000000000002e+02 0.0000000000000000e+00 0.0000000000000000e+00 0.0000000000000000e+00 0
1818 23 0 6.3072000000000000e+07 -1.5552594735497620e+07 1.4629979216986117e+08 -7.6263836817947631e+03 -3.0118143780643852e+01 -3.2665950465054348e+00 -1.0330407077043072e-04 1.6267022453938694e+03 0.0000000000000000e+00 0.0000000000000000e+00 0.0000000000000000e+00 0
1819 23 1 6.3080640000000000e+07 -1.5812791171402503e+07 1.4627134123982120e+08 -7.6272643659688447e+03 -3.0112497053761111e+01 -3.3192667803389080e+00 -1.0055794855108545e-04 1.6267022453938694e+03 1.1460675904296908e-01 -2.7073896551182092e-01 -5.4582547801049729e-02 0
1820 23 1 8.6399999000000000e+07 1.7033264931250566e+08 2.2481525389258689e+06 4.1519416143864575e+06 2.3996465381339092e+00 2.8114059548651060e+01 4.9909444852878843e-01 1.4909960518359799e+03 1.7962593922424136e-01 2.7564943504943185e-01 1.8534437716914692e-01 0
1821 23 2 8.6400001000000000e+07 1.7033265411178955e+08 2.2482087670447342e+06 4.1519426125751301e+06 2.3996374002537832e+00 2.8114059428042324e+01 4.9909422578846868e-01 1.4909960518359799e+03 0.0000000000000000e+00 0.0000000000000000e+00 0.0000000000000000e+00 0
1822 23 1 8.6408641000000000e+07 1.7035321646132186e+08 2.4911119088970390e+06 4.1562506289648693e+06 2.3601677218225250e+00 2.8113510362748301e+01 4.9813169187286938e-01 1.4909960518359799e+03 1.5180047281366635e-01 -1.9652195829198769e-02 -1.0415283167880307e-01 0
1823 23 1 1.0972799900000000e+08 -1.5096475435335654e+08 -8.2345813272750340e+06 -1.0657124654677033e+07 1.0319881896740224e+01 -2.7074479873368663e+01 1.7825301774214514e-01 1.3286711573122452e+03 2.4322671475986646e-01 3.1337358167575219e-01 -8.0300850931480178e-02 0
1824 23 3 1.0972800000000000e+08 -1.5096474403347176e+08 -8.2346084017546969e+06 -1.0657124476423813e+07 1.0319887651091785e+01 -2.7074479559489070e+01 1.7825342396175398e-01 1.3286711573122452e+03 0.0000000000000000e+00 0.0000000000000000e+00 0.0000000000000000e+00 112
1825 23 2 1.0972800100000000e+08 -1.5096473383108786e+08 -8.2346352289934801e+06 -1.0657124305509195e+07 1.0319893356230793e+01 -2.7074479244565172e+01 1.7825382773972798e-01 1.3286711573122452e+03 0.0000000000000000e+00 0.0000000000000000e+00 0.0000000000000000e+00 0
1826 23 1 1.0973664099999999e+08 -1.5087535510673174e+08 -8.4685468972013593e+06 -1.0655569023473712e+07 1.0369633774158936e+01 -2.7071726706784464e+01 1.8176596006316018e-01 1.3286711573122452e+03 -1.7835839595882190e-02 2.1324381103245398e-02 1.9546254298859769e-02 0
1827 23 1 1.2355200000000000e+08 8.3161125621097118e+07 1.2485826549871869e+08 8.0881221524163550e+06 -1.8683696529533083e+01 2.1087301150991028e+01 -9.5973877323159651e-01 1.2905965883290576e+03 -5.8627390145088165e-02 -2.1307071298053926e-01 -2.5884389478577473e-02 0
1828 23 2 1.2355200200000000e+08 8.3161088253697619e+07 1.2485830767331114e+08 8.0881202329381788e+06 -1.8683703038949634e+01 2.1087291377737316e+01 -9.5973940632742583e-01 1.2905965883290576e+03 0.0000000000000000e+00 0.0000000000000000e+00 0.0000000000000000e+00 0
1829 23 1 1.2356064199999999e+08 8.2999539706523985e+07 1.2504031946457487e+08 8.0798162782634394e+06 -1.8711779140099171e+01 2.1045066111897178e+01 -9.6247129644953644e-01 1.2905965883290576e+03 -1.3599565856252315e-03 -3.3549257178861688e-02 -9.6461812600470265e-02 0
1830 23 1 1.3737600000000000e+08 -1.4053838216183627e+08 -3.9178635246909801e+06 -1.4862320242718810e+07 7.3734332336625465e+00 -3.0369070229902448e+01 -2.8113596403212288e-01 1.2216163310761294e+03 -1.1915000928613829e-01 -2.5114620968798179e-01 -1.3157476800057946e-01 0
1831 23 3 1.3737600100000000e+08 -1.4053837478839976e+08 -3.9178938937610579e+06 -1.4862320523854425e+07 7.3734398341531469e+00 -3.0369070045896333e+01 -2.8113526601207262e-01 1.2216163310761294e+03 0.0000000000000000e+00 0.0000000000000000e+00 0.0000000000000000e+00 63
1832 23 2 1.3737600200000000e+08 -1.4053836732643330e+08 -3.9179246795934760e+06 -1.4862320801425062e+07 7.3734465139415084e+00 -3.0369069855697635e+01 -2.8113456109169710e-01 1.2216163310769812e+03 0.0000000000000000e+00 0.0000000000000000e+00 0.0000000000000000e+00 0
1833 23 1 1.3738464200000000e+08 -1.4047441432656917e+08 -4.1803064189506816e+06 -1.4864723738867767e+07 7.4304955732750626e+00 -3.0367425804351594e+01 -2.7509960417244228e-01 1.2216163310769812e+03 -2.2208267520721583e-01 -5.8577379436988070e-02 -4.5083495901344778e-02 0
1834 23 1 1.4990400100000000e+08 1.3144578405118521e+08 3.4404285427184992e+07 1.4659749895129448e+07 -5.0173231667171825e+00 3.0022424130081365e+01 5.3684996113249328e-01 1.1451782788153330e+03 -2.2450250863321020e-01 -9.4001259790548228e-02 -3.4370667912102824e-02 0
1835 23 2 1.4990400300000000e+08 1.3144577401652521e+08 3.4404345472029552e+07 1.4659750968827842e+07 -5.0173368359144535e+00 3.0022420552337152e+01 5.3684843664823767e-01 1.1451782788153330e+03 0.0000000000000000e+00 0.0000000000000000e+00 0.0000000000000000e+00 0
1836 23 1 1.4991264300000000e+08 1.3140216919935171e+08 3.4663672260286808e+07 1.4664360890811210e+07 -5.0763623773093958e+00 3.0006910536617550e+01 5.3026336884067271e-01 1.1451782788153330e+03 -1.3291620136231982e-01 3.4605044858432236e-02 3.0242328219928015e-03 0
1837 23 1 1.6243200100000000e+08 -1.3832997331489620e+08 3.0273676033074614e+07 -1.2649668980007565e+07 -7.8102244346997720e+00 -3.0473668029928707e+01 -1.8581670336539375e+00 1.0626664498827463e+03 -3.7832007387165245e-01 -7.6059525155171462e-02 -3.3109344704741236e-02 0
1838 23 3 1.6243200200000000e+08 -1.3832998112511742e+08 3.0273645559405949e+07 -1.2649670838174302e+07 -7.8102180458311965e+00 -3.0473669428139303e+01 -1.8581664494199179e+00 1.0626664498827463e+03 0.0000000000000000e+00 0.0000000000000000e+00 0.0000000000000000e+00 251
1839 23 2 1.6243200300000000e+08 -1.3832998905353424e+08 3.0273614710145213e+07 -1.2649672721873676e+07 -7.8102115851749554e+00 -3.0473670830252818e+01 -1.8581658580186724e+00 1.0626664498827454e+03 0.0000000000000000e+00 0.0000000000000000e+00 0.0000000000000000e+00 0
1840 23 1 1.6244064300000000e+08 -1.3839723079817146e+08 3.0010270161662318e+07 -1.2665705460938500e+07 -7.7550047519906578e+00 -3.0485697413590927e+01 -1.8531154627597159e+00 1.0626664498827454e+03 -9.1177792644704034e-02 6.2574995979935225e-02 -1.5240161113085690e-01 0
1841 23 1 1.7107200200000000e+08 -1.2828109969062939e+07 -1.5738905700179055e+08 -1.4569148937638156e+07 2.7578041375336070e+01 -3.3707100938553722e+00 6.9245237215355937e-01 9.8989129075222002e+02 7.7854249680068517e-03 6.0140034959815729e-02 -4.8512489163636130e-01 0
1842 23 2 1.7107200400000000e+08 -1.2828054812979445e+07 -1.5738906374320024e+08 -1.4569147552732445e+07 2.7578042229113496e+01 -3.3706996187724809e+00 6.9245334180821749e-01 9.8989129075222002e+02 0.0000000000000000e+00 0.0000000000000000e+00 0.0000000000000000e+00 0
1843 23 1 1.7108064399999997e+08 -1.2589764694177246e+07 -1.5741799109688526e+08 -1.4563146663293049e+07 2.7581695971403857e+01 -3.3254469747341293e+00 6.9664102861870036e-01 9.8989129075222002e+02 4.6775309187655186e-03 2.6525182554677413e-02 -4.8817947439834353e-01 0
1844 23 1 1.7971200200000000e+08 1.4995233447889963e+08 -1.7899346934477706e+07 -8.0427891725853197e+06 8.9937110125263564e-01 2.9172395853524790e+01 1.0025521123096226e+00 9.1511058322194924e+02 -6.4034816628000271e-02 4.1492182528353391e-02 -1.8239666433266244e-01 0
1845 23 3 1.7971200300000000e+08 1.4995233537826785e+08 -1.7899317762081567e+07 -8.0427881700330554e+06 8.9936534760137121e-01 2.9172396540319799e+01 1.0025524209103605e+00 9.1511058322194924e+02 0.0000000000000000e+00 0.0000000000000000e+00 0.0000000000000000e+00 57
1846 23 2 1.7971200400000000e+08 1.4995233632493201e+08 -1.7899288671788480e+07 -8.0427871752355732e+06 8.9935961098127248e-01 2.9172397216789825e+01 1.0025527279709046e+00 9.1511058322194856e+02 0.0000000000000000e+00 0.0000000000000000e+00 0.0000000000000000e+00 0
1847 23 1 1.7972064399999997e+08 1.4995989200232434e+08 -1.7647213641936719e+07 -8.0341136036241706e+06 8.4963565288847875e-01 2.9178290647216059e+01 1.0052181981697097e+00 9.1511058322194856e+02 -6.7999774319435324e-02 8.9441774272359942e-02 -4.2431672301175831e-02 0
1848 23 1 1.9353600300000000e+08 -1.4788386086302224e+08 2.4896548028777190e+07 7.1515611364042750e+06 -8.4320958898328424e+00 -2.8876146309369506e+01 -4.8720018090477157e-01 8.9510740422147160e+02 3.4494713091671216e-03 -6.2301090328995678e-03 2.3895842601330572e-03 0
1849 23 2 1.9353600500000000e+08 -1.4788387772720236e+08 2.4896490276482735e+07 7.1515601620033542e+06 -8.4320842910173646e+00 -2.8876148262051245e+01 -4.8720074181538858e-01 8.9510740422147160e+02 0.0000000000000000e+00 0.0000000000000000e+00 0.0000000000000000e+00 0
1850 23 1 1.9354464499999997e+08 -1.4795651448178002e+08 2.4646964042842608e+07 7.1473402838174067e+06 -8.3819802051374328e+00 -2.8884539039218755e+01 -4.8962243065076616e-01 8.9510740422147160e+02 -8.2256590154895504e-02 1.3083503339147493e-01 6.9483983809236885e-02 0
1851 23 1 2.0736000300000000e+08 7.9146186988340020e+07 -1.3218133397400194e+08 -3.1424898405159423e+06 2.1180370454206574e+01 1.8329237091268503e+01 -9.9287127430476296e-02 8.5285866553940173e+02 -5.2170801554841134e-02 4.1367522172791292e-03 6.5631867711965566e-02 0
1852 23 3 2.0736000400000000e+08 7.9146208168708995e+07 -1.3218131564476249e+08 -3.1424899398030131e+06 2.1180367583698466e+01 1.8329241885277270e+01 -9.9287013457310239e-02 8.5285866553940173e+02 0.0000000000000000e+00 0.0000000000000000e+00 0.0000000000000000e+00 274
1853 23 2 2.0736000500000000e+08 7.9146229574368045e+07 -1.3218129704791079e+08 -3.1424900327306096e+06 2.1180364686561649e+01 1.8329246733900408e+01 -9.9286896982141257e-02 8.5285865678946800e+02 0.0000000000000000e+00 0.0000000000000000e+00 0.0000000000000000e+00 0
1854 23 1 2.0736864499999997e+08 7.9329120672371596e+07 -1.3202275344364814e+08 -3.1433436159522776e+06 2.1155524699261647e+01 1.8370659002021778e+01 -9.8301633304458694e-02 8.5285865678946800e+02 4.9556761771530122e-02 -8.8259633047246301e-03 -1.0890009386828116e-01 0
1855 23 1 2.1859200400000000e+08 -4.1445195862703986e+07 1.1329746471802741e+08 1.7079690893304479e+05 -3.3620935364971949e+01 -9.0628958071672532e+00 7.1651950670565379e-01 8.1953727940263332e+02 1.2427966399236351e-01 -3.7420455177339815e-02 -2.3143585801532574e-02 0
1856 23 2 2.1859200600000000e+08 -4.1445263104568318e+07 1.1329744659221871e+08 1.7079834197202954e+05 -3.3620929099693200e+01 -9.0629129343529478e+00 7.1651948088616269e-01 8.1953727940263332e+02 0.0000000000000000e+00 0.0000000000000000e+00 0.0000000000000000e+00 0
1857 23 1 2.1860064599999997e+08 -4.1735630759204455e+07 1.1321882353350505e+08 1.7698858271655065e+05 -3.3593777134865547e+01 -9.1368525626266450e+00 7.1640595621501091e-01 8.1953727940263332e+02 5.2848487365233045e-02 2.7451577775855870e-02 4.8255814052919350e-02 0
1858 23 1 2.2982400400000000e+08 -4.6061155414803058e+07 -1.4012065907919648e+08 5.5694583535045646e+06 2.7492986535828258e+01 -8.4297259604765564e+00 7.8634723038922341e-02 7.8547856411742953e+02 1.0255787900688425e-01 -5.3162498549796211e-02 1.2489115585131148e-01 0
1859 23 3 2.2982400500000000e+08 -4.6061127921815619e+07 -1.4012066750891954e+08 5.5694584321391722e+06 2.7492988436760729e+01 -8.4297201777297790e+00 7.8634493188686025e-02 7.8547856411742953e+02 0.0000000000000000e+00 0.0000000000000000e+00 0.0000000000000000e+00 196
1860 23 2 2.2982400600000000e+08 -4.6061100020213678e+07 -1.4012067599209806e+08 5.5694584998525605e+06 2.7492990368119322e+01 -8.4297143391533655e+00 7.8634261440814077e-02 7.8547856411742953e+02 0.0000000000000000e+00 0.0000000000000000e+00 0.0000000000000000e+00 0
1861 23 1 2.2983264599999997e+08 -4.5823489751174621e+07 -1.4019329283948663e+08 5.5701293201214429e+06 2.7509372879081575e+01 -8.3797359162313523e+00 7.6648134842495982e-02 7.8547856411742953e+02 4.1681114577444278e-01 -1.7779481518620247e-01 -1.1656526486344833e-01 0
1862 23 1 2.3976000500000000e+08 1.6073557269236502e+08 2.2769954857222550e+07 -4.4843656994472947e+06 1.1274583256139779e+00 2.9213295380308558e+01 -9.8716631675426147e-01 6.9040061840134024e+02 3.0355684810600636e-01 2.7975278587222947e-02 5.7428006985006316e-02 0
1863 23 2 2.3976000700000000e+08 1.6073557494727170e+08 2.2770013283811782e+07 -4.4843676737796459e+06 1.1274483652061074e+00 2.9213293969305859e+01 -9.8716603886853793e-01 6.9040061840134024e+02 0.0000000000000000e+00 0.0000000000000000e+00 0.0000000000000000e+00 0
1864 23 1 2.3976864699999997e+08 1.6074513026412749e+08 2.3022389721063394e+07 -4.4928916004998880e+06 1.0844361042315163e+00 2.9207167215033390e+01 -9.8596493359848225e-01 6.9040061840134024e+02 1.9745093502625302e-01 -8.1859849012947863e-02 1.8697142015267379e-01 0
1865 23 1 2.4969600500000000e+08 3.0280215976818413e+07 1.9991687959034291e+08 3.7371598205340342e+06 -1.9049744500608270e+01 3.2244716540754617e+00 2.2033020326535642e+00 6.0009999999999957e+02 4.2710865786989394e-01 3.9642880653727453e-02 1.3477982943696803e-01 0
1866 23 3 2.4969600600000000e+08 3.0280196927073706e+07 1.9991688281481293e+08 3.7371620238360325e+06 -1.9049744986482050e+01 3.2244684462251003e+00 2.2033019726873770e+00 6.0009999999999957e+02 0.0000000000000000e+00 0.0000000000000000e+00 0.0000000000000000e+00 262
1867 23 4 2.4969600700000000e+08 3.0280177811015971e+07 1.9991688600582716e+08 3.7371642288709856e+06 -1.9049745478758012e+01 3.2244652325796892e+00 2.2033019126516873e+00 6.0010000000000002e+02 0.0000000000000000e+00 0.0000000000000000e+00 0.0000000000000000e+00 0
1868 24 0 9.4608000000000000e+07 -1.3574361809391569e+07 1.4650106560852239e+08 -7.6189186023860157e+03 -3.0157979078952220e+01 -2.8661482177772228e+00 -1.2415419091012264e-04 1.6567901817777301e+03 0.0000000000000000e+00 0.0000000000000000e+00 0.0000000000000000e+00 0
1869 24 1 9.4616639999999985e+07 -1.3834905501081975e+07 1.4647607424485576e+08 -7.6199794441898348e+03 -3.0153045020105239e+01 -2.9188882784132155e+00 -1.2141097207856461e-04 1.6567901817777301e+03 3.3203147239527131e-01 1.0614866921807721e-01 -1.3722459375969615e-01 0
1870 24 1 1.1296799900000000e+08 1.1892781375266403e+08 -5.6516284774237171e+07 3.8873414339632979e+06 1.6541558121479795e+01 2.9047697350991786e+01 7.4163426676450073e-01 1.5177026231256050e+03 1.2882527894680454e-01 7.7111999517753257e-02 3.1134910204681160e-01 0
1871 24 2 1.1296800100000000e+08 1.1892784683576639e+08 -5.6516226678836010e+07 3.8873429172313772e+06 1.6541544312479289e+01 2.9047703913232109e+01 7.4163381539571727e-01 1.5177026231256050e+03 0.0000000000000000e+00 0.0000000000000000e+00 0.0000000000000000e+00 0
1872 24 1 1.1297664099999999e+08 1.1907050800856794e+08 -5.6265132251260631e+07 3.8937422065246054e+06 1.6481868279914114e+01 2.9075982871756160e+01 7.3968277551956618e-01 1.5177026231256050e+03 1.3941320625450044e-02 7.9659642889743070e-03 -3.8360090074100114e-02 0
1873 24 1 1.3132799900000000e+08 -1.4914395089818299e+08 3.4516489676887058e+07 -8.5396896933882907e+06 -2.2260307130516699e+00 -2.8526168192314255e+01 -4.1309128611141288e-01 1.4689571306266987e+03 1.0628610453411948e-01 -7.4104553691327582e-02 -1.1520494777054653e-01 0
1874 24 3 1.3132800000000000e+08 -1.4914395312421092e+08 3.4516461150718279e+07 -8.5396901064794194e+06 -2.2260252215978786e+00 -2.8526169463204742e+01 -4.1309097168154935e-01 1.4689571306266987e+03 0.0000000000000000e+00 0.0000000000000000e+00 0.0000000000000000e+00 156
1875 24 2 1.3132800100000000e+08 -1.4914395538189107e+08 3.4516432290094495e+07 -8.5396905215559863e+06 -2.2260196852025982e+00 -2.8526170743601639e+01 -4.1309065459046251e-01 1.4689571306266985e+03 0.0000000000000000e+00 0.0000000000000000e+00 0.0000000000000000e+00 0
1876 24 1 1.3133664099999999e+08 -1.4916298316683954e+08 3.4269918840825267e+07 -8.5432478843435813e+06 -2.1785534898108927e+00 -2.8537115929716336e+01 -4.1037244055842148e-01 1.4689571306266985e+03 -8.7940527983903685e-02 2.5716993573958197e-03 9.6275862207371485e-02 0
1877 24 1 1.5120000000000000e+08 2.9851128365671750e+07 1.4649988278194508e+08 4.7917585098635190e+05 -2.7855641521913444e+01 7.3227108207066296e+00 -2.0738406959781468e+00 1.3970651822909697e+03 -1.5307208115677065e-01 -3.3984857615665144e-02 -1.5328266944680347e-01 0
1878 24 2 1.5120000200000000e+08 2.9851072654386446e+07 1.4649989742735505e+08 4.7917170330493012e+05 -2.7855643892646416e+01 7.3226991858887054e+00 -2.0738407340334630e+00 1.3970651822909697e+03 0.0000000000000000e+00 0.0000000000000000e+00 0.0000000000000000e+00 0
1879 24 1 1.5120864200000000e+08 2.9610355770634152e+07 1.4656294840364319e+08 4.6125301807964419e+05 -2.7865842740325370e+01 7.2724329408101500e+00 -2.0740020361652229e+00 1.3970651822909697e+03 -1.4711854748022715e-01 -5.7886894817681687e-02 2.6757070187266065e-02 0
1880 24 1 1.7107200000000000e+08 7.1467685843031555e+07 -1.2710802102258131e+08 8.8593700407165606e+06 2.4875412156718212e+01 1.5637439448385749e+01 1.5786965717206494e+00 1.3008213994004627e+03 -2.1177563212776029e-01 -7.0251286016362151e-03 7.2705650527524632e-02 0
1881 24 3 1.7107200100000000e+08 7.1467710718442157e+07 -1.2710800538513918e+08 8.8593716194129400e+06 2.4875409114772655e+01 1.5637444858601349e+01 1.5786961946310776e+00 1.3008213994004627e+03 0.0000000000000000e+00 0.0000000000000000e+00 0.0000000000000000e+00 15
1882 24 2 1.7107200200000000e+08 7.1467735942733854e+07 -1.2710798949290532e+08 8.8593732180831060e+06 2.4875406013993601e+01 1.5637450364989620e+01 1.5786958126918180e+00 1.3008213994004623e+03 0.0000000000000000e+00 0.0000000000000000e+00 0.0000000000000000e+00 0
1883 24 1 1.7108064200000000e+08 7.1682545787813082e+07 -1.2697268004215437e+08 8.8729990667704847e+06 2.4849080949334489e+01 1.5684175313299749e+01 1.5754348632354089e+00 1.3008213994004623e+03 7.0067461128407206e-04 -1.0361362330506746e-01 -2.2361523057861776e-01 0
1884 24 1 1.9008000100000000e+08 -1.1268365402041805e+08 -6.7574101351344422e+07 -1.9713181290878530e+06 1.3664761651273968e+01 -2.9744071242171959e+01 2.9282762869254531e+00 1.2001694951919515e+03 -8.3539421862877470e-03 -2.0216816260138340e-01 2.8228204586791722e-01 0
1885 24 2 1.9008000300000000e+08 -1.1268362669088162e+08 -6.7574160839478880e+07 -1.9713122725350601e+06 1.3664774832287039e+01 -2.9744063337781380e+01 2.9282765175173240e+00 1.2001694951919515e+03 0.0000000000000000e+00 0.0000000000000000e+00 0.0000000000000000e+00 0
1886 24 1 1.9008864300000000e+08 -1.1256531719016889e+08 -6.7831001879156679e+07 -1.9460076794380501e+06 1.3721667093291911e+01 -2.9709863383022199e+01 2.9292659354431927e+00 1.2001694951919515e+03 4.8526928551218068e-02 -7.2773643205920932e-02 -7.0371138965014679e-02 0
1887 24 1 2.0908800100000000e+08 9.7403547756177872e+07 1.0349225716183627e+08 -1.1152596026488453e+07 -2.5517411861633935e+01 1.4108673055923390e+01 -2.8770383489580209e+00 1.0848468933633326e+03 -1.4147892987836906e-03 -2.8131882443184697e-01 -2.4064667441051257e-01 0
1888 24 3 2.0908800200000000e+08 9.7403522238763824e+07 1.0349227127050692e+08 -1.1152598903526541e+07 -2.5517416323549675e+01 1.4108668315091728e+01 -2.8770378380735835e+00 1.0848468933633326e+03 0.0000000000000000e+00 0.0000000000000000e+00 0.0000000000000000e+00 224
1889 24 2 2.0908800300000000e+08 9.7403496485944733e+07 1.0349228555693521e+08 -1.1152601801359616e+07 -2.5517420818848034e+01 1.4108663522225299e+01 -2.8770373244764711e+00 1.0848468933633328e+03 0.0000000000000000e+00 0.0000000000000000e+00 0.0000000000000000e+00 0
1890 24 1 2.0909664300000000e+08 9.7182859485391706e+07 1.0361400731485596e+08 -1.1177440312943436e+07 -2.5555952517028334e+01 1.4067652630011073e+01 -2.8726155609505915e+00 1.0848468933633328e+03 -4.5188468592148223e-01 5.8507322174859355e-03 -8.1714030139797292e-02 0
1891 24 1 2.3414400200000000e+08 1.4012692837192798e+08 -1.0622132936550756e+08 -1.5117986116204455e+06 2.6553617293607901e+00 2.1411743559460408e+01 -4.9187997416396350e+00 8.0511160164745013e+02 -2.8836900553257983e-01 -7.0275300421970610e-02 -3.4484602878532339e-01 0
1892 24 3 2.3414400300000000e+08 1.4012693102728799e+08 -1.0622130795376274e+08 -1.5118035304201590e+06 2.6553583091180033e+00 2.1411746152129066e+01 -4.9187997047393281e+00 8.0511160164745013e+02 0.0000000000000000e+00 0.0000000000000000e+00 0.0000000000000000e+00 265
1893 24 2 2.3414400400000000e+08 1.4012693368264458e+08 -1.0622128654201533e+08 -1.5118084492198355e+06 2.6553548888745229e+00 2.1411748744797681e+01 -4.9187996678388943e+00 8.0511160164745013e+02 0.0000000000000000e+00 0.0000000000000000e+00 0.0000000000000000e+00 0
1894 24 1 2.3415264399999997e+08 1.4014974821435708e+08 -1.0603619226697594e+08 -1.5543054874004633e+06 2.6257780698499218e+00 2.1434147680765133e+01 -4.9184761081778792e+00 8.0511160164745013e+02 -1.5627690008185546e-02 -9.5111239716869383e-02 -1.8665170993524297e-01 0
1895 24 1 2.7734400300000000e+08 6.5864802843885422e+07 -1.8081405753447857e+08 3.4929390185955368e+07 1.7385612060255401e+01 -5.1926322237309364e-01 -5.6675049587853268e+00 6.8023304818957149e+02 8.2205191056148215e-03 -1.4614670208797255e-02 -1.0858780835751234e-02 0
1896 24 3 2.7734400400000000e+08 6.5864820229496859e+07 -1.8081405805374017e+08 3.4929384518450111e+07 1.7385610891874190e+01 -5.1926001489792006e-01 -5.6675055784005508e+00 6.8023304818957149e+02 0.0000000000000000e+00 0.0000000000000000e+00 0.0000000000000000e+00 157
1897 24 2 2.7734400500000000e+08 6.5864837615107134e+07 -1.8081405857299858e+08 3.4929378850944236e+07 1.7385609723492767e+01 -5.1925680742299929e-01 -5.6675061980156221e+00 6.8023304818957149e+02 0.0000000000000000e+00 0.0000000000000000e+00 0.0000000000000000e+00 0
1898 24 1 2.7735264500000000e+08 6.6015005650619261e+07 -1.8081842526060459e+08 3.4880388486626051e+07 1.7375506959264015e+01 -4.9155364889423075e-01 -5.6728540340090765e+00 6.8023304818957149e+02 7.2998858442304554e-03 4.0457704303370166e-03 -5.4208965248625646e-02 0
1899 24 1 3.5510400400000000e+08 5.9135107988073230e+07 -1.6734153846049753e+08 3.8761941662460059e+07 1.8991275418468273e+01 1.2026612231161409e+00 -8.7414148354844059e+00 6.0010000000000002e+02 1.2635401696013966e-02 1.1113333165104364e-02 -2.1882939352467930e-02 0
1900 24 3 3.5510400500000000e+08 5.9135126979347952e+07 -1.6734153725783446e+08 3.8761932921044812e+07 1.8991274109485079e+01 1.2026649272985253e+00 -8.7414156934978262e+00 6.0010000000000002e+02 0.0000000000000000e+00 0.0000000000000000e+00 0.0000000000000000e+00 53
1901 24 4 3.5510400600000000e+08 5.9135145970621370e+07 -1.6734153605516768e+08 3.8761924179628707e+07 1.8991272800501537e+01 1.2026686314806871e+00 -8.7414165515110085e+00 6.0010000000000002e+02 0.0000000000000000e+00 0.0000000000000000e+00 0.0000000000000000e+00 0
1902 25 0 1.2614400000000000e+08 -1.1593691941681635e+07 1.4667603845867226e+08 -7.6100857373591098e+03 -3.0192396725365505e+01 -2.4652251817661592e+00 -1.4498002857208210e-04 1.6746388104246985e+03 0.0000000000000000e+00 0.0000000000000000e+00 0.0000000000000000e+00 0
1903 25 1 1.2615263999999999e+08 -1.1854536084072281e+07 1.4665451081890225e+08 -7.6113265292280321e+03 -3.0188176131050245e+01 -2.5180235943222318e+00 -1.4224023073376678e-04 1.6746388104246985e+03 -2.6648550267849114e-01 -2.7793744896608447e-01 1.0403459157192073e-01 0
1904 25 1 1.9699199900000000e+08 1.5590437126491073e+08 -3.9632302626107477e+07 5.1617096011753492e+07 -1.7950586951761817e+01 1.9362913691249325e+01 4.7188302640667440e-01 9.6768213559915080e+02 -2.0273528795484663e-01 -2.2848117664024462e-01 2.5221120733776398e-01 0
1905 25 3 1.9699200000000000e+08 1.5590435331432167e+08 -3.9632283263193272e+07 5.1617096483635806e+07 -1.7950591242788846e+01 1.9362914782067040e+01 4.7188160572573984e-01 9.6768213559915080e+02 0.0000000000000000e+00 0.0000000000000000e+00 0.0000000000000000e+00 139
1906 25 2 1.9699200100000000e+08 1.5590433536372831e+08 -3.9632263900277987e+07 5.1617096955516703e+07 -1.7950595533816976e+01 1.9362915872884628e+01 4.7188018504426332e-01 9.6768213559915080e+02 0.0000000000000000e+00 0.0000000000000000e+00 0.0000000000000000e+00 0
1907 25 1 1.9700064100000000e+08 1.5574908193779892e+08 -3.9464927606265940e+07 5.1621120915333785e+07 -1.7987711261953550e+01 1.9372335783416485e+01 4.5958523649023081e-01 9.6768213559915080e+02 1.5949626207226536e-01 8.0441361759376259e-02 -2.3429045216032390e-01 0
1908 25 1 2.3241600000000000e+08 1.4633162230943751e+08 4.2150416839607917e+07 -8.1074794858466946e+06 -2.4815369291846938e+01 1.7290895561648448e+01 -2.2821613428285774e+00 6.9843610844038005e+02 1.5308334943594712e-01 9.4342852024510954e-02 -2.4257915325067933e-01 0
1909 25 3 2.3241600100000000e+08 1.4633159749406552e+08 4.2150434130502656e+07 -8.1074817680078810e+06 -2.4815374767879646e+01 1.7290893984292001e+01 -2.2821610394298166e+00 6.9843610844038005e+02 0.0000000000000000e+00 0.0000000000000000e+00 0.0000000000000000e+00 64
1910 25 2 2.3241600200000000e+08 1.4633157267868808e+08 4.2150451421395816e+07 -8.1074840501687638e+06 -2.4815380243913456e+01 1.7290892406934319e+01 -2.2821607360308582e+00 6.9843610844038005e+02 0.0000000000000000e+00 0.0000000000000000e+00 0.0000000000000000e+00 0
1911 25 1 2.3242464200000000e+08 1.4611696328224120e+08 4.2299785724389561e+07 -8.1271905732768215e+06 -2.4862734596717853e+01 1.7277217892623113e+01 -2.2795319544907500e+00 6.9843610844038005e+02 8.2058367060675749e-02 -8.7833904880478316e-03 5.0899420865524563e-02 0
1912 25 1 2.6784000100000000e+08 1.8420944878413165e+08 7.6336402216609061e+07 3.9408085547322049e+06 -1.7763972795677773e+01 1.5286513308382316e+01 -1.5883351633646143e+00 6.0010000000000002e+02 1.0312440180451705e-01 4.7808944103425642e-02 5.2528521984237554e-02 0
1913 25 3 2.6784000200000000e+08 1.8420943102015734e+08 7.6336417503121704e+07 3.9408069663970121e+06 -1.7763975877400572e+01 1.5286512031316088e+01 -1.5883352292921646e+00 6.0010000000000002e+02 0.0000000000000000e+00 0.0000000000000000e+00 0.0000000000000000e+00 259
1914 25 4 2.6784000300000000e+08 1.8420941325617996e+08 7.6336432789633065e+07 3.9408053780617532e+06 -1.7763978959123570e+01 1.5286510754249402e+01 -1.5883352952196987e+00 6.0010000000000002e+02 0.0000000000000000e+00 0.0000000000000000e+00 0.0000000000000000e+00 0
1915 26 0 1.5768000000000000e+08 -9.6109409202420656e+06 1.4682468195087072e+08 -7.5998868095329808e+03 -3.0221391306880697e+01 -2.0639017545231844e+00 -1.6577765535012091e-04 1.6557024974059914e+03 0.0000000000000000e+00 0.0000000000000000e+00 0.0000000000000000e+00 0
1916 26 1 1.5768864000000000e+08 -9.8720386608378179e+06 1.4680662153750533e+08 -7.6013073099569965e+03 -3.0217884825165282e+01 -2.1167485358829539e+00 -1.6304179519894808e-04 1.6557024974059914e+03 8.5100519728286542e-02 6.9324549830397347e-02 5.0123275229267883e-03 0
1917 26 1 1.9483199900000000e+08 -1.4891637990475780e+08 4.4415750729598321e+07 -3.4184305828406976e+05 -7.0864817784406737e+00 -2.7496467464931808e+01 -4.9960307465220536e-03 1.5883266123250853e+03 2.8786068393077617e-02 1.1634136316723855e-02 -1.9641421628339355e-02 0
1918 26 2 1.9483200100000000e+08 -1.4891639407771078e+08 4.4415695736660361e+07 -3.4184306827610708e+05 -7.0864712458217047e+00 -2.7496470606385198e+01 -4.9960065685064232e-03 1.5883266123250853e+03 0.0000000000000000e+00 0.0000000000000000e+00 0.0000000000000000e+00 0
1919 26 1 1.9484064100000000e+08 -1.4897742458673331e+08 4.4178067704662398e+07 -3.4188578250733437e+05 -7.0409569368829157e+00 -2.7510006582362408e+01 -4.8915416751001460e-03 1.5883266123250853e+03 2.8412799705885655e-01 1.3145414046982490e-01 1.0729837920509666e-01 0
1920 26 1 2.3198399900000000e+08 -1.5924291159685102e+08 7.3506957531780973e+07 -1.4689300252231369e+07 1.0340148745681714e+00 -2.4231043120880770e+01 -6.8021300520910022e-01 1.2506566664906957e+03 3.2803575180292355e-01 1.3301696841667870e-01 -2.6002197040606273e-01 0
1921 26 3 2.3198400000000000e+08 -1.5924291056283420e+08 7.3506933300737008e+07 -1.4689300932444194e+07 1.0340187507605201e+00 -2.4231044910141325e+01 -6.8021264765123990e-01 1.2506566664906957e+03 0.0000000000000000e+00 0.0000000000000000e+00 0.0000000000000000e+00 108
1922 26 2 2.3198400100000000e+08 -1.5924290957138863e+08 7.3506908545434386e+07 -1.4689301590547705e+07 1.0340226878587588e+00 -2.4231046723158379e+01 -6.8021228597949557e-01 1.2506566664906966e+03 0.0000000000000000e+00 0.0000000000000000e+00 0.0000000000000000e+00 0
1923 26 1 2.3199264100000000e+08 -1.5923383086176836e+08 7.3297485545343399e+07 -1.4695165269927025e+07 1.0675392029386801e+00 -2.4246496422319840e+01 -6.7711986238210720e-01 1.2506566664906966e+03 -3.4974916978116660e-01 -1.2924409274837040e-01 5.1773521043556626e-02 0
1924 26 1 2.6740800000000000e+08 4.0847908922896117e+07 -1.3830303407340312e+08 4.1568711614155858e+06 2.8102675788372075e+01 8.3828623292591100e+00 2.6576104327279189e+00 9.0563520233200700e+02 -3.3644247309385417e-01 -1.8897248747818438e-01 5.2368616574403865e-02 0
1925 26 3 2.6740800100000000e+08 4.0847937025570951e+07 -1.3830302569053778e+08 4.1568738190259212e+06 2.8102673983019447e+01 8.3828684418278883e+00 2.6576102490069329e+00 9.0563520233200700e+02 0.0000000000000000e+00 0.0000000000000000e+00 0.0000000000000000e+00 58
1926 26 2 2.6740800200000000e+08 4.0847965128243975e+07 -1.3830301730766630e+08 4.1568764766360731e+06 2.8102672177665571e+01 8.3828745543962988e+00 2.6576100652858297e+00 9.0563520233200700e+02 0.0000000000000000e+00 0.0000000000000000e+00 0.0000000000000000e+00 0
1927 26 1 2.6741664200000000e+08 4.1090704697852731e+07 -1.3823036116097096e+08 4.1798313576186989e+06 2.8087027558761982e+01 8.4356733040910417e+00 2.6560183306719920e+00 9.0563520233200700e+02 1.1673875685239289e-01 -3.4374277603012504e-01 -7.9492357101583727e-02 0
1928 26 1 2.7864000100000000e+08 6.1057935150424130e+07 1.0609027079743822e+08 1.1428364467308291e+06 -3.0057070550522504e+01 8.9557051119066990e+00 -3.2149359139535134e+00 7.9483832472739607e+02 1.4791178858680834e-01 -3.5896115176947946e-01 -1.0929043194182153e-01 0
1929 26 2 2.7864000300000000e+08 6.1057875036274306e+07 1.0609028870883305e+08 1.1428300168588487e+06 -3.0057079385780142e+01 8.9556897603325929e+00 -3.2149360793248283e+00 7.9483832472739607e+02 0.0000000000000000e+00 0.0000000000000000e+00 0.0000000000000000e+00 0
1930 26 1 2.7864864300000000e+08 6.0798017132770255e+07 1.0616737915454590e+08 1.1150499063576974e+06 -3.0095195773644331e+01 8.8892957548391642e+00 -3.2156423398171547e+00 7.9483832472739607e+02 -6.6204512398591320e-03 -3.0675297328157941e-01 4.4495005014694555e-02 0
1931 26 1 2.8987200100000000e+08 8.6901016515609115e+07 -1.1200581827088779e+08 1.2816155270760043e+07 2.9385973893644167e+01 6.9435106629738961e+00 2.3382122743344258e+00 7.0556555002964228e+02 2.0019166197582106e-01 -2.7064888251057856e-01 1.8808966993101361e-02 0
1932 26 3 2.8987200200000000e+08 8.6901045901580960e+07 -1.1200581132737456e+08 1.2816157608972019e+07 2.9385969894803178e+01 6.9435158170375155e+00 2.3382116845857079e+00 7.0556555002964228e+02 0.0000000000000000e+00 0.0000000000000000e+00 0.0000000000000000e+00 151
1933 26 2 2.8987200300000000e+08 8.6901075290404007e+07 -1.1200580422135633e+08 1.2816159940189382e+07 2.9385965897069738e+01 6.9435210176214630e+00 2.3382110928729909e+00 7.0556555002964251e+02 0.0000000000000000e+00 0.0000000000000000e+00 0.0000000000000000e+00 0
1934 26 1 2.8988064300000000e+08 8.7154820749478847e+07 -1.1194562000782782e+08 1.2836340077170147e+07 2.9351405391000998e+01 6.9879887999472166e+00 2.3331175359660992e+00 7.0556555002964251e+02 -3.0877266161578643e-01 8.4553894130524165e-02 7.3770022474887967e-02 0
1935 26 1 2.9721600200000000e+08 1.8460882305444759e+08 1.2894478648188051e+07 2.0778318489904061e+07 -1.9726879629670573e+00 2.1062168249791370e+01 2.2033246499086617e-01 6.5526139557023293e+02 -1.1166778881086913e-01 1.1426175012951402e-01 1.7119582728125246e-01 0
1936 26 2 2.9721600400000000e+08 1.8460881910906407e+08 1.2894520772523938e+07 2.0778318930568136e+07 -1.9726955505780890e+00 2.1062167719814266e+01 2.2033161098075249e-01 6.5526139557023293e+02 0.0000000000000000e+00 0.0000000000000000e+00 0.0000000000000000e+00 0
1937 26 1 2.9722464400000000e+08 1.8459163341772589e+08 1.3076487964215312e+07 2.0780206656971864e+07 -2.0054735961482728e+00 2.1059861983272668e+01 2.1664199674109846e-01 6.5526139557023293e+02 -1.5610247935008770e-01 1.6682236554092864e-01 1.8666253355329010e-01 0
1938 26 1 3.0456000200000000e+08 5.9961845677777097e+07 1.3031679188227758e+08 1.5001210167105677e+07 -3.1426649894064056e+01 4.2087151072327620e+00 -2.3986777862566364e+00 6.0010000000000161e+02 -3.3323773022710756e-01 3.1121969928802458e-02 2.5790301472822959e-02 0
1939 26 3 3.0456000300000000e+08 5.9961814251125939e+07 1.3031679609098980e+08 1.5001207768427564e+07 -3.1426652546225366e+01 4.2087093432132416e+00 -2.3986784497725089e+00 6.0010000000000161e+02 0.0000000000000000e+00 0.0000000000000000e+00 0.0000000000000000e+00 277
1940 26 4 3.0456000400000000e+08 5.9961782800166205e+07 1.3031680028584614e+08 1.5001205366346434e+07 -3.1426655204460808e+01 4.2087035756300049e+00 -2.3986791141745218e+00 6.0010000000000002e+02 0.0000000000000000e+00 0.0000000000000000e+00 0.0000000000000000e+00 0
1941 27 0 1.8921600000000000e+08 -7.6264648512311969e+06 1.4694697229390466e+08 -7.5883237993396606e+03 -3.0244958538330305e+01 -1.6622538041475043e+00 -1.8654315030277717e-04 1.9102674840972322e+03 0.0000000000000000e+00 0.0000000000000000e+00 0.0000000000000000e+00 0
1942 27 1 1.8922464000000000e+08 -7.8877692998716626e+06 1.4693238195397624e+08 -7.5899237329273301e+03 -3.0242166668808270e+01 -1.7151389654042386e+00 -1.8381174349562325e-04 1.9102674840972322e+03 7.7391588766534646e-03 -1.3698913150439698e-01 -2.4325083622387601e-03 0
1943 27 1 2.2291199900000000e+08 1.0734733918246277e+07 1.4830599973841098e+08 2.7489545735587156e+05 -2.9899343417336990e+01 -1.7891176099146124e+00 -7.3224486387625575e-04 1.7914945099467634e+03 3.4627467850516278e-02 -1.3561892289606839e-01 1.2066602410622096e-02 0
1944 27 2 2.2291200100000000e+08 1.0734674119558694e+07 1.4830599616016379e+08 2.7489545589135966e+05 -2.9899344283997937e+01 -1.7891295833249152e+00 -7.3226705742296307e-04 1.7914945099467634e+03 0.0000000000000000e+00 0.0000000000000000e+00 0.0000000000000000e+00 0
1945 27 1 2.2292064100000000e+08 1.0476327737099886e+07 1.4829031458458927e+08 2.7488871482746804e+05 -2.9903044464419345e+01 -1.8408697790211028e+00 -8.2817499587503271e-04 1.7914945099467634e+03 8.4558269258836853e-03 -1.4285240342454630e-01 6.7646599245327621e-03 0
1946 27 1 2.5660799900000000e+08 3.4307131813812129e+07 1.4693314784161249e+08 4.7335064241891424e+05 -2.9466031421354938e+01 -1.3483344069279621e+00 -3.6207507020424930e-03 1.6686943734352562e+03 3.3578834476121179e-02 -1.3935525394644788e-01 6.0643131590828276e-03 0
1947 27 3 2.5660800000000000e+08 3.4307102347780101e+07 1.4693314649327525e+08 4.7335063879815437e+05 -2.9466032746764082e+01 -1.3483400834917108e+00 -3.6207689893053654e-03 1.6686943734352562e+03 0.0000000000000000e+00 0.0000000000000000e+00 0.0000000000000000e+00 166
1948 27 2 2.5660800100000000e+08 3.4307072642135769e+07 1.4693314521896157e+08 4.7335063496162457e+05 -2.9466034064130255e+01 -1.3483457977218474e+00 -3.6207872542182587e-03 1.6686943734352571e+03 0.0000000000000000e+00 0.0000000000000000e+00 0.0000000000000000e+00 0
1949 27 1 2.5661664100000000e+08 3.4052436736997925e+07 1.4692128354299718e+08 4.7331866849300981e+05 -2.9477450940292442e+01 -1.3974231315210330e+00 -3.7788927681259169e-03 1.6686943734352571e+03 -1.5722936155904008e-01 -1.2705341722254057e-01 -2.2045175203576139e-01 0
1950 27 1 3.2054400000000000e+08 1.2824887181142513e+08 7.7011431211641848e+07 -4.0590191122312434e+07 -2.5978101544517479e+01 1.2465548322382350e+01 -8.8486643942323773e-01 1.1488883677379608e+03 -8.2408403141482928e-02 -1.2159368733032262e-01 -3.1220694095392171e-01 0
1951 27 3 3.2054400100000000e+08 1.2824884583332135e+08 7.7011443677188769e+07 -4.0590192007178150e+07 -2.5978106114771712e+01 1.2465545578016037e+01 -8.8486499295816645e-01 1.1488883677379608e+03 0.0000000000000000e+00 0.0000000000000000e+00 0.0000000000000000e+00 218
1952 27 2 3.2054400200000000e+08 1.2824881985521302e+08 7.7011456142732948e+07 -4.0590192892042421e+07 -2.5978110685026348e+01 1.2465542833648479e+01 -8.8486354649264165e-01 1.1488883677379608e+03 0.0000000000000000e+00 0.0000000000000000e+00 0.0000000000000000e+00 0
1953 27 1 3.2055264200000000e+08 1.2802419835128649e+08 7.7119055865900859e+07 -4.0597784075259902e+07 -2.6017612880228373e+01 1.2441784977107602e+01 -8.7234914039430844e-01 1.1488883677379608e+03 -5.6715391231346647e-02 2.0671100528522408e-02 1.1286552269551954e-01 0
1954 27 1 3.8448000100000000e+08 1.4231285102147499e+08 4.4690364958397172e+07 1.9573444401845308e+06 -2.5027324392705562e+01 1.6416634720762804e+01 -1.7905622076099277e+00 9.2047623077005710e+02 -4.8220611425272591e-02 3.3479658832434541e-03 1.4544224331701031e-01 0
1955 27 3 3.8448000200000000e+08 1.4231282599414781e+08 4.4690381375030965e+07 1.9573426496222876e+06 -2.5027330081804052e+01 1.6416632934220306e+01 -1.7905622858566996e+00 9.2047623077005710e+02 0.0000000000000000e+00 0.0000000000000000e+00 0.0000000000000000e+00 232
1956 27 2 3.8448000300000000e+08 1.4231280096681494e+08 4.4690397791662976e+07 1.9573408590599662e+06 -2.5027335770903715e+01 1.6416631147676465e+01 -1.7905623641034294e+00 9.2047623077005710e+02 0.0000000000000000e+00 0.0000000000000000e+00 0.0000000000000000e+00 0
1957 27 1 3.8448864300000000e+08 1.4209635231524599e+08 4.4832170658310071e+07 1.9418674841841387e+06 -2.5076533349871063e+01 1.6401145361574653e+01 -1.7912368546027955e+00 9.2047623077005710e+02 -1.2299137174351155e-02 1.9499768756977706e-01 -3.6882601407741356e-02 0
1958 27 1 4.1212800200000000e+08 1.1981900061795279e+08 8.2888736000801176e+07 -3.7675503173289443e+06 -2.4573060996850945e+01 2.0745910718167988e+01 -2.0461418857710116e+00 7.2444655554804069e+02 1.4353854553851522e-01 3.3588138324186745e-01 -3.7279243842607494e-02 0
1959 27 3 4.1212800300000000e+08 1.1981897604488927e+08 8.2888756746710077e+07 -3.7675523634707448e+06 -2.4573066133321024e+01 2.0745907164844997e+01 -2.0461417242614295e+00 7.2444655554804069e+02 0.0000000000000000e+00 0.0000000000000000e+00 0.0000000000000000e+00 158
1960 27 2 4.1212800400000000e+08 1.1981895147182062e+08 8.2888777492615417e+07 -3.7675544096123846e+06 -2.4573071269790937e+01 2.0745903611520511e+01 -2.0461415627517314e+00 7.2444655554804069e+02 0.0000000000000000e+00 0.0000000000000000e+00 0.0000000000000000e+00 0
1961 27 1 4.1213664400000000e+08 1.1960644843676993e+08 8.3067889311349764e+07 -3.7852270319755888e+06 -2.4617443958349920e+01 2.0715146861910025e+01 -2.0447418053052888e+00 7.2444655554804069e+02 2.8978091084129173e-02 9.8948931916305369e-02 1.2116677096949588e-02 0
1962 27 1 4.4236800300000000e+08 1.3755754911178938e+08 4.2053019926050559e+07 -1.0404942401117802e+07 -1.0895455737736945e+01 3.1435980564311560e+01 -2.5301186742745090e+00 6.0010000000000002e+02 1.1343484270384176e-01 1.4128859849624539e-01 -1.5502094864145774e-01 0
1963 27 3 4.4236800400000000e+08 1.3755753821633062e+08 4.2053051362030134e+07 -1.0404944931236239e+07 -1.0895461823831214e+01 3.1435978703717574e+01 -2.5301182139183100e+00 6.0010000000000002e+02 0.0000000000000000e+00 0.0000000000000000e+00 0.0000000000000000e+00 147
1964 27 4 4.4236800500000000e+08 1.3755752732086578e+08 4.2053082798007846e+07 -1.0404947461354218e+07 -1.0895467909925131e+01 3.1435976843122152e+01 -2.5301177535619885e+00 6.0010000000000002e+02 0.0000000000000000e+00 0.0000000000000000e+00 0.0000000000000000e+00 0
1965 28 0 2.5228800000000000e+08 -3.6537631423654649e+06 1.4711242327438480e+08 -7.5611147384557571e+03 -3.0275799450122680e+01 -8.5828795530791269e-01 -2.2796210399204857e-04 1.3896474401470650e+03 0.0000000000000000e+00 0.0000000000000000e+00 0.0000000000000000e+00 0
1966 28 1 2.5229664000000000e+08 -3.9153402346808715e+06 1.4710477899918574e+08 -7.5630725770397667e+03 -3.0274437709913975e+01 -9.1121989868533460e-01 -2.2524114607111903e-04 1.3896474401470650e+03 -6.8958298393880912e-04 -1.8829844994094431e-03 -8.7328571348966252e-03 0
1967 28 1 2.8252799900000000e+08 3.8286419728134789e+07 1.4089290718229508e+08 3.9029363912926539e+05 -2.9540234528276365e+01 7.4821318892009083e+00 7.5507632029786125e-03 1.3801941356459279e+03 -1.4915723145427646e-02 -1.1964341357672012e-02 1.2566684236549568e-02 0
1968 28 2 2.8252800100000000e+08 3.8286360647662587e+07 1.4089292214654681e+08 3.9029365423075849e+05 -2.9540237793422506e+01 7.4821198735484886e+00 7.5507299178924773e-03 1.3801941356459279e+03 0.0000000000000000e+00 0.0000000000000000e+00 0.0000000000000000e+00 0
1969 28 1 2.8253664100000000e+08 3.8031072191241160e+07 1.4095734338011235e+08 3.9035827130386222e+05 -2.9554296846536200e+01 7.4301979479028022e+00 7.4069196892054615e-03 1.3801941356459279e+03 -1.3973498114684749e-01 -1.3447735556003318e-01 3.3472567143077066e-02 0
1970 28 1 3.1276799900000000e+08 1.5519579277423379e+08 2.8383407202366080e+07 -9.6686111497201286e+06 -1.1239326523487197e+01 2.5878820460851280e+01 -3.5047950888365603e-01 1.2177207773067894e+03 -1.2871861167196108e-01 -6.8595323283148726e-02 -2.3764013837716938e-01 0
1971 28 3 3.1276800000000000e+08 1.5519578153490466e+08 2.8383433081186015e+07 -9.6686115001994763e+06 -1.1239331738758269e+01 2.5878819507041690e+01 -3.5047918397516542e-01 1.2177207773067894e+03 0.0000000000000000e+00 0.0000000000000000e+00 0.0000000000000000e+00 138
1972 28 2 3.1276800100000000e+08 1.5519577051056945e+08 2.8383458709696338e+07 -9.6686118588215131e+06 -1.1239336892839585e+01 2.5878818549032985e+01 -3.5047886187312716e-01 1.2177207773067898e+03 0.0000000000000000e+00 0.0000000000000000e+00 0.0000000000000000e+00 0
1973 28 1 3.1277664100000000e+08 1.5509846795373344e+08 2.8607015995232537e+07 -9.6716278635539766e+06 -1.1284406251154277e+01 2.5870540838070294e+01 -3.4766974666200756e-01 1.2177207773067898e+03 -7.3613758551802383e-02 3.3481223993935594e-01 6.0852512804043336e-02 0
1974 28 1 3.4041600000000000e+08 9.9032318863855004e+07 -1.0348832075562476e+08 1.2547913234715277e+07 1.4682272641516780e+01 2.6610047590408779e+01 -1.4430479775794265e+00 9.8838799612992489e+02 -1.1480918833538386e-02 1.6543897182800357e-01 3.0737002415849196e-01 0
1975 28 3 3.4041600100000000e+08 9.9032333546125412e+07 -1.0348829414557491e+08 1.2547911791667022e+07 1.4682268220416443e+01 2.6610052210437491e+01 -1.4430485377559099e+00 9.8838799612992489e+02 0.0000000000000000e+00 0.0000000000000000e+00 0.0000000000000000e+00 31
1976 28 2 3.4041600200000000e+08 9.9032348228391394e+07 -1.0348826753552045e+08 1.2547910348618207e+07 1.4682263799314605e+01 2.6610056830465904e+01 -1.4430490979324360e+00 9.8838799612992489e+02 0.0000000000000000e+00 0.0000000000000000e+00 0.0000000000000000e+00 0
1977 28 1 3.4042464200000000e+08 9.9159037809428841e+07 -1.0325818423568828e+08 1.2535421491347609e+07 1.4644009416224600e+01 2.6649962470708740e+01 -1.4478906155378481e+00 9.8838799612992489e+02 -1.8031755576862773e-02 1.8700523429700580e-01 -1.2638710722129284e-01 0
1978 28 1 4.0435200100000000e+08 -3.8363177750670351e+07 -1.0659880199808206e+08 -3.8731960848255560e+07 2.8390146849371856e+01 2.2035985371897524e+01 1.3461802618985708e+00 6.0010000000000002e+02 -9.0289706574058201e-02 1.6893057031129241e-01 -1.6771646939312518e-01 0
1979 28 3 4.0435200200000000e+08 -3.8363149360522076e+07 -1.0659877996209261e+08 -3.8731959502073802e+07 2.8390149815708547e+01 2.2035993614385259e+01 1.3461832567515499e+00 6.0010000000000002e+02 0.0000000000000000e+00 0.0000000000000000e+00 0.0000000000000000e+00 179
1980 28 4 4.0435200300000000e+08 -3.8363120970370829e+07 -1.0659875792609490e+08 -3.8731958155889049e+07 2.8390152782045210e+01 2.2036001856877309e+01 1.3461862516066121e+00 6.0010000000000002e+02 0.0000000000000000e+00 0.0000000000000000e+00 0.0000000000000000e+00 0
1981 29 0 9.4608000000000000e+07 -1.3574361809391569e+07 1.4650106560852239e+08 -7.6189186023860157e+03 -2.8933893183768546e+01 -1.4549929498238925e+00 -2.8636414281988229e+00 7.0688192970345131e+02 0.0000000000000000e+00 0.0000000000000000e+00 0.0000000000000000e+00 0
1982 29 1 9.4616639999999985e+07 -1.3824329406046264e+07 1.4648826663732621e+08 -3.2360755867317530e+04 -2.8928961591280888e+01 -1.5077292083793841e+00 -2.8636342322653658e+00 7.0688192970345131e+02 -1.3209186301924513e-03 -2.0134946197247188e-02 -3.9714185794432789e-02 0
1983 29 1 1.1944799900000000e+08 9.9897094679833949e+07 1.0280893220685837e+08 1.3310622644793807e+07 -2.0483836280765026e+01 2.1502381445718793e+01 -1.5993971608222397e+00 6.8400006365138745e+02 -4.9815562127328130e-03 -3.5781309988551134e-02 4.1570399537670978e-02 0
1984 29 2 1.1944800100000000e+08 9.9897053712152585e+07 1.0280897521161203e+08 1.3310619445998305e+07 -2.0483845166889388e+01 2.1502372300574603e+01 -1.5993983448392379e+00 6.8400006365138745e+02 0.0000000000000000e+00 0.0000000000000000e+00 0.0000000000000000e+00 0
1985 29 1 1.1945664099999999e+08 9.9719907561395675e+07 1.0299458494534327e+08 1.3296778556672348e+07 -2.0522195762329016e+01 2.1462833132136112e+01 -1.6045101827253068e+00 6.8400006365138745e+02 6.9330722378918986e-04 -2.3146494076520797e-02 -3.5893104559286203e-02 0
1986 29 1 1.4428799900000000e+08 1.4376263436976132e+08 6.3415596855892930e+06 1.7382274978224188e+07 2.6560018496144814e-02 2.9652497924138551e+01 9.6754651452180729e-01 6.6763416998290973e+02 -2.8770935511153047e-03 -1.4792330161513084e-02 2.6604977862209483e-02 0
1987 29 3 1.4428800000000000e+08 1.4376263439631820e+08 6.3415893380870195e+06 1.7382275945770320e+07 2.6553753556387991e-02 2.9652497647783132e+01 9.6754575703075918e-01 6.6763416998290973e+02 0.0000000000000000e+00 0.0000000000000000e+00 0.0000000000000000e+00 219
1988 29 2 1.4428800100000000e+08 1.4376263434822443e+08 6.3416190020835269e+06 1.7382276905092638e+07 2.6547479908163051e-02 2.9652497385776957e+01 9.6754499891208579e-01 6.6763416998291041e+02 0.0000000000000000e+00 0.0000000000000000e+00 0.0000000000000000e+00 0
1989 29 1 1.4429664100000000e+08 1.4376262990083355e+08 6.5978061265130285e+06 1.7390608218581114e+07 -2.7574647900148169e-02 2.9650061743719696e+01 9.6099954796359421e-01 6.6763416998291041e+02 1.3846680803900127e-01 -1.0985395120163557e-01 -1.2358344239212726e-01 0
1990 29 1 1.5940800000000000e+08 -1.0098130660153890e+08 -3.4644064234891541e+07 -1.3607825241951212e+07 1.5409482321469902e+01 -3.4139149910247937e+01 2.1908549547211322e+00 6.2188923317089836e+02 3.7346525284099666e-02 3.1782798091944904e-02 9.4245658527450080e-02 0
1991 29 2 1.5940800200000000e+08 -1.0098127578255281e+08 -3.4644132513183847e+07 -1.3607820860238414e+07 1.5409503823181623e+01 -3.4139142533560552e+01 2.1908578522032793e+00 6.2188923317089836e+02 0.0000000000000000e+00 0.0000000000000000e+00 0.0000000000000000e+00 0
1992 29 1 1.5941664200000000e+08 -1.0084773645208134e+08 -3.4938956605668336e+07 -1.3588837783294681e+07 1.5502371691045436e+01 -3.4107125145144572e+01 2.2033718890084848e+00 6.2188923317089836e+02 9.8986463844981373e-02 1.1315712195535291e-02 2.8390437620753318e-02 0
1993 29 1 1.7452800000000000e+08 6.9180574863288715e+07 1.4545472931647670e+08 7.7639610244031595e+06 -2.2538374556677592e+01 1.1739628446852029e+01 -3.3941963825364700e+00 6.0009999999999980e+02 -2.0313040959351391e-02 2.5160041618397945e-02 -4.5555100141926069e-02 0
1994 29 3 1.7452800100000000e+08 6.9180552324913114e+07 1.4545474105610281e+08 7.7639576302066613e+06 -2.2538376746217132e+01 1.1739623843262843e+01 -3.3941966282629443e+00 6.0009999999999980e+02 0.0000000000000000e+00 0.0000000000000000e+00 0.0000000000000000e+00 148
1995 29 4 1.7452800200000000e+08 6.9180529535559207e+07 1.4545475290891722e+08 7.7639542009016406e+06 -2.2538378949172444e+01 1.1739619217905233e+01 -3.3941968755767382e+00 6.0010000000000002e+02 0.0000000000000000e+00 0.0000000000000000e+00 0.0000000000000000e+00 0
